Review_ID,Text,Rating,Sentiment
REV1000,"kualitas super, sangat manis. Sangat merekomendasikan.",4,Positif
REV1001,"murah dan bagus, packing aman. Sangat merekomendasikan.",5,Positif
REV1002,"segar sekali, murah dan bagus. Sangat merekomendasikan.",4,Positif
REV1003,"kualitas super, cukup. Sangat merekomendasikan.",4,Positif
REV1004,"kualitas super, not bad. Sangat merekomendasikan.",5,Positif
REV1005,"seller ramah, kualitas super. Sangat merekomendasikan.",5,Positif
REV1006,"apel busuk, benar-benar rasa hambar. Tidak akan beli lagi.",2,Negatif
REV1007,"segar sekali, packing aman. Sangat merekomendasikan.",5,Positif
REV1008,"Barang not bad, pengiriman standar.",3,Netral
REV1009,"mantap, sangat manis. Sangat merekomendasikan.",5,Positif
REV1010,"Barang not bad, pengiriman standar.",3,Netral
REV1011,"kecewa, benar-benar jelek. Tidak akan beli lagi.",2,Negatif
REV1012,"seller ramah, packing aman. Sangat merekomendasikan.",5,Positif
REV1013,"packing aman, not bad. Sangat merekomendasikan.",4,Positif
REV1014,"ukuran kecil, benar-benar apel busuk. Tidak akan beli lagi.",2,Negatif
REV1015,"pengiriman cepat, biasa saja. Sangat merekomendasikan.",5,Positif
REV1016,"renyah, buahnya besar. Sangat merekomendasikan.",5,Positif
REV1017,"pengiriman cepat, seller ramah. Sangat merekomendasikan.",5,Positif
REV1018,"renyah, segar sekali. Sangat merekomendasikan.",4,Positif
REV1019,"Barang sesuai harga, pengiriman standar.",3,Netral
REV1020,"seller ramah, segar sekali. Sangat merekomendasikan.",4,Positif
REV1021,"banyak yang bonyok, benar-benar banyak yang bonyok. Tidak akan beli lagi.",1,Negatif
REV1022,"mantap, buahnya besar. Sangat merekomendasikan.",5,Positif
REV1023,"Barang lumayan, pengiriman standar.",3,Netral
REV1024,"Barang cukup, pengiriman standar.",3,Netral
REV1025,"Barang not bad, pengiriman standar.",3,Netral
REV1026,"kualitas super, standar. Sangat merekomendasikan.",4,Positif
REV1027,"kualitas super, cukup. Sangat merekomendasikan.",5,Positif
REV1028,"murah dan bagus, bisa dimakan. Sangat merekomendasikan.",4,Positif
REV1029,"banyak yang bonyok, benar-benar hancur. Tidak akan beli lagi.",2,Negatif
REV1030,"segar sekali, pengiriman cepat. Sangat merekomendasikan.",5,Positif
REV1031,"sangat manis, packing aman. Sangat merekomendasikan.",5,Positif
REV1032,"ukuran kecil, benar-benar rasa hambar. Tidak akan beli lagi.",2,Negatif
REV1033,"segar sekali, segar sekali. Sangat merekomendasikan.",5,Positif
REV1034,"seller ramah, buahnya besar. Sangat merekomendasikan.",5,Positif
REV1035,"packing aman, sesuai harga. Sangat merekomendasikan.",5,Positif
REV1036,"pengiriman lambat, benar-benar banyak yang bonyok. Tidak akan beli lagi.",2,Negatif
REV1037,"renyah, seller ramah. Sangat merekomendasikan.",5,Positif
REV1038,"murah dan bagus, pengiriman cepat. Sangat merekomendasikan.",5,Positif
REV1039,"mantap, renyah. Sangat merekomendasikan.",5,Positif
REV1040,"buahnya besar, packing aman. Sangat merekomendasikan.",4,Positif
REV1041,"Barang standar, pengiriman standar.",3,Netral
REV1042,"Barang cukup, pengiriman standar.",3,Netral
REV1043,"kurang segar, benar-benar ukuran kecil. Tidak akan beli lagi.",1,Negatif
REV1044,"Barang not bad, pengiriman standar.",3,Netral
REV1045,"segar sekali, lumayan. Sangat merekomendasikan.",5,Positif
REV1046,"apel busuk, benar-benar kecewa. Tidak akan beli lagi.",1,Negatif
REV1047,"sangat manis, lumayan. Sangat merekomendasikan.",4,Positif
REV1048,"seller ramah, buahnya besar. Sangat merekomendasikan.",4,Positif
REV1049,"Barang sesuai harga, pengiriman standar.",3,Netral
REV1050,"kecewa, benar-benar hancur. Tidak akan beli lagi.",2,Negatif
REV1051,"renyah, seller ramah. Sangat merekomendasikan.",4,Positif
REV1052,"Barang cukup, pengiriman standar.",3,Netral
REV1053,"kurang segar, benar-benar harga mahal. Tidak akan beli lagi.",1,Negatif
REV1054,"pengiriman lambat, benar-benar ukuran kecil. Tidak akan beli lagi.",1,Negatif
REV1055,"pengiriman cepat, packing aman. Sangat merekomendasikan.",4,Positif
REV1056,"jelek, benar-benar jelek. Tidak akan beli lagi.",2,Negatif
REV1057,"Barang oke, pengiriman standar.",3,Netral
REV1058,"hancur, benar-benar kurang segar. Tidak akan beli lagi.",2,Negatif
REV1059,"mantap, standar. Sangat merekomendasikan.",4,Positif
REV1060,"renyah, packing aman. Sangat merekomendasikan.",5,Positif
REV1061,"pengiriman lambat, benar-benar jelek. Tidak akan beli lagi.",2,Negatif
REV1062,"harga mahal, benar-benar rasa hambar. Tidak akan beli lagi.",1,Negatif
REV1063,"sangat manis, segar sekali. Sangat merekomendasikan.",4,Positif
REV1064,"pengiriman cepat, renyah. Sangat merekomendasikan.",5,Positif
REV1065,"Barang sesuai deskripsi, pengiriman standar.",3,Netral
REV1066,"hancur, benar-benar rasa hambar. Tidak akan beli lagi.",1,Negatif
REV1067,"kurang segar, benar-benar kurang segar. Tidak akan beli lagi.",1,Negatif
REV1068,"mantap, oke. Sangat merekomendasikan.",4,Positif
REV1069,"buahnya besar, buahnya besar. Sangat merekomendasikan.",5,Positif
REV1070,"buahnya besar, sangat manis. Sangat merekomendasikan.",4,Positif
REV1071,"kualitas super, cukup. Sangat merekomendasikan.",4,Positif
REV1072,"murah dan bagus, lumayan. Sangat merekomendasikan.",4,Positif
REV1073,"kualitas super, mantap. Sangat merekomendasikan.",5,Positif
REV1074,"seller ramah, renyah. Sangat merekomendasikan.",4,Positif
REV1075,"packing aman, sangat manis. Sangat merekomendasikan.",4,Positif
REV1076,"murah dan bagus, sesuai deskripsi. Sangat merekomendasikan.",4,Positif
REV1077,"pengiriman cepat, sesuai deskripsi. Sangat merekomendasikan.",4,Positif
REV1078,"rasa hambar, benar-benar ukuran kecil. Tidak akan beli lagi.",2,Negatif
REV1079,"Barang not bad, pengiriman standar.",3,Netral
REV1080,"Barang bisa dimakan, pengiriman standar.",3,Netral
REV1081,"kecewa, benar-benar pengiriman lambat. Tidak akan beli lagi.",2,Negatif
REV1082,"renyah, renyah. Sangat merekomendasikan.",5,Positif
REV1083,"buahnya besar, sesuai deskripsi. Sangat merekomendasikan.",5,Positif
REV1084,"Barang lumayan, pengiriman standar.",3,Netral
REV1085,"mantap, lumayan. Sangat merekomendasikan.",4,Positif
REV1086,"Barang cukup, pengiriman standar.",3,Netral
REV1087,"sangat manis, segar sekali. Sangat merekomendasikan.",4,Positif
REV1088,"renyah, mantap. Sangat merekomendasikan.",4,Positif
REV1089,"segar sekali, kualitas super. Sangat merekomendasikan.",5,Positif
REV1090,"segar sekali, not bad. Sangat merekomendasikan.",4,Positif
REV1091,"kualitas super, pengiriman cepat. Sangat merekomendasikan.",5,Positif
REV1092,"packing aman, pengiriman cepat. Sangat merekomendasikan.",5,Positif
REV1093,"buahnya besar, murah dan bagus. Sangat merekomendasikan.",4,Positif
REV1094,"pengiriman cepat, sampai tujuan. Sangat merekomendasikan.",5,Positif
REV1095,"Barang not bad, pengiriman standar.",3,Netral
REV1096,"pengiriman cepat, buahnya besar. Sangat merekomendasikan.",5,Positif
REV1097,"buahnya besar, bisa dimakan. Sangat merekomendasikan.",5,Positif
REV1098,"seller ramah, seller ramah. Sangat merekomendasikan.",4,Positif
REV1099,"buahnya besar, seller ramah. Sangat merekomendasikan.",5,Positif
REV1100,"murah dan bagus, standar. Sangat merekomendasikan.",5,Positif
REV1101,"banyak yang bonyok, benar-benar harga mahal. Tidak akan beli lagi.",1,Negatif
REV1102,"buahnya besar, oke. Sangat merekomendasikan.",4,Positif
REV1103,"kualitas super, packing aman. Sangat merekomendasikan.",5,Positif
REV1104,"segar sekali, pengiriman cepat. Sangat merekomendasikan.",5,Positif
REV1105,"renyah, sangat manis. Sangat merekomendasikan.",5,Positif
REV1106,"Barang bisa dimakan, pengiriman standar.",3,Netral
REV1107,"buahnya besar, packing aman. Sangat merekomendasikan.",5,Positif
REV1108,"mantap, packing aman. Sangat merekomendasikan.",5,Positif
REV1109,"Barang lumayan, pengiriman standar.",3,Netral
REV1110,"kualitas super, kualitas super. Sangat merekomendasikan.",5,Positif
REV1111,"segar sekali, pengiriman cepat. Sangat merekomendasikan.",5,Positif
REV1112,"sangat manis, lumayan. Sangat merekomendasikan.",4,Positif
REV1113,"Barang sesuai harga, pengiriman standar.",3,Netral
REV1114,"buahnya besar, packing aman. Sangat merekomendasikan.",5,Positif
REV1115,"ukuran kecil, benar-benar harga mahal. Tidak akan beli lagi.",1,Negatif
REV1116,"Barang biasa saja, pengiriman standar.",3,Netral
REV1117,"jelek, benar-benar pengiriman lambat. Tidak akan beli lagi.",1,Negatif
REV1118,"mantap, not bad. Sangat merekomendasikan.",5,Positif
REV1119,"harga mahal, benar-benar kecewa. Tidak akan beli lagi.",1,Negatif
REV1120,"packing aman, biasa saja. Sangat merekomendasikan.",4,Positif
REV1121,"segar sekali, segar sekali. Sangat merekomendasikan.",5,Positif
REV1122,"kualitas super, biasa saja. Sangat merekomendasikan.",4,Positif
REV1123,"renyah, biasa saja. Sangat merekomendasikan.",4,Positif
REV1124,"seller ramah, oke. Sangat merekomendasikan.",4,Positif
REV1125,"sangat manis, segar sekali. Sangat merekomendasikan.",4,Positif
REV1126,"Barang lumayan, pengiriman standar.",3,Netral
REV1127,"seller ramah, lumayan. Sangat merekomendasikan.",5,Positif
REV1128,"rasa hambar, benar-benar kecewa. Tidak akan beli lagi.",2,Negatif
REV1129,"Barang biasa saja, pengiriman standar.",3,Netral
REV1130,"Barang biasa saja, pengiriman standar.",3,Netral
REV1131,"buahnya besar, oke. Sangat merekomendasikan.",5,Positif
REV1132,"pengiriman cepat, biasa saja. Sangat merekomendasikan.",5,Positif
REV1133,"pengiriman cepat, buahnya besar. Sangat merekomendasikan.",5,Positif
REV1134,"packing aman, packing aman. Sangat merekomendasikan.",4,Positif
REV1135,"kualitas super, oke. Sangat merekomendasikan.",5,Positif
REV1136,"buahnya besar, segar sekali. Sangat merekomendasikan.",5,Positif
REV1137,"apel busuk, benar-benar jelek. Tidak akan beli lagi.",1,Negatif
REV1138,"sangat manis, pengiriman cepat. Sangat merekomendasikan.",4,Positif
REV1139,"kecewa, benar-benar pengiriman lambat. Tidak akan beli lagi.",1,Negatif
REV1140,"Barang sesuai deskripsi, pengiriman standar.",3,Netral
REV1141,"packing aman, sampai tujuan. Sangat merekomendasikan.",4,Positif
REV1142,"kecewa, benar-benar kurang segar. Tidak akan beli lagi.",1,Negatif
REV1143,"Barang lumayan, pengiriman standar.",3,Netral
REV1144,"pengiriman lambat, benar-benar kurang segar. Tidak akan beli lagi.",2,Negatif
REV1145,"apel busuk, benar-benar kurang segar. Tidak akan beli lagi.",1,Negatif
REV1146,"murah dan bagus, oke. Sangat merekomendasikan.",4,Positif
REV1147,"ukuran kecil, benar-benar kurang segar. Tidak akan beli lagi.",1,Negatif
REV1148,"buahnya besar, sampai tujuan. Sangat merekomendasikan.",5,Positif
REV1149,"pengiriman cepat, seller ramah. Sangat merekomendasikan.",5,Positif
REV1150,"murah dan bagus, seller ramah. Sangat merekomendasikan.",4,Positif
REV1151,"sangat manis, not bad. Sangat merekomendasikan.",4,Positif
REV1152,"buahnya besar, kualitas super. Sangat merekomendasikan.",5,Positif
REV1153,"renyah, kualitas super. Sangat merekomendasikan.",5,Positif
REV1154,"sangat manis, not bad. Sangat merekomendasikan.",5,Positif
REV1155,"Barang cukup, pengiriman standar.",3,Netral
REV1156,"jelek, benar-benar jelek. Tidak akan beli lagi.",1,Negatif
REV1157,"pengiriman cepat, kualitas super. Sangat merekomendasikan.",4,Positif
REV1158,"buahnya besar, pengiriman cepat. Sangat merekomendasikan.",4,Positif
REV1159,"pengiriman cepat, pengiriman cepat. Sangat merekomendasikan.",5,Positif
REV1160,"Barang bisa dimakan, pengiriman standar.",3,Netral
REV1161,"kualitas super, packing aman. Sangat merekomendasikan.",5,Positif
REV1162,"Barang sesuai deskripsi, pengiriman standar.",3,Netral
REV1163,"kualitas super, not bad. Sangat merekomendasikan.",4,Positif
REV1164,"segar sekali, not bad. Sangat merekomendasikan.",5,Positif
REV1165,"hancur, benar-benar apel busuk. Tidak akan beli lagi.",1,Negatif
REV1166,"mantap, pengiriman cepat. Sangat merekomendasikan.",4,Positif
REV1167,"seller ramah, not bad. Sangat merekomendasikan.",5,Positif
REV1168,"mantap, sesuai deskripsi. Sangat merekomendasikan.",4,Positif
REV1169,"renyah, buahnya besar. Sangat merekomendasikan.",5,Positif
REV1170,"Barang biasa saja, pengiriman standar.",3,Netral
REV1171,"Barang sampai tujuan, pengiriman standar.",3,Netral
REV1172,"Barang biasa saja, pengiriman standar.",3,Netral
REV1173,"murah dan bagus, standar. Sangat merekomendasikan.",4,Positif
REV1174,"Barang standar, pengiriman standar.",3,Netral
REV1175,"murah dan bagus, oke. Sangat merekomendasikan.",5,Positif
REV1176,"Barang sampai tujuan, pengiriman standar.",3,Netral
REV1177,"Barang sesuai harga, pengiriman standar.",3,Netral
REV1178,"Barang lumayan, pengiriman standar.",3,Netral
REV1179,"packing aman, bisa dimakan. Sangat merekomendasikan.",4,Positif
REV1180,"mantap, segar sekali. Sangat merekomendasikan.",4,Positif
REV1181,"kualitas super, cukup. Sangat merekomendasikan.",5,Positif
REV1182,"segar sekali, sesuai deskripsi. Sangat merekomendasikan.",5,Positif
REV1183,"Barang oke, pengiriman standar.",3,Netral
REV1184,"pengiriman lambat, benar-benar banyak yang bonyok. Tidak akan beli lagi.",2,Negatif
REV1185,"kualitas super, packing aman. Sangat merekomendasikan.",5,Positif
REV1186,"banyak yang bonyok, benar-benar ukuran kecil. Tidak akan beli lagi.",2,Negatif
REV1187,"pengiriman cepat, oke. Sangat merekomendasikan.",4,Positif
REV1188,"buahnya besar, mantap. Sangat merekomendasikan.",5,Positif
REV1189,"mantap, sesuai deskripsi. Sangat merekomendasikan.",5,Positif
REV1190,"apel busuk, benar-benar jelek. Tidak akan beli lagi.",1,Negatif
REV1191,"ukuran kecil, benar-benar rasa hambar. Tidak akan beli lagi.",1,Negatif
REV1192,"pengiriman cepat, buahnya besar. Sangat merekomendasikan.",4,Positif
REV1193,"kualitas super, segar sekali. Sangat merekomendasikan.",5,Positif
REV1194,"Barang not bad, pengiriman standar.",3,Netral
REV1195,"Barang standar, pengiriman standar.",3,Netral
REV1196,"murah dan bagus, mantap. Sangat merekomendasikan.",4,Positif
REV1197,"hancur, benar-benar kecewa. Tidak akan beli lagi.",2,Negatif
REV1198,"banyak yang bonyok, benar-benar kecewa. Tidak akan beli lagi.",2,Negatif
REV1199,"murah dan bagus, sesuai deskripsi. Sangat merekomendasikan.",5,Positif
REV1200,"Barang cukup, pengiriman standar.",3,Netral
REV1201,"murah dan bagus, kualitas super. Sangat merekomendasikan.",5,Positif
REV1202,"kualitas super, biasa saja. Sangat merekomendasikan.",5,Positif
REV1203,"murah dan bagus, kualitas super. Sangat merekomendasikan.",5,Positif
REV1204,"sangat manis, lumayan. Sangat merekomendasikan.",5,Positif
REV1205,"pengiriman cepat, buahnya besar. Sangat merekomendasikan.",4,Positif
REV1206,"Barang standar, pengiriman standar.",3,Netral
REV1207,"Barang cukup, pengiriman standar.",3,Netral
REV1208,"buahnya besar, biasa saja. Sangat merekomendasikan.",5,Positif
REV1209,"Barang not bad, pengiriman standar.",3,Netral
REV1210,"sangat manis, segar sekali. Sangat merekomendasikan.",5,Positif
REV1211,"kualitas super, murah dan bagus. Sangat merekomendasikan.",5,Positif
REV1212,"jelek, benar-benar apel busuk. Tidak akan beli lagi.",2,Negatif
REV1213,"Barang sampai tujuan, pengiriman standar.",3,Netral
REV1214,"mantap, cukup. Sangat merekomendasikan.",5,Positif
REV1215,"pengiriman cepat, biasa saja. Sangat merekomendasikan.",5,Positif
REV1216,"pengiriman cepat, kualitas super. Sangat merekomendasikan.",4,Positif
REV1217,"ukuran kecil, benar-benar banyak yang bonyok. Tidak akan beli lagi.",2,Negatif
REV1218,"sangat manis, sesuai harga. Sangat merekomendasikan.",5,Positif
REV1219,"segar sekali, packing aman. Sangat merekomendasikan.",5,Positif
REV1220,"kualitas super, sesuai harga. Sangat merekomendasikan.",5,Positif
REV1221,"buahnya besar, biasa saja. Sangat merekomendasikan.",5,Positif
REV1222,"hancur, benar-benar pengiriman lambat. Tidak akan beli lagi.",2,Negatif
REV1223,"segar sekali, renyah. Sangat merekomendasikan.",4,Positif
REV1224,"pengiriman cepat, biasa saja. Sangat merekomendasikan.",4,Positif
REV1225,"apel busuk, benar-benar pengiriman lambat. Tidak akan beli lagi.",1,Negatif
REV1226,"renyah, biasa saja. Sangat merekomendasikan.",5,Positif
REV1227,"segar sekali, buahnya besar. Sangat merekomendasikan.",5,Positif
REV1228,"pengiriman cepat, segar sekali. Sangat merekomendasikan.",5,Positif
REV1229,"kurang segar, benar-benar apel busuk. Tidak akan beli lagi.",2,Negatif
REV1230,"Barang cukup, pengiriman standar.",3,Netral
REV1231,"kecewa, benar-benar kecewa. Tidak akan beli lagi.",1,Negatif
REV1232,"harga mahal, benar-benar banyak yang bonyok. Tidak akan beli lagi.",1,Negatif
REV1233,"murah dan bagus, packing aman. Sangat merekomendasikan.",4,Positif
REV1234,"segar sekali, sangat manis. Sangat merekomendasikan.",5,Positif
REV1235,"segar sekali, standar. Sangat merekomendasikan.",4,Positif
REV1236,"banyak yang bonyok, benar-benar ukuran kecil. Tidak akan beli lagi.",1,Negatif
REV1237,"kualitas super, buahnya besar. Sangat merekomendasikan.",5,Positif
REV1238,"renyah, sesuai deskripsi. Sangat merekomendasikan.",4,Positif
REV1239,"seller ramah, cukup. Sangat merekomendasikan.",5,Positif
REV1240,"banyak yang bonyok, benar-benar apel busuk. Tidak akan beli lagi.",2,Negatif
REV1241,"kualitas super, buahnya besar. Sangat merekomendasikan.",5,Positif
REV1242,"pengiriman cepat, not bad. Sangat merekomendasikan.",4,Positif
REV1243,"murah dan bagus, kualitas super. Sangat merekomendasikan.",5,Positif
REV1244,"kualitas super, bisa dimakan. Sangat merekomendasikan.",4,Positif
REV1245,"seller ramah, sesuai harga. Sangat merekomendasikan.",5,Positif
REV1246,"banyak yang bonyok, benar-benar kurang segar. Tidak akan beli lagi.",2,Negatif
REV1247,"mantap, sesuai deskripsi. Sangat merekomendasikan.",5,Positif
REV1248,"rasa hambar, benar-benar kurang segar. Tidak akan beli lagi.",2,Negatif
REV1249,"mantap, seller ramah. Sangat merekomendasikan.",5,Positif
REV1250,"ukuran kecil, benar-benar apel busuk. Tidak akan beli lagi.",2,Negatif
REV1251,"kurang segar, benar-benar apel busuk. Tidak akan beli lagi.",2,Negatif
REV1252,"jelek, benar-benar jelek. Tidak akan beli lagi.",1,Negatif
REV1253,"Barang biasa saja, pengiriman standar.",3,Netral
REV1254,"banyak yang bonyok, benar-benar kurang segar. Tidak akan beli lagi.",2,Negatif
REV1255,"kualitas super, lumayan. Sangat merekomendasikan.",5,Positif
REV1256,"mantap, lumayan. Sangat merekomendasikan.",4,Positif
REV1257,"kualitas super, mantap. Sangat merekomendasikan.",4,Positif
REV1258,"Barang not bad, pengiriman standar.",3,Netral
REV1259,"ukuran kecil, benar-benar kurang segar. Tidak akan beli lagi.",1,Negatif
REV1260,"Barang sampai tujuan, pengiriman standar.",3,Netral
REV1261,"Barang sesuai deskripsi, pengiriman standar.",3,Netral
REV1262,"murah dan bagus, cukup. Sangat merekomendasikan.",4,Positif
REV1263,"pengiriman cepat, seller ramah. Sangat merekomendasikan.",5,Positif
REV1264,"seller ramah, standar. Sangat merekomendasikan.",4,Positif
REV1265,"pengiriman lambat, benar-benar hancur. Tidak akan beli lagi.",1,Negatif
REV1266,"mantap, mantap. Sangat merekomendasikan.",5,Positif
REV1267,"seller ramah, cukup. Sangat merekomendasikan.",5,Positif
REV1268,"sangat manis, mantap. Sangat merekomendasikan.",5,Positif
REV1269,"murah dan bagus, seller ramah. Sangat merekomendasikan.",4,Positif
REV1270,"seller ramah, not bad. Sangat merekomendasikan.",4,Positif
REV1271,"mantap, lumayan. Sangat merekomendasikan.",4,Positif
REV1272,"Barang cukup, pengiriman standar.",3,Netral
REV1273,"harga mahal, benar-benar harga mahal. Tidak akan beli lagi.",1,Negatif
REV1274,"Barang biasa saja, pengiriman standar.",3,Netral
REV1275,"buahnya besar, sampai tujuan. Sangat merekomendasikan.",4,Positif
REV1276,"pengiriman lambat, benar-benar rasa hambar. Tidak akan beli lagi.",2,Negatif
REV1277,"murah dan bagus, sesuai deskripsi. Sangat merekomendasikan.",4,Positif
REV1278,"mantap, lumayan. Sangat merekomendasikan.",5,Positif
REV1279,"kualitas super, packing aman. Sangat merekomendasikan.",5,Positif
REV1280,"murah dan bagus, packing aman. Sangat merekomendasikan.",5,Positif
REV1281,"segar sekali, murah dan bagus. Sangat merekomendasikan.",5,Positif
REV1282,"sangat manis, kualitas super. Sangat merekomendasikan.",4,Positif
REV1283,"kecewa, benar-benar harga mahal. Tidak akan beli lagi.",1,Negatif
REV1284,"mantap, pengiriman cepat. Sangat merekomendasikan.",4,Positif
REV1285,"packing aman, biasa saja. Sangat merekomendasikan.",5,Positif
REV1286,"Barang bisa dimakan, pengiriman standar.",3,Netral
REV1287,"segar sekali, standar. Sangat merekomendasikan.",4,Positif
REV1288,"packing aman, standar. Sangat merekomendasikan.",5,Positif
REV1289,"segar sekali, murah dan bagus. Sangat merekomendasikan.",4,Positif
REV1290,"Barang lumayan, pengiriman standar.",3,Netral
REV1291,"kualitas super, biasa saja. Sangat merekomendasikan.",5,Positif
REV1292,"Barang biasa saja, pengiriman standar.",3,Netral
REV1293,"Barang standar, pengiriman standar.",3,Netral
REV1294,"buahnya besar, oke. Sangat merekomendasikan.",4,Positif
REV1295,"sangat manis, cukup. Sangat merekomendasikan.",4,Positif
REV1296,"segar sekali, segar sekali. Sangat merekomendasikan.",4,Positif
REV1297,"packing aman, murah dan bagus. Sangat merekomendasikan.",4,Positif
REV1298,"harga mahal, benar-benar jelek. Tidak akan beli lagi.",1,Negatif
REV1299,"jelek, benar-benar hancur. Tidak akan beli lagi.",1,Negatif
REV1300,"renyah, oke. Sangat merekomendasikan.",5,Positif
REV1301,"Barang bisa dimakan, pengiriman standar.",3,Netral
REV1302,"Barang not bad, pengiriman standar.",3,Netral
REV1303,"seller ramah, cukup. Sangat merekomendasikan.",4,Positif
REV1304,"Barang cukup, pengiriman standar.",3,Netral
REV1305,"pengiriman cepat, sampai tujuan. Sangat merekomendasikan.",5,Positif
REV1306,"Barang cukup, pengiriman standar.",3,Netral
REV1307,"ukuran kecil, benar-benar kecewa. Tidak akan beli lagi.",2,Negatif
REV1308,"ukuran kecil, benar-benar jelek. Tidak akan beli lagi.",1,Negatif
REV1309,"Barang cukup, pengiriman standar.",3,Netral
REV1310,"segar sekali, buahnya besar. Sangat merekomendasikan.",5,Positif
REV1311,"packing aman, pengiriman cepat. Sangat merekomendasikan.",5,Positif
REV1312,"Barang oke, pengiriman standar.",3,Netral
REV1313,"segar sekali, buahnya besar. Sangat merekomendasikan.",4,Positif
REV1314,"renyah, lumayan. Sangat merekomendasikan.",4,Positif
REV1315,"buahnya besar, pengiriman cepat. Sangat merekomendasikan.",4,Positif
REV1316,"pengiriman cepat, murah dan bagus. Sangat merekomendasikan.",5,Positif
REV1317,"segar sekali, standar. Sangat merekomendasikan.",4,Positif
REV1318,"Barang standar, pengiriman standar.",3,Netral
REV1319,"kecewa, benar-benar rasa hambar. Tidak akan beli lagi.",2,Negatif
REV1320,"kurang segar, benar-benar kurang segar. Tidak akan beli lagi.",1,Negatif
REV1321,"banyak yang bonyok, benar-benar jelek. Tidak akan beli lagi.",2,Negatif
REV1322,"harga mahal, benar-benar kurang segar. Tidak akan beli lagi.",2,Negatif
REV1323,"Barang lumayan, pengiriman standar.",3,Netral
REV1324,"segar sekali, biasa saja. Sangat merekomendasikan.",4,Positif
REV1325,"seller ramah, not bad. Sangat merekomendasikan.",5,Positif
REV1326,"sangat manis, not bad. Sangat merekomendasikan.",5,Positif
REV1327,"kurang segar, benar-benar harga mahal. Tidak akan beli lagi.",2,Negatif
REV1328,"sangat manis, sesuai harga. Sangat merekomendasikan.",4,Positif
REV1329,"ukuran kecil, benar-benar kurang segar. Tidak akan beli lagi.",1,Negatif
REV1330,"seller ramah, cukup. Sangat merekomendasikan.",5,Positif
REV1331,"buahnya besar, bisa dimakan. Sangat merekomendasikan.",5,Positif
REV1332,"segar sekali, sampai tujuan. Sangat merekomendasikan.",5,Positif
REV1333,"segar sekali, buahnya besar. Sangat merekomendasikan.",4,Positif
REV1334,"Barang sesuai deskripsi, pengiriman standar.",3,Netral
REV1335,"packing aman, sangat manis. Sangat merekomendasikan.",5,Positif
REV1336,"seller ramah, lumayan. Sangat merekomendasikan.",4,Positif
REV1337,"Barang sesuai deskripsi, pengiriman standar.",3,Netral
REV1338,"pengiriman cepat, oke. Sangat merekomendasikan.",4,Positif
REV1339,"Barang standar, pengiriman standar.",3,Netral
REV1340,"mantap, cukup. Sangat merekomendasikan.",4,Positif
REV1341,"Barang lumayan, pengiriman standar.",3,Netral
REV1342,"seller ramah, not bad. Sangat merekomendasikan.",4,Positif
REV1343,"mantap, sangat manis. Sangat merekomendasikan.",4,Positif
REV1344,"kualitas super, biasa saja. Sangat merekomendasikan.",4,Positif
REV1345,"pengiriman lambat, benar-benar harga mahal. Tidak akan beli lagi.",1,Negatif
REV1346,"Barang standar, pengiriman standar.",3,Netral
REV1347,"sangat manis, buahnya besar. Sangat merekomendasikan.",5,Positif
REV1348,"Barang sesuai deskripsi, pengiriman standar.",3,Netral
REV1349,"renyah, seller ramah. Sangat merekomendasikan.",5,Positif
REV1350,"packing aman, lumayan. Sangat merekomendasikan.",5,Positif
REV1351,"renyah, standar. Sangat merekomendasikan.",5,Positif
REV1352,"murah dan bagus, biasa saja. Sangat merekomendasikan.",5,Positif
REV1353,"murah dan bagus, pengiriman cepat. Sangat merekomendasikan.",5,Positif
REV1354,"packing aman, sangat manis. Sangat merekomendasikan.",5,Positif
REV1355,"buahnya besar, kualitas super. Sangat merekomendasikan.",5,Positif
REV1356,"Barang sampai tujuan, pengiriman standar.",3,Netral
REV1357,"kecewa, benar-benar rasa hambar. Tidak akan beli lagi.",1,Negatif
REV1358,"sangat manis, sangat manis. Sangat merekomendasikan.",4,Positif
REV1359,"Barang biasa saja, pengiriman standar.",3,Netral
REV1360,"kecewa, benar-benar apel busuk. Tidak akan beli lagi.",1,Negatif
REV1361,"mantap, murah dan bagus. Sangat merekomendasikan.",4,Positif
REV1362,"Barang biasa saja, pengiriman standar.",3,Netral
REV1363,"Barang standar, pengiriman standar.",3,Netral
REV1364,"harga mahal, benar-benar rasa hambar. Tidak akan beli lagi.",1,Negatif
REV1365,"Barang bisa dimakan, pengiriman standar.",3,Netral
REV1366,"segar sekali, oke. Sangat merekomendasikan.",5,Positif
REV1367,"Barang oke, pengiriman standar.",3,Netral
REV1368,"renyah, renyah. Sangat merekomendasikan.",4,Positif
REV1369,"mantap, bisa dimakan. Sangat merekomendasikan.",5,Positif
REV1370,"Barang sesuai harga, pengiriman standar.",3,Netral
REV1371,"Barang standar, pengiriman standar.",3,Netral
REV1372,"murah dan bagus, segar sekali. Sangat merekomendasikan.",4,Positif
REV1373,"hancur, benar-benar apel busuk. Tidak akan beli lagi.",1,Negatif
REV1374,"Barang oke, pengiriman standar.",3,Netral
REV1375,"Barang bisa dimakan, pengiriman standar.",3,Netral
REV1376,"Barang sesuai deskripsi, pengiriman standar.",3,Netral
REV1377,"seller ramah, seller ramah. Sangat merekomendasikan.",4,Positif
REV1378,"kualitas super, not bad. Sangat merekomendasikan.",4,Positif
REV1379,"segar sekali, segar sekali. Sangat merekomendasikan.",5,Positif
REV1380,"ukuran kecil, benar-benar hancur. Tidak akan beli lagi.",1,Negatif
REV1381,"Barang sesuai harga, pengiriman standar.",3,Netral
REV1382,"Barang bisa dimakan, pengiriman standar.",3,Netral
REV1383,"sangat manis, sesuai harga. Sangat merekomendasikan.",4,Positif
REV1384,"jelek, benar-benar kurang segar. Tidak akan beli lagi.",2,Negatif
REV1385,"Barang sampai tujuan, pengiriman standar.",3,Netral
REV1386,"kualitas super, sesuai deskripsi. Sangat merekomendasikan.",5,Positif
REV1387,"renyah, sangat manis. Sangat merekomendasikan.",4,Positif
REV1388,"Barang sesuai deskripsi, pengiriman standar.",3,Netral
REV1389,"harga mahal, benar-benar rasa hambar. Tidak akan beli lagi.",2,Negatif
REV1390,"Barang sesuai deskripsi, pengiriman standar.",3,Netral
REV1391,"banyak yang bonyok, benar-benar harga mahal. Tidak akan beli lagi.",2,Negatif
REV1392,"pengiriman cepat, biasa saja. Sangat merekomendasikan.",5,Positif
REV1393,"pengiriman cepat, sesuai deskripsi. Sangat merekomendasikan.",5,Positif
REV1394,"murah dan bagus, bisa dimakan. Sangat merekomendasikan.",5,Positif
REV1395,"Barang not bad, pengiriman standar.",3,Netral
REV1396,"packing aman, oke. Sangat merekomendasikan.",4,Positif
REV1397,"seller ramah, not bad. Sangat merekomendasikan.",4,Positif
REV1398,"murah dan bagus, lumayan. Sangat merekomendasikan.",4,Positif
REV1399,"segar sekali, pengiriman cepat. Sangat merekomendasikan.",5,Positif
REV1400,"murah dan bagus, oke. Sangat merekomendasikan.",4,Positif
REV1401,"kecewa, benar-benar harga mahal. Tidak akan beli lagi.",1,Negatif
REV1402,"hancur, benar-benar hancur. Tidak akan beli lagi.",1,Negatif
REV1403,"seller ramah, lumayan. Sangat merekomendasikan.",5,Positif
REV1404,"apel busuk, benar-benar harga mahal. Tidak akan beli lagi.",2,Negatif
REV1405,"renyah, renyah. Sangat merekomendasikan.",5,Positif
REV1406,"harga mahal, benar-benar kecewa. Tidak akan beli lagi.",1,Negatif
REV1407,"renyah, buahnya besar. Sangat merekomendasikan.",4,Positif
REV1408,"banyak yang bonyok, benar-benar ukuran kecil. Tidak akan beli lagi.",1,Negatif
REV1409,"mantap, buahnya besar. Sangat merekomendasikan.",5,Positif
REV1410,"Barang not bad, pengiriman standar.",3,Netral
REV1411,"sangat manis, sesuai deskripsi. Sangat merekomendasikan.",5,Positif
REV1412,"Barang biasa saja, pengiriman standar.",3,Netral
REV1413,"Barang sesuai harga, pengiriman standar.",3,Netral
REV1414,"segar sekali, biasa saja. Sangat merekomendasikan.",5,Positif
REV1415,"Barang cukup, pengiriman standar.",3,Netral
REV1416,"jelek, benar-benar kecewa. Tidak akan beli lagi.",2,Negatif
REV1417,"packing aman, sampai tujuan. Sangat merekomendasikan.",5,Positif
REV1418,"harga mahal, benar-benar apel busuk. Tidak akan beli lagi.",2,Negatif
REV1419,"kualitas super, mantap. Sangat merekomendasikan.",4,Positif
REV1420,"segar sekali, standar. Sangat merekomendasikan.",4,Positif
REV1421,"segar sekali, mantap. Sangat merekomendasikan.",4,Positif
REV1422,"mantap, sesuai harga. Sangat merekomendasikan.",5,Positif
REV1423,"packing aman, cukup. Sangat merekomendasikan.",5,Positif
REV1424,"jelek, benar-benar banyak yang bonyok. Tidak akan beli lagi.",2,Negatif
REV1425,"seller ramah, cukup. Sangat merekomendasikan.",5,Positif
REV1426,"renyah, sesuai harga. Sangat merekomendasikan.",5,Positif
REV1427,"packing aman, buahnya besar. Sangat merekomendasikan.",4,Positif
REV1428,"Barang oke, pengiriman standar.",3,Netral
REV1429,"ukuran kecil, benar-benar kecewa. Tidak akan beli lagi.",1,Negatif
REV1430,"kualitas super, seller ramah. Sangat merekomendasikan.",4,Positif
REV1431,"renyah, segar sekali. Sangat merekomendasikan.",5,Positif
REV1432,"buahnya besar, renyah. Sangat merekomendasikan.",4,Positif
REV1433,"segar sekali, seller ramah. Sangat merekomendasikan.",4,Positif
REV1434,"packing aman, buahnya besar. Sangat merekomendasikan.",5,Positif
REV1435,"Barang bisa dimakan, pengiriman standar.",3,Netral
REV1436,"buahnya besar, bisa dimakan. Sangat merekomendasikan.",5,Positif
REV1437,"ukuran kecil, benar-benar rasa hambar. Tidak akan beli lagi.",1,Negatif
REV1438,"segar sekali, mantap. Sangat merekomendasikan.",4,Positif
REV1439,"kecewa, benar-benar banyak yang bonyok. Tidak akan beli lagi.",1,Negatif
REV1440,"pengiriman cepat, mantap. Sangat merekomendasikan.",4,Positif
REV1441,"Barang lumayan, pengiriman standar.",3,Netral
REV1442,"buahnya besar, murah dan bagus. Sangat merekomendasikan.",5,Positif
REV1443,"Barang oke, pengiriman standar.",3,Netral
REV1444,"sangat manis, kualitas super. Sangat merekomendasikan.",4,Positif
REV1445,"buahnya besar, mantap. Sangat merekomendasikan.",4,Positif
REV1446,"pengiriman cepat, sampai tujuan. Sangat merekomendasikan.",5,Positif
REV1447,"kualitas super, sangat manis. Sangat merekomendasikan.",5,Positif
REV1448,"hancur, benar-benar ukuran kecil. Tidak akan beli lagi.",2,Negatif
REV1449,"packing aman, sampai tujuan. Sangat merekomendasikan.",4,Positif
REV1450,"packing aman, lumayan. Sangat merekomendasikan.",4,Positif
REV1451,"pengiriman cepat, kualitas super. Sangat merekomendasikan.",4,Positif
REV1452,"ukuran kecil, benar-benar harga mahal. Tidak akan beli lagi.",1,Negatif
REV1453,"kualitas super, pengiriman cepat. Sangat merekomendasikan.",4,Positif
REV1454,"seller ramah, sampai tujuan. Sangat merekomendasikan.",5,Positif
REV1455,"kualitas super, not bad. Sangat merekomendasikan.",4,Positif
REV1456,"sangat manis, murah dan bagus. Sangat merekomendasikan.",5,Positif
REV1457,"pengiriman cepat, not bad. Sangat merekomendasikan.",4,Positif
REV1458,"murah dan bagus, pengiriman cepat. Sangat merekomendasikan.",4,Positif
REV1459,"segar sekali, segar sekali. Sangat merekomendasikan.",4,Positif
REV1460,"buahnya besar, biasa saja. Sangat merekomendasikan.",5,Positif
REV1461,"mantap, bisa dimakan. Sangat merekomendasikan.",4,Positif
REV1462,"mantap, packing aman. Sangat merekomendasikan.",4,Positif
REV1463,"jelek, benar-benar kurang segar. Tidak akan beli lagi.",1,Negatif
REV1464,"harga mahal, benar-benar harga mahal. Tidak akan beli lagi.",2,Negatif
REV1465,"murah dan bagus, not bad. Sangat merekomendasikan.",4,Positif
REV1466,"kurang segar, benar-benar ukuran kecil. Tidak akan beli lagi.",1,Negatif
REV1467,"hancur, benar-benar hancur. Tidak akan beli lagi.",1,Negatif
REV1468,"sangat manis, bisa dimakan. Sangat merekomendasikan.",5,Positif
REV1469,"kualitas super, seller ramah. Sangat merekomendasikan.",5,Positif
REV1470,"Barang biasa saja, pengiriman standar.",3,Netral
REV1471,"ukuran kecil, benar-benar rasa hambar. Tidak akan beli lagi.",1,Negatif
REV1472,"pengiriman cepat, packing aman. Sangat merekomendasikan.",4,Positif
REV1473,"pengiriman cepat, cukup. Sangat merekomendasikan.",4,Positif
REV1474,"kualitas super, renyah. Sangat merekomendasikan.",5,Positif
REV1475,"sangat manis, biasa saja. Sangat merekomendasikan.",5,Positif
REV1476,"packing aman, bisa dimakan. Sangat merekomendasikan.",5,Positif
REV1477,"Barang cukup, pengiriman standar.",3,Netral
REV1478,"murah dan bagus, kualitas super. Sangat merekomendasikan.",5,Positif
REV1479,"segar sekali, mantap. Sangat merekomendasikan.",4,Positif
REV1480,"Barang oke, pengiriman standar.",3,Netral
REV1481,"packing aman, pengiriman cepat. Sangat merekomendasikan.",4,Positif
REV1482,"segar sekali, buahnya besar. Sangat merekomendasikan.",5,Positif
REV1483,"Barang bisa dimakan, pengiriman standar.",3,Netral
REV1484,"Barang biasa saja, pengiriman standar.",3,Netral
REV1485,"seller ramah, segar sekali. Sangat merekomendasikan.",4,Positif
REV1486,"Barang not bad, pengiriman standar.",3,Netral
REV1487,"Barang biasa saja, pengiriman standar.",3,Netral
REV1488,"pengiriman cepat, buahnya besar. Sangat merekomendasikan.",5,Positif
REV1489,"pengiriman lambat, benar-benar rasa hambar. Tidak akan beli lagi.",2,Negatif
REV1490,"Barang lumayan, pengiriman standar.",3,Netral
REV1491,"pengiriman cepat, mantap. Sangat merekomendasikan.",5,Positif
REV1492,"mantap, not bad. Sangat merekomendasikan.",4,Positif
REV1493,"ukuran kecil, benar-benar harga mahal. Tidak akan beli lagi.",2,Negatif
REV1494,"Barang sesuai harga, pengiriman standar.",3,Netral
REV1495,"harga mahal, benar-benar ukuran kecil. Tidak akan beli lagi.",2,Negatif
REV1496,"seller ramah, buahnya besar. Sangat merekomendasikan.",4,Positif
REV1497,"buahnya besar, cukup. Sangat merekomendasikan.",4,Positif
REV1498,"harga mahal, benar-benar harga mahal. Tidak akan beli lagi.",2,Negatif
REV1499,"kualitas super, bisa dimakan. Sangat merekomendasikan.",5,Positif
REV1500,"sangat manis, biasa saja. Sangat merekomendasikan.",5,Positif
REV1501,"renyah, bisa dimakan. Sangat merekomendasikan.",4,Positif
REV1502,"murah dan bagus, sangat manis. Sangat merekomendasikan.",5,Positif
REV1503,"kualitas super, packing aman. Sangat merekomendasikan.",4,Positif
REV1504,"mantap, not bad. Sangat merekomendasikan.",5,Positif
REV1505,"sangat manis, buahnya besar. Sangat merekomendasikan.",5,Positif
REV1506,"Barang bisa dimakan, pengiriman standar.",3,Netral
REV1507,"sangat manis, renyah. Sangat merekomendasikan.",4,Positif
REV1508,"packing aman, sesuai deskripsi. Sangat merekomendasikan.",4,Positif
REV1509,"packing aman, buahnya besar. Sangat merekomendasikan.",5,Positif
REV1510,"pengiriman lambat, benar-benar hancur. Tidak akan beli lagi.",1,Negatif
REV1511,"seller ramah, sampai tujuan. Sangat merekomendasikan.",4,Positif
REV1512,"Barang sesuai harga, pengiriman standar.",3,Netral
REV1513,"harga mahal, benar-benar banyak yang bonyok. Tidak akan beli lagi.",2,Negatif
REV1514,"seller ramah, lumayan. Sangat merekomendasikan.",5,Positif
REV1515,"Barang sampai tujuan, pengiriman standar.",3,Netral
REV1516,"kualitas super, renyah. Sangat merekomendasikan.",4,Positif
REV1517,"renyah, biasa saja. Sangat merekomendasikan.",5,Positif
REV1518,"harga mahal, benar-benar ukuran kecil. Tidak akan beli lagi.",2,Negatif
REV1519,"Barang sesuai deskripsi, pengiriman standar.",3,Netral
REV1520,"buahnya besar, kualitas super. Sangat merekomendasikan.",4,Positif
REV1521,"harga mahal, benar-benar rasa hambar. Tidak akan beli lagi.",2,Negatif
REV1522,"renyah, buahnya besar. Sangat merekomendasikan.",4,Positif
REV1523,"renyah, segar sekali. Sangat merekomendasikan.",4,Positif
REV1524,"kurang segar, benar-benar jelek. Tidak akan beli lagi.",2,Negatif
REV1525,"Barang lumayan, pengiriman standar.",3,Netral
REV1526,"buahnya besar, oke. Sangat merekomendasikan.",5,Positif
REV1527,"seller ramah, kualitas super. Sangat merekomendasikan.",5,Positif
REV1528,"segar sekali, sesuai deskripsi. Sangat merekomendasikan.",5,Positif
REV1529,"renyah, bisa dimakan. Sangat merekomendasikan.",4,Positif
REV1530,"harga mahal, benar-benar harga mahal. Tidak akan beli lagi.",1,Negatif
REV1531,"apel busuk, benar-benar kecewa. Tidak akan beli lagi.",1,Negatif
REV1532,"murah dan bagus, cukup. Sangat merekomendasikan.",4,Positif
REV1533,"Barang standar, pengiriman standar.",3,Netral
REV1534,"murah dan bagus, oke. Sangat merekomendasikan.",5,Positif
REV1535,"packing aman, segar sekali. Sangat merekomendasikan.",5,Positif
REV1536,"apel busuk, benar-benar hancur. Tidak akan beli lagi.",1,Negatif
REV1537,"segar sekali, renyah. Sangat merekomendasikan.",4,Positif
REV1538,"ukuran kecil, benar-benar jelek. Tidak akan beli lagi.",2,Negatif
REV1539,"apel busuk, benar-benar jelek. Tidak akan beli lagi.",2,Negatif
REV1540,"kurang segar, benar-benar rasa hambar. Tidak akan beli lagi.",1,Negatif
REV1541,"segar sekali, segar sekali. Sangat merekomendasikan.",5,Positif
REV1542,"Barang cukup, pengiriman standar.",3,Netral
REV1543,"rasa hambar, benar-benar pengiriman lambat. Tidak akan beli lagi.",2,Negatif
REV1544,"harga mahal, benar-benar ukuran kecil. Tidak akan beli lagi.",1,Negatif
REV1545,"buahnya besar, buahnya besar. Sangat merekomendasikan.",4,Positif
REV1546,"seller ramah, sampai tujuan. Sangat merekomendasikan.",5,Positif
REV1547,"packing aman, packing aman. Sangat merekomendasikan.",5,Positif
REV1548,"packing aman, cukup. Sangat merekomendasikan.",5,Positif
REV1549,"pengiriman cepat, standar. Sangat merekomendasikan.",5,Positif
REV1550,"segar sekali, bisa dimakan. Sangat merekomendasikan.",4,Positif
REV1551,"Barang not bad, pengiriman standar.",3,Netral
REV1552,"pengiriman cepat, pengiriman cepat. Sangat merekomendasikan.",5,Positif
REV1553,"murah dan bagus, biasa saja. Sangat merekomendasikan.",5,Positif
REV1554,"renyah, sesuai deskripsi. Sangat merekomendasikan.",4,Positif
REV1555,"murah dan bagus, sangat manis. Sangat merekomendasikan.",4,Positif
REV1556,"ukuran kecil, benar-benar ukuran kecil. Tidak akan beli lagi.",1,Negatif
REV1557,"mantap, not bad. Sangat merekomendasikan.",5,Positif
REV1558,"packing aman, murah dan bagus. Sangat merekomendasikan.",4,Positif
REV1559,"packing aman, cukup. Sangat merekomendasikan.",5,Positif
REV1560,"packing aman, sesuai harga. Sangat merekomendasikan.",5,Positif
REV1561,"renyah, cukup. Sangat merekomendasikan.",5,Positif
REV1562,"buahnya besar, standar. Sangat merekomendasikan.",4,Positif
REV1563,"packing aman, lumayan. Sangat merekomendasikan.",4,Positif
REV1564,"segar sekali, packing aman. Sangat merekomendasikan.",4,Positif
REV1565,"mantap, standar. Sangat merekomendasikan.",5,Positif
REV1566,"kecewa, benar-benar kurang segar. Tidak akan beli lagi.",1,Negatif
REV1567,"apel busuk, benar-benar banyak yang bonyok. Tidak akan beli lagi.",1,Negatif
REV1568,"Barang cukup, pengiriman standar.",3,Netral
REV1569,"seller ramah, standar. Sangat merekomendasikan.",5,Positif
REV1570,"pengiriman lambat, benar-benar harga mahal. Tidak akan beli lagi.",1,Negatif
REV1571,"apel busuk, benar-benar pengiriman lambat. Tidak akan beli lagi.",2,Negatif
REV1572,"jelek, benar-benar hancur. Tidak akan beli lagi.",1,Negatif
REV1573,"banyak yang bonyok, benar-benar rasa hambar. Tidak akan beli lagi.",2,Negatif
REV1574,"packing aman, segar sekali. Sangat merekomendasikan.",5,Positif
REV1575,"Barang not bad, pengiriman standar.",3,Netral
REV1576,"Barang cukup, pengiriman standar.",3,Netral
REV1577,"sangat manis, murah dan bagus. Sangat merekomendasikan.",5,Positif
REV1578,"seller ramah, murah dan bagus. Sangat merekomendasikan.",5,Positif
REV1579,"Barang sesuai harga, pengiriman standar.",3,Netral
REV1580,"packing aman, buahnya besar. Sangat merekomendasikan.",4,Positif
REV1581,"renyah, bisa dimakan. Sangat merekomendasikan.",5,Positif
REV1582,"seller ramah, pengiriman cepat. Sangat merekomendasikan.",5,Positif
REV1583,"banyak yang bonyok, benar-benar jelek. Tidak akan beli lagi.",1,Negatif
REV1584,"seller ramah, lumayan. Sangat merekomendasikan.",4,Positif
REV1585,"packing aman, cukup. Sangat merekomendasikan.",4,Positif
REV1586,"sangat manis, bisa dimakan. Sangat merekomendasikan.",4,Positif
REV1587,"kualitas super, packing aman. Sangat merekomendasikan.",5,Positif
REV1588,"murah dan bagus, packing aman. Sangat merekomendasikan.",4,Positif
REV1589,"Barang sesuai harga, pengiriman standar.",3,Netral
REV1590,"seller ramah, segar sekali. Sangat merekomendasikan.",4,Positif
REV1591,"rasa hambar, benar-benar harga mahal. Tidak akan beli lagi.",1,Negatif
REV1592,"pengiriman cepat, mantap. Sangat merekomendasikan.",4,Positif
REV1593,"sangat manis, kualitas super. Sangat merekomendasikan.",4,Positif
REV1594,"renyah, kualitas super. Sangat merekomendasikan.",4,Positif
REV1595,"murah dan bagus, sesuai harga. Sangat merekomendasikan.",5,Positif
REV1596,"renyah, biasa saja. Sangat merekomendasikan.",4,Positif
REV1597,"pengiriman cepat, packing aman. Sangat merekomendasikan.",4,Positif
REV1598,"buahnya besar, biasa saja. Sangat merekomendasikan.",5,Positif
REV1599,"mantap, renyah. Sangat merekomendasikan.",4,Positif
REV1600,"pengiriman cepat, renyah. Sangat merekomendasikan.",4,Positif
REV1601,"Barang sesuai harga, pengiriman standar.",3,Netral
REV1602,"mantap, standar. Sangat merekomendasikan.",5,Positif
REV1603,"Barang bisa dimakan, pengiriman standar.",3,Netral
REV1604,"segar sekali, sampai tujuan. Sangat merekomendasikan.",5,Positif
REV1605,"mantap, murah dan bagus. Sangat merekomendasikan.",4,Positif
REV1606,"segar sekali, oke. Sangat merekomendasikan.",5,Positif
REV1607,"ukuran kecil, benar-benar harga mahal. Tidak akan beli lagi.",1,Negatif
REV1608,"ukuran kecil, benar-benar apel busuk. Tidak akan beli lagi.",2,Negatif
REV1609,"packing aman, mantap. Sangat merekomendasikan.",4,Positif
REV1610,"jelek, benar-benar pengiriman lambat. Tidak akan beli lagi.",1,Negatif
REV1611,"kualitas super, oke. Sangat merekomendasikan.",5,Positif
REV1612,"renyah, not bad. Sangat merekomendasikan.",4,Positif
REV1613,"ukuran kecil, benar-benar kurang segar. Tidak akan beli lagi.",1,Negatif
REV1614,"murah dan bagus, oke. Sangat merekomendasikan.",5,Positif
REV1615,"murah dan bagus, seller ramah. Sangat merekomendasikan.",5,Positif
REV1616,"seller ramah, sampai tujuan. Sangat merekomendasikan.",4,Positif
REV1617,"kualitas super, packing aman. Sangat merekomendasikan.",4,Positif
REV1618,"seller ramah, not bad. Sangat merekomendasikan.",4,Positif
REV1619,"Barang sampai tujuan, pengiriman standar.",3,Netral
REV1620,"mantap, mantap. Sangat merekomendasikan.",5,Positif
REV1621,"Barang oke, pengiriman standar.",3,Netral
REV1622,"sangat manis, standar. Sangat merekomendasikan.",4,Positif
REV1623,"murah dan bagus, sangat manis. Sangat merekomendasikan.",5,Positif
REV1624,"Barang bisa dimakan, pengiriman standar.",3,Netral
REV1625,"Barang lumayan, pengiriman standar.",3,Netral
REV1626,"mantap, sampai tujuan. Sangat merekomendasikan.",4,Positif
REV1627,"murah dan bagus, packing aman. Sangat merekomendasikan.",5,Positif
REV1628,"mantap, sesuai harga. Sangat merekomendasikan.",4,Positif
REV1629,"segar sekali, seller ramah. Sangat merekomendasikan.",5,Positif
REV1630,"mantap, buahnya besar. Sangat merekomendasikan.",4,Positif
REV1631,"pengiriman cepat, segar sekali. Sangat merekomendasikan.",4,Positif
REV1632,"sangat manis, mantap. Sangat merekomendasikan.",5,Positif
REV1633,"packing aman, kualitas super. Sangat merekomendasikan.",5,Positif
REV1634,"Barang bisa dimakan, pengiriman standar.",3,Netral
REV1635,"banyak yang bonyok, benar-benar pengiriman lambat. Tidak akan beli lagi.",2,Negatif
REV1636,"Barang sesuai harga, pengiriman standar.",3,Netral
REV1637,"murah dan bagus, lumayan. Sangat merekomendasikan.",4,Positif
REV1638,"seller ramah, renyah. Sangat merekomendasikan.",5,Positif
REV1639,"segar sekali, murah dan bagus. Sangat merekomendasikan.",5,Positif
REV1640,"buahnya besar, sesuai harga. Sangat merekomendasikan.",5,Positif
REV1641,"buahnya besar, sesuai deskripsi. Sangat merekomendasikan.",4,Positif
REV1642,"Barang oke, pengiriman standar.",3,Netral
REV1643,"pengiriman cepat, buahnya besar. Sangat merekomendasikan.",4,Positif
REV1644,"packing aman, mantap. Sangat merekomendasikan.",5,Positif
REV1645,"banyak yang bonyok, benar-benar rasa hambar. Tidak akan beli lagi.",1,Negatif
REV1646,"Barang cukup, pengiriman standar.",3,Netral
REV1647,"kualitas super, murah dan bagus. Sangat merekomendasikan.",5,Positif
REV1648,"Barang biasa saja, pengiriman standar.",3,Netral
REV1649,"seller ramah, cukup. Sangat merekomendasikan.",4,Positif
REV1650,"renyah, pengiriman cepat. Sangat merekomendasikan.",4,Positif
REV1651,"seller ramah, sangat manis. Sangat merekomendasikan.",5,Positif
REV1652,"murah dan bagus, cukup. Sangat merekomendasikan.",5,Positif
REV1653,"Barang sesuai harga, pengiriman standar.",3,Netral
REV1654,"packing aman, sesuai harga. Sangat merekomendasikan.",5,Positif
REV1655,"ukuran kecil, benar-benar hancur. Tidak akan beli lagi.",2,Negatif
REV1656,"seller ramah, sesuai harga. Sangat merekomendasikan.",5,Positif
REV1657,"kualitas super, packing aman. Sangat merekomendasikan.",5,Positif
REV1658,"packing aman, sangat manis. Sangat merekomendasikan.",5,Positif
REV1659,"mantap, cukup. Sangat merekomendasikan.",4,Positif
REV1660,"renyah, bisa dimakan. Sangat merekomendasikan.",4,Positif
REV1661,"segar sekali, pengiriman cepat. Sangat merekomendasikan.",4,Positif
REV1662,"packing aman, mantap. Sangat merekomendasikan.",4,Positif
REV1663,"seller ramah, segar sekali. Sangat merekomendasikan.",4,Positif
REV1664,"pengiriman cepat, kualitas super. Sangat merekomendasikan.",5,Positif
REV1665,"sangat manis, mantap. Sangat merekomendasikan.",4,Positif
REV1666,"harga mahal, benar-benar rasa hambar. Tidak akan beli lagi.",1,Negatif
REV1667,"kualitas super, packing aman. Sangat merekomendasikan.",5,Positif
REV1668,"buahnya besar, murah dan bagus. Sangat merekomendasikan.",5,Positif
REV1669,"seller ramah, oke. Sangat merekomendasikan.",5,Positif
REV1670,"renyah, cukup. Sangat merekomendasikan.",4,Positif
REV1671,"kurang segar, benar-benar hancur. Tidak akan beli lagi.",2,Negatif
REV1672,"pengiriman lambat, benar-benar kurang segar. Tidak akan beli lagi.",1,Negatif
REV1673,"kualitas super, sampai tujuan. Sangat merekomendasikan.",4,Positif
REV1674,"mantap, biasa saja. Sangat merekomendasikan.",4,Positif
REV1675,"Barang oke, pengiriman standar.",3,Netral
REV1676,"sangat manis, sesuai harga. Sangat merekomendasikan.",5,Positif
REV1677,"kecewa, benar-benar harga mahal. Tidak akan beli lagi.",1,Negatif
REV1678,"packing aman, packing aman. Sangat merekomendasikan.",4,Positif
REV1679,"Barang sampai tujuan, pengiriman standar.",3,Netral
REV1680,"kualitas super, sesuai harga. Sangat merekomendasikan.",5,Positif
REV1681,"buahnya besar, sesuai harga. Sangat merekomendasikan.",5,Positif
REV1682,"sangat manis, standar. Sangat merekomendasikan.",5,Positif
REV1683,"ukuran kecil, benar-benar kecewa. Tidak akan beli lagi.",1,Negatif
REV1684,"kualitas super, oke. Sangat merekomendasikan.",4,Positif
REV1685,"kualitas super, seller ramah. Sangat merekomendasikan.",4,Positif
REV1686,"Barang bisa dimakan, pengiriman standar.",3,Netral
REV1687,"sangat manis, kualitas super. Sangat merekomendasikan.",5,Positif
REV1688,"banyak yang bonyok, benar-benar kecewa. Tidak akan beli lagi.",1,Negatif
REV1689,"pengiriman lambat, benar-benar hancur. Tidak akan beli lagi.",2,Negatif
REV1690,"segar sekali, pengiriman cepat. Sangat merekomendasikan.",4,Positif
REV1691,"Barang not bad, pengiriman standar.",3,Netral
REV1692,"segar sekali, not bad. Sangat merekomendasikan.",5,Positif
REV1693,"segar sekali, packing aman. Sangat merekomendasikan.",5,Positif
REV1694,"renyah, murah dan bagus. Sangat merekomendasikan.",4,Positif
REV1695,"mantap, sangat manis. Sangat merekomendasikan.",4,Positif
REV1696,"Barang oke, pengiriman standar.",3,Netral
REV1697,"Barang standar, pengiriman standar.",3,Netral
REV1698,"pengiriman cepat, cukup. Sangat merekomendasikan.",4,Positif
REV1699,"ukuran kecil, benar-benar pengiriman lambat. Tidak akan beli lagi.",1,Negatif
REV1700,"kualitas super, sangat manis. Sangat merekomendasikan.",5,Positif
REV1701,"pengiriman lambat, benar-benar apel busuk. Tidak akan beli lagi.",1,Negatif
REV1702,"banyak yang bonyok, benar-benar kecewa. Tidak akan beli lagi.",2,Negatif
REV1703,"mantap, lumayan. Sangat merekomendasikan.",4,Positif
REV1704,"sangat manis, renyah. Sangat merekomendasikan.",5,Positif
REV1705,"ukuran kecil, benar-benar apel busuk. Tidak akan beli lagi.",2,Negatif
REV1706,"Barang standar, pengiriman standar.",3,Netral
REV1707,"seller ramah, sesuai deskripsi. Sangat merekomendasikan.",5,Positif
REV1708,"kualitas super, pengiriman cepat. Sangat merekomendasikan.",5,Positif
REV1709,"Barang cukup, pengiriman standar.",3,Netral
REV1710,"Barang cukup, pengiriman standar.",3,Netral
REV1711,"banyak yang bonyok, benar-benar jelek. Tidak akan beli lagi.",1,Negatif
REV1712,"mantap, segar sekali. Sangat merekomendasikan.",4,Positif
REV1713,"packing aman, sesuai deskripsi. Sangat merekomendasikan.",5,Positif
REV1714,"Barang biasa saja, pengiriman standar.",3,Netral
REV1715,"hancur, benar-benar apel busuk. Tidak akan beli lagi.",1,Negatif
REV1716,"jelek, benar-benar ukuran kecil. Tidak akan beli lagi.",1,Negatif
REV1717,"harga mahal, benar-benar apel busuk. Tidak akan beli lagi.",2,Negatif
REV1718,"Barang lumayan, pengiriman standar.",3,Netral
REV1719,"Barang cukup, pengiriman standar.",3,Netral
REV1720,"kurang segar, benar-benar kurang segar. Tidak akan beli lagi.",1,Negatif
REV1721,"Barang sesuai harga, pengiriman standar.",3,Netral
REV1722,"Barang cukup, pengiriman standar.",3,Netral
REV1723,"packing aman, pengiriman cepat. Sangat merekomendasikan.",5,Positif
REV1724,"kualitas super, lumayan. Sangat merekomendasikan.",4,Positif
REV1725,"mantap, murah dan bagus. Sangat merekomendasikan.",4,Positif
REV1726,"kualitas super, murah dan bagus. Sangat merekomendasikan.",4,Positif
REV1727,"murah dan bagus, bisa dimakan. Sangat merekomendasikan.",4,Positif
REV1728,"hancur, benar-benar jelek. Tidak akan beli lagi.",1,Negatif
REV1729,"Barang sampai tujuan, pengiriman standar.",3,Netral
REV1730,"Barang sesuai deskripsi, pengiriman standar.",3,Netral
REV1731,"Barang bisa dimakan, pengiriman standar.",3,Netral
REV1732,"buahnya besar, mantap. Sangat merekomendasikan.",5,Positif
REV1733,"packing aman, sesuai deskripsi. Sangat merekomendasikan.",4,Positif
REV1734,"mantap, biasa saja. Sangat merekomendasikan.",5,Positif
REV1735,"rasa hambar, benar-benar rasa hambar. Tidak akan beli lagi.",2,Negatif
REV1736,"buahnya besar, seller ramah. Sangat merekomendasikan.",4,Positif
REV1737,"seller ramah, oke. Sangat merekomendasikan.",4,Positif
REV1738,"segar sekali, biasa saja. Sangat merekomendasikan.",4,Positif
REV1739,"renyah, oke. Sangat merekomendasikan.",5,Positif
REV1740,"kurang segar, benar-benar kurang segar. Tidak akan beli lagi.",2,Negatif
REV1741,"kualitas super, lumayan. Sangat merekomendasikan.",5,Positif
REV1742,"seller ramah, lumayan. Sangat merekomendasikan.",4,Positif
REV1743,"ukuran kecil, benar-benar banyak yang bonyok. Tidak akan beli lagi.",1,Negatif
REV1744,"pengiriman lambat, benar-benar harga mahal. Tidak akan beli lagi.",2,Negatif
REV1745,"kualitas super, pengiriman cepat. Sangat merekomendasikan.",5,Positif
REV1746,"kualitas super, pengiriman cepat. Sangat merekomendasikan.",4,Positif
REV1747,"seller ramah, segar sekali. Sangat merekomendasikan.",5,Positif
REV1748,"renyah, murah dan bagus. Sangat merekomendasikan.",4,Positif
REV1749,"buahnya besar, kualitas super. Sangat merekomendasikan.",5,Positif
REV1750,"Barang bisa dimakan, pengiriman standar.",3,Netral
REV1751,"jelek, benar-benar jelek. Tidak akan beli lagi.",1,Negatif
REV1752,"renyah, segar sekali. Sangat merekomendasikan.",4,Positif
REV1753,"kurang segar, benar-benar banyak yang bonyok. Tidak akan beli lagi.",1,Negatif
REV1754,"seller ramah, kualitas super. Sangat merekomendasikan.",5,Positif
REV1755,"ukuran kecil, benar-benar hancur. Tidak akan beli lagi.",2,Negatif
REV1756,"murah dan bagus, sesuai harga. Sangat merekomendasikan.",4,Positif
REV1757,"rasa hambar, benar-benar hancur. Tidak akan beli lagi.",1,Negatif
REV1758,"buahnya besar, seller ramah. Sangat merekomendasikan.",5,Positif
REV1759,"pengiriman lambat, benar-benar harga mahal. Tidak akan beli lagi.",2,Negatif
REV1760,"segar sekali, segar sekali. Sangat merekomendasikan.",4,Positif
REV1761,"renyah, cukup. Sangat merekomendasikan.",5,Positif
REV1762,"Barang sampai tujuan, pengiriman standar.",3,Netral
REV1763,"rasa hambar, benar-benar ukuran kecil. Tidak akan beli lagi.",1,Negatif
REV1764,"mantap, packing aman. Sangat merekomendasikan.",4,Positif
REV1765,"Barang sesuai deskripsi, pengiriman standar.",3,Netral
REV1766,"buahnya besar, bisa dimakan. Sangat merekomendasikan.",4,Positif
REV1767,"mantap, cukup. Sangat merekomendasikan.",5,Positif
REV1768,"sangat manis, bisa dimakan. Sangat merekomendasikan.",4,Positif
REV1769,"Barang oke, pengiriman standar.",3,Netral
REV1770,"apel busuk, benar-benar pengiriman lambat. Tidak akan beli lagi.",1,Negatif
REV1771,"murah dan bagus, mantap. Sangat merekomendasikan.",4,Positif
REV1772,"Barang sampai tujuan, pengiriman standar.",3,Netral
REV1773,"Barang sampai tujuan, pengiriman standar.",3,Netral
REV1774,"sangat manis, renyah. Sangat merekomendasikan.",4,Positif
REV1775,"Barang standar, pengiriman standar.",3,Netral
REV1776,"hancur, benar-benar kurang segar. Tidak akan beli lagi.",2,Negatif
REV1777,"kualitas super, murah dan bagus. Sangat merekomendasikan.",5,Positif
REV1778,"Barang lumayan, pengiriman standar.",3,Netral
REV1779,"kualitas super, sesuai deskripsi. Sangat merekomendasikan.",4,Positif
REV1780,"segar sekali, standar. Sangat merekomendasikan.",5,Positif
REV1781,"seller ramah, oke. Sangat merekomendasikan.",4,Positif
REV1782,"renyah, renyah. Sangat merekomendasikan.",4,Positif
REV1783,"Barang sampai tujuan, pengiriman standar.",3,Netral
REV1784,"Barang oke, pengiriman standar.",3,Netral
REV1785,"Barang sampai tujuan, pengiriman standar.",3,Netral
REV1786,"hancur, benar-benar hancur. Tidak akan beli lagi.",1,Negatif
REV1787,"Barang sesuai harga, pengiriman standar.",3,Netral
REV1788,"Barang lumayan, pengiriman standar.",3,Netral
REV1789,"Barang standar, pengiriman standar.",3,Netral
REV1790,"pengiriman cepat, bisa dimakan. Sangat merekomendasikan.",5,Positif
REV1791,"sangat manis, pengiriman cepat. Sangat merekomendasikan.",5,Positif
REV1792,"ukuran kecil, benar-benar harga mahal. Tidak akan beli lagi.",2,Negatif
REV1793,"Barang sesuai deskripsi, pengiriman standar.",3,Netral
REV1794,"packing aman, bisa dimakan. Sangat merekomendasikan.",4,Positif
REV1795,"packing aman, biasa saja. Sangat merekomendasikan.",4,Positif
REV1796,"murah dan bagus, seller ramah. Sangat merekomendasikan.",5,Positif
REV1797,"buahnya besar, segar sekali. Sangat merekomendasikan.",5,Positif
REV1798,"renyah, biasa saja. Sangat merekomendasikan.",5,Positif
REV1799,"kualitas super, mantap. Sangat merekomendasikan.",5,Positif
REV1800,"mantap, sampai tujuan. Sangat merekomendasikan.",4,Positif
REV1801,"Barang not bad, pengiriman standar.",3,Netral
REV1802,"Barang oke, pengiriman standar.",3,Netral
REV1803,"Barang lumayan, pengiriman standar.",3,Netral
REV1804,"kecewa, benar-benar kurang segar. Tidak akan beli lagi.",1,Negatif
REV1805,"hancur, benar-benar apel busuk. Tidak akan beli lagi.",2,Negatif
REV1806,"sangat manis, seller ramah. Sangat merekomendasikan.",4,Positif
REV1807,"murah dan bagus, seller ramah. Sangat merekomendasikan.",4,Positif
REV1808,"pengiriman lambat, benar-benar ukuran kecil. Tidak akan beli lagi.",2,Negatif
REV1809,"murah dan bagus, lumayan. Sangat merekomendasikan.",4,Positif
REV1810,"kualitas super, sangat manis. Sangat merekomendasikan.",4,Positif
REV1811,"Barang cukup, pengiriman standar.",3,Netral
REV1812,"Barang sesuai deskripsi, pengiriman standar.",3,Netral
REV1813,"pengiriman cepat, murah dan bagus. Sangat merekomendasikan.",4,Positif
REV1814,"seller ramah, cukup. Sangat merekomendasikan.",4,Positif
REV1815,"Barang biasa saja, pengiriman standar.",3,Netral
REV1816,"buahnya besar, cukup. Sangat merekomendasikan.",5,Positif
REV1817,"banyak yang bonyok, benar-benar rasa hambar. Tidak akan beli lagi.",1,Negatif
REV1818,"Barang sesuai deskripsi, pengiriman standar.",3,Netral
REV1819,"apel busuk, benar-benar kurang segar. Tidak akan beli lagi.",2,Negatif
REV1820,"apel busuk, benar-benar harga mahal. Tidak akan beli lagi.",2,Negatif
REV1821,"kualitas super, lumayan. Sangat merekomendasikan.",4,Positif
REV1822,"Barang bisa dimakan, pengiriman standar.",3,Netral
REV1823,"kurang segar, benar-benar hancur. Tidak akan beli lagi.",1,Negatif
REV1824,"seller ramah, biasa saja. Sangat merekomendasikan.",4,Positif
REV1825,"ukuran kecil, benar-benar rasa hambar. Tidak akan beli lagi.",1,Negatif
REV1826,"kurang segar, benar-benar apel busuk. Tidak akan beli lagi.",2,Negatif
REV1827,"renyah, renyah. Sangat merekomendasikan.",4,Positif
REV1828,"Barang bisa dimakan, pengiriman standar.",3,Netral
REV1829,"packing aman, sesuai harga. Sangat merekomendasikan.",4,Positif
REV1830,"Barang sesuai harga, pengiriman standar.",3,Netral
REV1831,"seller ramah, segar sekali. Sangat merekomendasikan.",4,Positif
REV1832,"segar sekali, biasa saja. Sangat merekomendasikan.",4,Positif
REV1833,"mantap, standar. Sangat merekomendasikan.",5,Positif
REV1834,"buahnya besar, pengiriman cepat. Sangat merekomendasikan.",4,Positif
REV1835,"seller ramah, mantap. Sangat merekomendasikan.",4,Positif
REV1836,"renyah, packing aman. Sangat merekomendasikan.",4,Positif
REV1837,"banyak yang bonyok, benar-benar pengiriman lambat. Tidak akan beli lagi.",1,Negatif
REV1838,"kualitas super, sesuai deskripsi. Sangat merekomendasikan.",5,Positif
REV1839,"kualitas super, sesuai deskripsi. Sangat merekomendasikan.",5,Positif
REV1840,"buahnya besar, seller ramah. Sangat merekomendasikan.",4,Positif
REV1841,"banyak yang bonyok, benar-benar banyak yang bonyok. Tidak akan beli lagi.",2,Negatif
REV1842,"pengiriman cepat, packing aman. Sangat merekomendasikan.",4,Positif
REV1843,"kualitas super, murah dan bagus. Sangat merekomendasikan.",5,Positif
REV1844,"Barang oke, pengiriman standar.",3,Netral
REV1845,"segar sekali, renyah. Sangat merekomendasikan.",4,Positif
REV1846,"Barang bisa dimakan, pengiriman standar.",3,Netral
REV1847,"pengiriman cepat, pengiriman cepat. Sangat merekomendasikan.",5,Positif
REV1848,"pengiriman cepat, sampai tujuan. Sangat merekomendasikan.",5,Positif
REV1849,"packing aman, not bad. Sangat merekomendasikan.",4,Positif
REV1850,"mantap, oke. Sangat merekomendasikan.",5,Positif
REV1851,"mantap, bisa dimakan. Sangat merekomendasikan.",5,Positif
REV1852,"renyah, lumayan. Sangat merekomendasikan.",5,Positif
REV1853,"pengiriman lambat, benar-benar harga mahal. Tidak akan beli lagi.",1,Negatif
REV1854,"Barang sesuai harga, pengiriman standar.",3,Netral
REV1855,"Barang cukup, pengiriman standar.",3,Netral
REV1856,"harga mahal, benar-benar ukuran kecil. Tidak akan beli lagi.",2,Negatif
REV1857,"ukuran kecil, benar-benar hancur. Tidak akan beli lagi.",1,Negatif
REV1858,"sangat manis, sesuai harga. Sangat merekomendasikan.",5,Positif
REV1859,"buahnya besar, pengiriman cepat. Sangat merekomendasikan.",4,Positif
REV1860,"Barang oke, pengiriman standar.",3,Netral
REV1861,"packing aman, oke. Sangat merekomendasikan.",5,Positif
REV1862,"apel busuk, benar-benar apel busuk. Tidak akan beli lagi.",2,Negatif
REV1863,"renyah, mantap. Sangat merekomendasikan.",5,Positif
REV1864,"kualitas super, pengiriman cepat. Sangat merekomendasikan.",4,Positif
REV1865,"Barang bisa dimakan, pengiriman standar.",3,Netral
REV1866,"mantap, sesuai deskripsi. Sangat merekomendasikan.",4,Positif
REV1867,"seller ramah, oke. Sangat merekomendasikan.",4,Positif
REV1868,"Barang bisa dimakan, pengiriman standar.",3,Netral
REV1869,"buahnya besar, kualitas super. Sangat merekomendasikan.",5,Positif
REV1870,"packing aman, not bad. Sangat merekomendasikan.",5,Positif
REV1871,"segar sekali, lumayan. Sangat merekomendasikan.",4,Positif
REV1872,"mantap, sampai tujuan. Sangat merekomendasikan.",4,Positif
REV1873,"Barang not bad, pengiriman standar.",3,Netral
REV1874,"pengiriman cepat, kualitas super. Sangat merekomendasikan.",4,Positif
REV1875,"Barang cukup, pengiriman standar.",3,Netral
REV1876,"kualitas super, lumayan. Sangat merekomendasikan.",4,Positif
REV1877,"Barang sesuai harga, pengiriman standar.",3,Netral
REV1878,"jelek, benar-benar pengiriman lambat. Tidak akan beli lagi.",1,Negatif
REV1879,"Barang lumayan, pengiriman standar.",3,Netral
REV1880,"segar sekali, oke. Sangat merekomendasikan.",5,Positif
REV1881,"harga mahal, benar-benar jelek. Tidak akan beli lagi.",2,Negatif
REV1882,"buahnya besar, bisa dimakan. Sangat merekomendasikan.",5,Positif
REV1883,"Barang standar, pengiriman standar.",3,Netral
REV1884,"banyak yang bonyok, benar-benar banyak yang bonyok. Tidak akan beli lagi.",2,Negatif
REV1885,"Barang oke, pengiriman standar.",3,Netral
REV1886,"seller ramah, biasa saja. Sangat merekomendasikan.",5,Positif
REV1887,"renyah, bisa dimakan. Sangat merekomendasikan.",4,Positif
REV1888,"Barang lumayan, pengiriman standar.",3,Netral
REV1889,"banyak yang bonyok, benar-benar rasa hambar. Tidak akan beli lagi.",1,Negatif
REV1890,"renyah, segar sekali. Sangat merekomendasikan.",5,Positif
REV1891,"jelek, benar-benar kurang segar. Tidak akan beli lagi.",1,Negatif
REV1892,"ukuran kecil, benar-benar ukuran kecil. Tidak akan beli lagi.",2,Negatif
REV1893,"mantap, murah dan bagus. Sangat merekomendasikan.",5,Positif
REV1894,"Barang sampai tujuan, pengiriman standar.",3,Netral
REV1895,"kualitas super, not bad. Sangat merekomendasikan.",4,Positif
REV1896,"pengiriman cepat, sesuai harga. Sangat merekomendasikan.",5,Positif
REV1897,"murah dan bagus, standar. Sangat merekomendasikan.",5,Positif
REV1898,"pengiriman lambat, benar-benar hancur. Tidak akan beli lagi.",2,Negatif
REV1899,"kualitas super, mantap. Sangat merekomendasikan.",5,Positif
REV1900,"buahnya besar, standar. Sangat merekomendasikan.",4,Positif
REV1901,"banyak yang bonyok, benar-benar pengiriman lambat. Tidak akan beli lagi.",1,Negatif
REV1902,"buahnya besar, pengiriman cepat. Sangat merekomendasikan.",5,Positif
REV1903,"seller ramah, sesuai deskripsi. Sangat merekomendasikan.",5,Positif
REV1904,"renyah, sangat manis. Sangat merekomendasikan.",5,Positif
REV1905,"renyah, mantap. Sangat merekomendasikan.",5,Positif
REV1906,"pengiriman cepat, seller ramah. Sangat merekomendasikan.",5,Positif
REV1907,"Barang sampai tujuan, pengiriman standar.",3,Netral
REV1908,"harga mahal, benar-benar kecewa. Tidak akan beli lagi.",1,Negatif
REV1909,"kecewa, benar-benar pengiriman lambat. Tidak akan beli lagi.",1,Negatif
REV1910,"Barang standar, pengiriman standar.",3,Netral
REV1911,"Barang sesuai harga, pengiriman standar.",3,Netral
REV1912,"ukuran kecil, benar-benar rasa hambar. Tidak akan beli lagi.",1,Negatif
REV1913,"buahnya besar, cukup. Sangat merekomendasikan.",4,Positif
REV1914,"buahnya besar, kualitas super. Sangat merekomendasikan.",5,Positif
REV1915,"renyah, bisa dimakan. Sangat merekomendasikan.",5,Positif
REV1916,"pengiriman cepat, bisa dimakan. Sangat merekomendasikan.",5,Positif
REV1917,"kurang segar, benar-benar pengiriman lambat. Tidak akan beli lagi.",2,Negatif
REV1918,"pengiriman lambat, benar-benar pengiriman lambat. Tidak akan beli lagi.",2,Negatif
REV1919,"mantap, renyah. Sangat merekomendasikan.",5,Positif
REV1920,"packing aman, kualitas super. Sangat merekomendasikan.",4,Positif
REV1921,"seller ramah, sesuai harga. Sangat merekomendasikan.",4,Positif
REV1922,"Barang biasa saja, pengiriman standar.",3,Netral
REV1923,"packing aman, bisa dimakan. Sangat merekomendasikan.",4,Positif
REV1924,"murah dan bagus, oke. Sangat merekomendasikan.",4,Positif
REV1925,"segar sekali, cukup. Sangat merekomendasikan.",5,Positif
REV1926,"Barang biasa saja, pengiriman standar.",3,Netral
REV1927,"murah dan bagus, sampai tujuan. Sangat merekomendasikan.",4,Positif
REV1928,"kecewa, benar-benar banyak yang bonyok. Tidak akan beli lagi.",2,Negatif
REV1929,"hancur, benar-benar harga mahal. Tidak akan beli lagi.",1,Negatif
REV1930,"Barang cukup, pengiriman standar.",3,Netral
REV1931,"murah dan bagus, standar. Sangat merekomendasikan.",4,Positif
REV1932,"buahnya besar, sesuai deskripsi. Sangat merekomendasikan.",5,Positif
REV1933,"seller ramah, renyah. Sangat merekomendasikan.",5,Positif
REV1934,"Barang biasa saja, pengiriman standar.",3,Netral
REV1935,"hancur, benar-benar pengiriman lambat. Tidak akan beli lagi.",2,Negatif
REV1936,"ukuran kecil, benar-benar apel busuk. Tidak akan beli lagi.",1,Negatif
REV1937,"Barang cukup, pengiriman standar.",3,Netral
REV1938,"renyah, cukup. Sangat merekomendasikan.",5,Positif
REV1939,"kualitas super, sesuai deskripsi. Sangat merekomendasikan.",5,Positif
REV1940,"Barang sesuai harga, pengiriman standar.",3,Netral
REV1941,"murah dan bagus, pengiriman cepat. Sangat merekomendasikan.",4,Positif
REV1942,"pengiriman cepat, buahnya besar. Sangat merekomendasikan.",5,Positif
REV1943,"harga mahal, benar-benar jelek. Tidak akan beli lagi.",1,Negatif
REV1944,"pengiriman lambat, benar-benar kurang segar. Tidak akan beli lagi.",2,Negatif
REV1945,"kualitas super, packing aman. Sangat merekomendasikan.",4,Positif
REV1946,"packing aman, sesuai harga. Sangat merekomendasikan.",4,Positif
REV1947,"sangat manis, biasa saja. Sangat merekomendasikan.",4,Positif
REV1948,"sangat manis, standar. Sangat merekomendasikan.",4,Positif
REV1949,"buahnya besar, sesuai harga. Sangat merekomendasikan.",4,Positif
REV1950,"segar sekali, standar. Sangat merekomendasikan.",5,Positif
REV1951,"kualitas super, sesuai harga. Sangat merekomendasikan.",5,Positif
REV1952,"segar sekali, sangat manis. Sangat merekomendasikan.",4,Positif
REV1953,"renyah, segar sekali. Sangat merekomendasikan.",5,Positif
REV1954,"renyah, murah dan bagus. Sangat merekomendasikan.",4,Positif
REV1955,"pengiriman lambat, benar-benar apel busuk. Tidak akan beli lagi.",2,Negatif
REV1956,"murah dan bagus, sampai tujuan. Sangat merekomendasikan.",4,Positif
REV1957,"pengiriman cepat, sampai tujuan. Sangat merekomendasikan.",4,Positif
REV1958,"packing aman, bisa dimakan. Sangat merekomendasikan.",4,Positif
REV1959,"sangat manis, pengiriman cepat. Sangat merekomendasikan.",5,Positif
REV1960,"Barang lumayan, pengiriman standar.",3,Netral
REV1961,"murah dan bagus, seller ramah. Sangat merekomendasikan.",5,Positif
REV1962,"pengiriman cepat, cukup. Sangat merekomendasikan.",5,Positif
REV1963,"hancur, benar-benar jelek. Tidak akan beli lagi.",2,Negatif
REV1964,"Barang sesuai deskripsi, pengiriman standar.",3,Netral
REV1965,"kualitas super, mantap. Sangat merekomendasikan.",4,Positif
REV1966,"segar sekali, mantap. Sangat merekomendasikan.",4,Positif
REV1967,"kualitas super, kualitas super. Sangat merekomendasikan.",4,Positif
REV1968,"segar sekali, biasa saja. Sangat merekomendasikan.",5,Positif
REV1969,"Barang bisa dimakan, pengiriman standar.",3,Netral
REV1970,"Barang cukup, pengiriman standar.",3,Netral
REV1971,"kualitas super, segar sekali. Sangat merekomendasikan.",5,Positif
REV1972,"Barang cukup, pengiriman standar.",3,Netral
REV1973,"mantap, cukup. Sangat merekomendasikan.",4,Positif
REV1974,"sangat manis, sesuai deskripsi. Sangat merekomendasikan.",4,Positif
REV1975,"mantap, packing aman. Sangat merekomendasikan.",4,Positif
REV1976,"pengiriman lambat, benar-benar ukuran kecil. Tidak akan beli lagi.",1,Negatif
REV1977,"kurang segar, benar-benar apel busuk. Tidak akan beli lagi.",2,Negatif
REV1978,"Barang bisa dimakan, pengiriman standar.",3,Netral
REV1979,"renyah, packing aman. Sangat merekomendasikan.",5,Positif
REV1980,"mantap, biasa saja. Sangat merekomendasikan.",5,Positif
REV1981,"pengiriman cepat, pengiriman cepat. Sangat merekomendasikan.",4,Positif
REV1982,"buahnya besar, sesuai harga. Sangat merekomendasikan.",4,Positif
REV1983,"kualitas super, sesuai deskripsi. Sangat merekomendasikan.",5,Positif
REV1984,"buahnya besar, sesuai deskripsi. Sangat merekomendasikan.",5,Positif
REV1985,"buahnya besar, cukup. Sangat merekomendasikan.",4,Positif
REV1986,"apel busuk, benar-benar kurang segar. Tidak akan beli lagi.",1,Negatif
REV1987,"packing aman, kualitas super. Sangat merekomendasikan.",4,Positif
REV1988,"seller ramah, sesuai harga. Sangat merekomendasikan.",5,Positif
REV1989,"murah dan bagus, sangat manis. Sangat merekomendasikan.",4,Positif
REV1990,"renyah, pengiriman cepat. Sangat merekomendasikan.",4,Positif
REV1991,"banyak yang bonyok, benar-benar kecewa. Tidak akan beli lagi.",2,Negatif
REV1992,"kualitas super, not bad. Sangat merekomendasikan.",4,Positif
REV1993,"renyah, murah dan bagus. Sangat merekomendasikan.",4,Positif
REV1994,"Barang lumayan, pengiriman standar.",3,Netral
REV1995,"renyah, cukup. Sangat merekomendasikan.",5,Positif
REV1996,"renyah, renyah. Sangat merekomendasikan.",5,Positif
REV1997,"harga mahal, benar-benar harga mahal. Tidak akan beli lagi.",1,Negatif
REV1998,"pengiriman cepat, murah dan bagus. Sangat merekomendasikan.",5,Positif
REV1999,"kualitas super, oke. Sangat merekomendasikan.",5,Positif
REV2000,"apel busuk, benar-benar ukuran kecil. Tidak akan beli lagi.",2,Negatif
REV2001,"segar sekali, kualitas super. Sangat merekomendasikan.",5,Positif
REV2002,"segar sekali, kualitas super. Sangat merekomendasikan.",4,Positif
REV2003,"renyah, mantap. Sangat merekomendasikan.",5,Positif
REV2004,"buahnya besar, standar. Sangat merekomendasikan.",4,Positif
REV2005,"jelek, benar-benar harga mahal. Tidak akan beli lagi.",2,Negatif
REV2006,"murah dan bagus, kualitas super. Sangat merekomendasikan.",4,Positif
REV2007,"segar sekali, mantap. Sangat merekomendasikan.",4,Positif
REV2008,"renyah, kualitas super. Sangat merekomendasikan.",5,Positif
REV2009,"Barang sampai tujuan, pengiriman standar.",3,Netral
REV2010,"murah dan bagus, segar sekali. Sangat merekomendasikan.",4,Positif
REV2011,"Barang sampai tujuan, pengiriman standar.",3,Netral
REV2012,"seller ramah, standar. Sangat merekomendasikan.",4,Positif
REV2013,"packing aman, standar. Sangat merekomendasikan.",4,Positif
REV2014,"Barang sampai tujuan, pengiriman standar.",3,Netral
REV2015,"pengiriman cepat, sampai tujuan. Sangat merekomendasikan.",4,Positif
REV2016,"packing aman, sesuai harga. Sangat merekomendasikan.",5,Positif
REV2017,"buahnya besar, buahnya besar. Sangat merekomendasikan.",4,Positif
REV2018,"kualitas super, biasa saja. Sangat merekomendasikan.",4,Positif
REV2019,"kualitas super, biasa saja. Sangat merekomendasikan.",5,Positif
REV2020,"mantap, renyah. Sangat merekomendasikan.",4,Positif
REV2021,"Barang not bad, pengiriman standar.",3,Netral
REV2022,"murah dan bagus, lumayan. Sangat merekomendasikan.",4,Positif
REV2023,"kualitas super, pengiriman cepat. Sangat merekomendasikan.",4,Positif
REV2024,"banyak yang bonyok, benar-benar ukuran kecil. Tidak akan beli lagi.",2,Negatif
REV2025,"murah dan bagus, oke. Sangat merekomendasikan.",5,Positif
REV2026,"mantap, biasa saja. Sangat merekomendasikan.",5,Positif
REV2027,"Barang standar, pengiriman standar.",3,Netral
REV2028,"harga mahal, benar-benar banyak yang bonyok. Tidak akan beli lagi.",2,Negatif
REV2029,"Barang cukup, pengiriman standar.",3,Netral
REV2030,"sangat manis, sesuai harga. Sangat merekomendasikan.",5,Positif
REV2031,"mantap, biasa saja. Sangat merekomendasikan.",5,Positif
REV2032,"Barang oke, pengiriman standar.",3,Netral
REV2033,"sangat manis, pengiriman cepat. Sangat merekomendasikan.",5,Positif
REV2034,"kurang segar, benar-benar banyak yang bonyok. Tidak akan beli lagi.",1,Negatif
REV2035,"Barang not bad, pengiriman standar.",3,Netral
REV2036,"pengiriman lambat, benar-benar apel busuk. Tidak akan beli lagi.",2,Negatif
REV2037,"pengiriman cepat, bisa dimakan. Sangat merekomendasikan.",5,Positif
REV2038,"Barang cukup, pengiriman standar.",3,Netral
REV2039,"sangat manis, murah dan bagus. Sangat merekomendasikan.",5,Positif
REV2040,"kualitas super, packing aman. Sangat merekomendasikan.",4,Positif
REV2041,"banyak yang bonyok, benar-benar banyak yang bonyok. Tidak akan beli lagi.",1,Negatif
REV2042,"kurang segar, benar-benar hancur. Tidak akan beli lagi.",1,Negatif
REV2043,"apel busuk, benar-benar hancur. Tidak akan beli lagi.",1,Negatif
REV2044,"pengiriman lambat, benar-benar harga mahal. Tidak akan beli lagi.",1,Negatif
REV2045,"renyah, sesuai harga. Sangat merekomendasikan.",5,Positif
REV2046,"packing aman, pengiriman cepat. Sangat merekomendasikan.",5,Positif
REV2047,"mantap, murah dan bagus. Sangat merekomendasikan.",4,Positif
REV2048,"Barang not bad, pengiriman standar.",3,Netral
REV2049,"Barang sampai tujuan, pengiriman standar.",3,Netral
REV2050,"kurang segar, benar-benar banyak yang bonyok. Tidak akan beli lagi.",1,Negatif
REV2051,"murah dan bagus, packing aman. Sangat merekomendasikan.",4,Positif
REV2052,"kualitas super, sangat manis. Sangat merekomendasikan.",5,Positif
REV2053,"pengiriman cepat, sampai tujuan. Sangat merekomendasikan.",5,Positif
REV2054,"Barang not bad, pengiriman standar.",3,Netral
REV2055,"seller ramah, cukup. Sangat merekomendasikan.",5,Positif
REV2056,"rasa hambar, benar-benar ukuran kecil. Tidak akan beli lagi.",1,Negatif
REV2057,"murah dan bagus, oke. Sangat merekomendasikan.",4,Positif
REV2058,"Barang biasa saja, pengiriman standar.",3,Netral
REV2059,"mantap, mantap. Sangat merekomendasikan.",5,Positif
REV2060,"harga mahal, benar-benar kecewa. Tidak akan beli lagi.",1,Negatif
REV2061,"kualitas super, murah dan bagus. Sangat merekomendasikan.",5,Positif
REV2062,"rasa hambar, benar-benar harga mahal. Tidak akan beli lagi.",1,Negatif
REV2063,"pengiriman lambat, benar-benar harga mahal. Tidak akan beli lagi.",2,Negatif
REV2064,"kualitas super, lumayan. Sangat merekomendasikan.",4,Positif
REV2065,"renyah, pengiriman cepat. Sangat merekomendasikan.",4,Positif
REV2066,"buahnya besar, cukup. Sangat merekomendasikan.",5,Positif
REV2067,"murah dan bagus, mantap. Sangat merekomendasikan.",4,Positif
REV2068,"pengiriman cepat, renyah. Sangat merekomendasikan.",5,Positif
REV2069,"banyak yang bonyok, benar-benar jelek. Tidak akan beli lagi.",2,Negatif
REV2070,"segar sekali, segar sekali. Sangat merekomendasikan.",4,Positif
REV2071,"Barang biasa saja, pengiriman standar.",3,Netral
REV2072,"pengiriman cepat, packing aman. Sangat merekomendasikan.",5,Positif
REV2073,"Barang cukup, pengiriman standar.",3,Netral
REV2074,"Barang lumayan, pengiriman standar.",3,Netral
REV2075,"renyah, cukup. Sangat merekomendasikan.",4,Positif
REV2076,"mantap, sesuai harga. Sangat merekomendasikan.",4,Positif
REV2077,"packing aman, cukup. Sangat merekomendasikan.",5,Positif
REV2078,"pengiriman lambat, benar-benar hancur. Tidak akan beli lagi.",2,Negatif
REV2079,"kualitas super, pengiriman cepat. Sangat merekomendasikan.",5,Positif
REV2080,"ukuran kecil, benar-benar kurang segar. Tidak akan beli lagi.",1,Negatif
REV2081,"packing aman, sesuai deskripsi. Sangat merekomendasikan.",4,Positif
REV2082,"seller ramah, biasa saja. Sangat merekomendasikan.",4,Positif
REV2083,"Barang bisa dimakan, pengiriman standar.",3,Netral
REV2084,"kualitas super, murah dan bagus. Sangat merekomendasikan.",4,Positif
REV2085,"renyah, pengiriman cepat. Sangat merekomendasikan.",4,Positif
REV2086,"packing aman, oke. Sangat merekomendasikan.",5,Positif
REV2087,"Barang not bad, pengiriman standar.",3,Netral
REV2088,"renyah, murah dan bagus. Sangat merekomendasikan.",5,Positif
REV2089,"buahnya besar, not bad. Sangat merekomendasikan.",5,Positif
REV2090,"pengiriman cepat, murah dan bagus. Sangat merekomendasikan.",5,Positif
REV2091,"kurang segar, benar-benar jelek. Tidak akan beli lagi.",1,Negatif
REV2092,"Barang lumayan, pengiriman standar.",3,Netral
REV2093,"kualitas super, sesuai deskripsi. Sangat merekomendasikan.",5,Positif
REV2094,"pengiriman cepat, mantap. Sangat merekomendasikan.",5,Positif
REV2095,"pengiriman lambat, benar-benar pengiriman lambat. Tidak akan beli lagi.",1,Negatif
REV2096,"Barang sampai tujuan, pengiriman standar.",3,Netral
REV2097,"Barang biasa saja, pengiriman standar.",3,Netral
REV2098,"renyah, sesuai deskripsi. Sangat merekomendasikan.",4,Positif
REV2099,"ukuran kecil, benar-benar rasa hambar. Tidak akan beli lagi.",2,Negatif
REV2100,"ukuran kecil, benar-benar kecewa. Tidak akan beli lagi.",1,Negatif
REV2101,"jelek, benar-benar ukuran kecil. Tidak akan beli lagi.",2,Negatif
REV2102,"pengiriman lambat, benar-benar ukuran kecil. Tidak akan beli lagi.",1,Negatif
REV2103,"mantap, cukup. Sangat merekomendasikan.",5,Positif
REV2104,"kualitas super, sesuai deskripsi. Sangat merekomendasikan.",5,Positif
REV2105,"Barang standar, pengiriman standar.",3,Netral
REV2106,"mantap, not bad. Sangat merekomendasikan.",5,Positif
REV2107,"pengiriman cepat, renyah. Sangat merekomendasikan.",4,Positif
REV2108,"Barang bisa dimakan, pengiriman standar.",3,Netral
REV2109,"hancur, benar-benar banyak yang bonyok. Tidak akan beli lagi.",2,Negatif
REV2110,"mantap, kualitas super. Sangat merekomendasikan.",5,Positif
REV2111,"sangat manis, pengiriman cepat. Sangat merekomendasikan.",4,Positif
REV2112,"apel busuk, benar-benar hancur. Tidak akan beli lagi.",2,Negatif
REV2113,"murah dan bagus, seller ramah. Sangat merekomendasikan.",4,Positif
REV2114,"Barang bisa dimakan, pengiriman standar.",3,Netral
REV2115,"kurang segar, benar-benar hancur. Tidak akan beli lagi.",1,Negatif
REV2116,"sangat manis, sampai tujuan. Sangat merekomendasikan.",4,Positif
REV2117,"buahnya besar, mantap. Sangat merekomendasikan.",5,Positif
REV2118,"Barang oke, pengiriman standar.",3,Netral
REV2119,"packing aman, packing aman. Sangat merekomendasikan.",5,Positif
REV2120,"Barang sesuai deskripsi, pengiriman standar.",3,Netral
REV2121,"ukuran kecil, benar-benar harga mahal. Tidak akan beli lagi.",2,Negatif
REV2122,"kualitas super, kualitas super. Sangat merekomendasikan.",5,Positif
REV2123,"pengiriman cepat, oke. Sangat merekomendasikan.",4,Positif
REV2124,"kurang segar, benar-benar harga mahal. Tidak akan beli lagi.",2,Negatif
REV2125,"packing aman, seller ramah. Sangat merekomendasikan.",4,Positif
REV2126,"renyah, bisa dimakan. Sangat merekomendasikan.",5,Positif
REV2127,"pengiriman cepat, lumayan. Sangat merekomendasikan.",4,Positif
REV2128,"banyak yang bonyok, benar-benar banyak yang bonyok. Tidak akan beli lagi.",2,Negatif
REV2129,"kurang segar, benar-benar pengiriman lambat. Tidak akan beli lagi.",1,Negatif
REV2130,"renyah, sesuai deskripsi. Sangat merekomendasikan.",4,Positif
REV2131,"buahnya besar, segar sekali. Sangat merekomendasikan.",4,Positif
REV2132,"Barang sampai tujuan, pengiriman standar.",3,Netral
REV2133,"segar sekali, oke. Sangat merekomendasikan.",4,Positif
REV2134,"rasa hambar, benar-benar ukuran kecil. Tidak akan beli lagi.",2,Negatif
REV2135,"packing aman, packing aman. Sangat merekomendasikan.",4,Positif
REV2136,"pengiriman lambat, benar-benar rasa hambar. Tidak akan beli lagi.",1,Negatif
REV2137,"Barang lumayan, pengiriman standar.",3,Netral
REV2138,"murah dan bagus, standar. Sangat merekomendasikan.",4,Positif
REV2139,"hancur, benar-benar kurang segar. Tidak akan beli lagi.",2,Negatif
REV2140,"segar sekali, renyah. Sangat merekomendasikan.",4,Positif
REV2141,"banyak yang bonyok, benar-benar hancur. Tidak akan beli lagi.",2,Negatif
REV2142,"renyah, seller ramah. Sangat merekomendasikan.",4,Positif
REV2143,"pengiriman cepat, sampai tujuan. Sangat merekomendasikan.",4,Positif
REV2144,"buahnya besar, oke. Sangat merekomendasikan.",4,Positif
REV2145,"packing aman, mantap. Sangat merekomendasikan.",4,Positif
REV2146,"packing aman, sangat manis. Sangat merekomendasikan.",4,Positif
REV2147,"Barang sesuai harga, pengiriman standar.",3,Netral
REV2148,"kurang segar, benar-benar jelek. Tidak akan beli lagi.",2,Negatif
REV2149,"packing aman, packing aman. Sangat merekomendasikan.",4,Positif
REV2150,"segar sekali, not bad. Sangat merekomendasikan.",5,Positif
REV2151,"banyak yang bonyok, benar-benar apel busuk. Tidak akan beli lagi.",2,Negatif
REV2152,"sangat manis, mantap. Sangat merekomendasikan.",5,Positif
REV2153,"packing aman, bisa dimakan. Sangat merekomendasikan.",5,Positif
REV2154,"packing aman, mantap. Sangat merekomendasikan.",5,Positif
REV2155,"jelek, benar-benar apel busuk. Tidak akan beli lagi.",1,Negatif
REV2156,"Barang sesuai harga, pengiriman standar.",3,Netral
REV2157,"seller ramah, murah dan bagus. Sangat merekomendasikan.",5,Positif
REV2158,"murah dan bagus, sesuai harga. Sangat merekomendasikan.",5,Positif
REV2159,"seller ramah, sesuai harga. Sangat merekomendasikan.",4,Positif
REV2160,"sangat manis, standar. Sangat merekomendasikan.",4,Positif
REV2161,"apel busuk, benar-benar hancur. Tidak akan beli lagi.",1,Negatif
REV2162,"buahnya besar, seller ramah. Sangat merekomendasikan.",5,Positif
REV2163,"renyah, cukup. Sangat merekomendasikan.",4,Positif
REV2164,"ukuran kecil, benar-benar rasa hambar. Tidak akan beli lagi.",1,Negatif
REV2165,"seller ramah, sesuai deskripsi. Sangat merekomendasikan.",5,Positif
REV2166,"harga mahal, benar-benar jelek. Tidak akan beli lagi.",2,Negatif
REV2167,"murah dan bagus, bisa dimakan. Sangat merekomendasikan.",4,Positif
REV2168,"mantap, segar sekali. Sangat merekomendasikan.",5,Positif
REV2169,"pengiriman cepat, segar sekali. Sangat merekomendasikan.",5,Positif
REV2170,"Barang sesuai deskripsi, pengiriman standar.",3,Netral
REV2171,"renyah, lumayan. Sangat merekomendasikan.",4,Positif
REV2172,"jelek, benar-benar banyak yang bonyok. Tidak akan beli lagi.",2,Negatif
REV2173,"pengiriman lambat, benar-benar kecewa. Tidak akan beli lagi.",2,Negatif
REV2174,"hancur, benar-benar jelek. Tidak akan beli lagi.",2,Negatif
REV2175,"seller ramah, sesuai deskripsi. Sangat merekomendasikan.",5,Positif
REV2176,"sangat manis, kualitas super. Sangat merekomendasikan.",5,Positif
REV2177,"apel busuk, benar-benar pengiriman lambat. Tidak akan beli lagi.",2,Negatif
REV2178,"renyah, sampai tujuan. Sangat merekomendasikan.",4,Positif
REV2179,"buahnya besar, oke. Sangat merekomendasikan.",5,Positif
REV2180,"pengiriman cepat, bisa dimakan. Sangat merekomendasikan.",5,Positif
REV2181,"Barang not bad, pengiriman standar.",3,Netral
REV2182,"pengiriman cepat, lumayan. Sangat merekomendasikan.",4,Positif
REV2183,"Barang bisa dimakan, pengiriman standar.",3,Netral
REV2184,"renyah, renyah. Sangat merekomendasikan.",5,Positif
REV2185,"kurang segar, benar-benar hancur. Tidak akan beli lagi.",1,Negatif
REV2186,"murah dan bagus, not bad. Sangat merekomendasikan.",5,Positif
REV2187,"renyah, sesuai deskripsi. Sangat merekomendasikan.",5,Positif
REV2188,"buahnya besar, cukup. Sangat merekomendasikan.",5,Positif
REV2189,"packing aman, not bad. Sangat merekomendasikan.",4,Positif
REV2190,"murah dan bagus, sampai tujuan. Sangat merekomendasikan.",5,Positif
REV2191,"Barang lumayan, pengiriman standar.",3,Netral
REV2192,"renyah, lumayan. Sangat merekomendasikan.",5,Positif
REV2193,"kualitas super, biasa saja. Sangat merekomendasikan.",5,Positif
REV2194,"Barang bisa dimakan, pengiriman standar.",3,Netral
REV2195,"ukuran kecil, benar-benar apel busuk. Tidak akan beli lagi.",2,Negatif
REV2196,"Barang bisa dimakan, pengiriman standar.",3,Netral
REV2197,"packing aman, buahnya besar. Sangat merekomendasikan.",4,Positif
REV2198,"mantap, not bad. Sangat merekomendasikan.",5,Positif
REV2199,"segar sekali, kualitas super. Sangat merekomendasikan.",5,Positif
REV2200,"Barang bisa dimakan, pengiriman standar.",3,Netral
REV2201,"harga mahal, benar-benar pengiriman lambat. Tidak akan beli lagi.",1,Negatif
REV2202,"buahnya besar, bisa dimakan. Sangat merekomendasikan.",4,Positif
REV2203,"Barang sesuai deskripsi, pengiriman standar.",3,Netral
REV2204,"Barang standar, pengiriman standar.",3,Netral
REV2205,"segar sekali, kualitas super. Sangat merekomendasikan.",5,Positif
REV2206,"Barang bisa dimakan, pengiriman standar.",3,Netral
REV2207,"Barang sesuai harga, pengiriman standar.",3,Netral
REV2208,"segar sekali, sangat manis. Sangat merekomendasikan.",4,Positif
REV2209,"packing aman, lumayan. Sangat merekomendasikan.",4,Positif
REV2210,"kurang segar, benar-benar pengiriman lambat. Tidak akan beli lagi.",2,Negatif
REV2211,"seller ramah, seller ramah. Sangat merekomendasikan.",5,Positif
REV2212,"seller ramah, sesuai deskripsi. Sangat merekomendasikan.",4,Positif
REV2213,"Barang bisa dimakan, pengiriman standar.",3,Netral
REV2214,"packing aman, kualitas super. Sangat merekomendasikan.",5,Positif
REV2215,"pengiriman cepat, sesuai deskripsi. Sangat merekomendasikan.",5,Positif
REV2216,"segar sekali, cukup. Sangat merekomendasikan.",5,Positif
REV2217,"Barang sampai tujuan, pengiriman standar.",3,Netral
REV2218,"packing aman, sesuai deskripsi. Sangat merekomendasikan.",4,Positif
REV2219,"kurang segar, benar-benar banyak yang bonyok. Tidak akan beli lagi.",1,Negatif
REV2220,"pengiriman cepat, oke. Sangat merekomendasikan.",5,Positif
REV2221,"jelek, benar-benar banyak yang bonyok. Tidak akan beli lagi.",1,Negatif
REV2222,"buahnya besar, sesuai harga. Sangat merekomendasikan.",4,Positif
REV2223,"ukuran kecil, benar-benar hancur. Tidak akan beli lagi.",2,Negatif
REV2224,"packing aman, seller ramah. Sangat merekomendasikan.",5,Positif
REV2225,"Barang biasa saja, pengiriman standar.",3,Netral
REV2226,"murah dan bagus, cukup. Sangat merekomendasikan.",5,Positif
REV2227,"murah dan bagus, packing aman. Sangat merekomendasikan.",4,Positif
REV2228,"murah dan bagus, mantap. Sangat merekomendasikan.",4,Positif
REV2229,"segar sekali, sampai tujuan. Sangat merekomendasikan.",5,Positif
REV2230,"renyah, sampai tujuan. Sangat merekomendasikan.",4,Positif
REV2231,"renyah, cukup. Sangat merekomendasikan.",5,Positif
REV2232,"murah dan bagus, mantap. Sangat merekomendasikan.",5,Positif
REV2233,"rasa hambar, benar-benar hancur. Tidak akan beli lagi.",2,Negatif
REV2234,"Barang not bad, pengiriman standar.",3,Netral
REV2235,"kurang segar, benar-benar kurang segar. Tidak akan beli lagi.",2,Negatif
REV2236,"renyah, murah dan bagus. Sangat merekomendasikan.",5,Positif
REV2237,"murah dan bagus, kualitas super. Sangat merekomendasikan.",4,Positif
REV2238,"ukuran kecil, benar-benar rasa hambar. Tidak akan beli lagi.",1,Negatif
REV2239,"Barang sampai tujuan, pengiriman standar.",3,Netral
REV2240,"packing aman, buahnya besar. Sangat merekomendasikan.",4,Positif
REV2241,"packing aman, seller ramah. Sangat merekomendasikan.",4,Positif
REV2242,"segar sekali, cukup. Sangat merekomendasikan.",5,Positif
REV2243,"murah dan bagus, cukup. Sangat merekomendasikan.",4,Positif
REV2244,"ukuran kecil, benar-benar pengiriman lambat. Tidak akan beli lagi.",2,Negatif
REV2245,"kualitas super, bisa dimakan. Sangat merekomendasikan.",5,Positif
REV2246,"mantap, packing aman. Sangat merekomendasikan.",5,Positif
REV2247,"kecewa, benar-benar apel busuk. Tidak akan beli lagi.",1,Negatif
REV2248,"jelek, benar-benar kecewa. Tidak akan beli lagi.",2,Negatif
REV2249,"segar sekali, kualitas super. Sangat merekomendasikan.",4,Positif
REV2250,"kualitas super, biasa saja. Sangat merekomendasikan.",4,Positif
REV2251,"Barang sampai tujuan, pengiriman standar.",3,Netral
REV2252,"harga mahal, benar-benar rasa hambar. Tidak akan beli lagi.",1,Negatif
REV2253,"Barang standar, pengiriman standar.",3,Netral
REV2254,"Barang lumayan, pengiriman standar.",3,Netral
REV2255,"buahnya besar, renyah. Sangat merekomendasikan.",4,Positif
REV2256,"seller ramah, sampai tujuan. Sangat merekomendasikan.",4,Positif
REV2257,"packing aman, seller ramah. Sangat merekomendasikan.",5,Positif
REV2258,"murah dan bagus, lumayan. Sangat merekomendasikan.",4,Positif
REV2259,"murah dan bagus, kualitas super. Sangat merekomendasikan.",5,Positif
REV2260,"Barang sesuai harga, pengiriman standar.",3,Netral
REV2261,"mantap, packing aman. Sangat merekomendasikan.",5,Positif
REV2262,"buahnya besar, kualitas super. Sangat merekomendasikan.",4,Positif
REV2263,"pengiriman lambat, benar-benar kurang segar. Tidak akan beli lagi.",1,Negatif
REV2264,"pengiriman cepat, kualitas super. Sangat merekomendasikan.",4,Positif
REV2265,"Barang sesuai deskripsi, pengiriman standar.",3,Netral
REV2266,"packing aman, renyah. Sangat merekomendasikan.",5,Positif
REV2267,"ukuran kecil, benar-benar apel busuk. Tidak akan beli lagi.",1,Negatif
REV2268,"Barang lumayan, pengiriman standar.",3,Netral
REV2269,"Barang oke, pengiriman standar.",3,Netral
REV2270,"mantap, bisa dimakan. Sangat merekomendasikan.",4,Positif
REV2271,"Barang sesuai harga, pengiriman standar.",3,Netral
REV2272,"renyah, mantap. Sangat merekomendasikan.",5,Positif
REV2273,"harga mahal, benar-benar jelek. Tidak akan beli lagi.",2,Negatif
REV2274,"jelek, benar-benar harga mahal. Tidak akan beli lagi.",2,Negatif
REV2275,"pengiriman cepat, sesuai deskripsi. Sangat merekomendasikan.",5,Positif
REV2276,"harga mahal, benar-benar ukuran kecil. Tidak akan beli lagi.",1,Negatif
REV2277,"Barang biasa saja, pengiriman standar.",3,Netral
REV2278,"kualitas super, lumayan. Sangat merekomendasikan.",4,Positif
REV2279,"pengiriman cepat, oke. Sangat merekomendasikan.",5,Positif
REV2280,"Barang oke, pengiriman standar.",3,Netral
REV2281,"pengiriman cepat, sangat manis. Sangat merekomendasikan.",5,Positif
REV2282,"renyah, mantap. Sangat merekomendasikan.",4,Positif
REV2283,"hancur, benar-benar kecewa. Tidak akan beli lagi.",1,Negatif
REV2284,"pengiriman cepat, bisa dimakan. Sangat merekomendasikan.",5,Positif
REV2285,"seller ramah, biasa saja. Sangat merekomendasikan.",4,Positif
REV2286,"Barang not bad, pengiriman standar.",3,Netral
REV2287,"banyak yang bonyok, benar-benar rasa hambar. Tidak akan beli lagi.",2,Negatif
REV2288,"seller ramah, segar sekali. Sangat merekomendasikan.",5,Positif
REV2289,"pengiriman cepat, murah dan bagus. Sangat merekomendasikan.",4,Positif
REV2290,"Barang cukup, pengiriman standar.",3,Netral
REV2291,"banyak yang bonyok, benar-benar kecewa. Tidak akan beli lagi.",1,Negatif
REV2292,"sangat manis, buahnya besar. Sangat merekomendasikan.",4,Positif
REV2293,"seller ramah, packing aman. Sangat merekomendasikan.",5,Positif
REV2294,"harga mahal, benar-benar ukuran kecil. Tidak akan beli lagi.",2,Negatif
REV2295,"renyah, mantap. Sangat merekomendasikan.",4,Positif
REV2296,"mantap, not bad. Sangat merekomendasikan.",5,Positif
REV2297,"Barang lumayan, pengiriman standar.",3,Netral
REV2298,"ukuran kecil, benar-benar banyak yang bonyok. Tidak akan beli lagi.",2,Negatif
REV2299,"kecewa, benar-benar apel busuk. Tidak akan beli lagi.",2,Negatif
REV2300,"rasa hambar, benar-benar harga mahal. Tidak akan beli lagi.",1,Negatif
REV2301,"murah dan bagus, renyah. Sangat merekomendasikan.",5,Positif
REV2302,"seller ramah, sesuai deskripsi. Sangat merekomendasikan.",4,Positif
REV2303,"ukuran kecil, benar-benar rasa hambar. Tidak akan beli lagi.",2,Negatif
REV2304,"murah dan bagus, sesuai harga. Sangat merekomendasikan.",4,Positif
REV2305,"Barang bisa dimakan, pengiriman standar.",3,Netral
REV2306,"kecewa, benar-benar kecewa. Tidak akan beli lagi.",2,Negatif
REV2307,"pengiriman cepat, sampai tujuan. Sangat merekomendasikan.",5,Positif
REV2308,"pengiriman lambat, benar-benar harga mahal. Tidak akan beli lagi.",1,Negatif
REV2309,"Barang bisa dimakan, pengiriman standar.",3,Netral
REV2310,"renyah, biasa saja. Sangat merekomendasikan.",5,Positif
REV2311,"jelek, benar-benar harga mahal. Tidak akan beli lagi.",1,Negatif
REV2312,"buahnya besar, seller ramah. Sangat merekomendasikan.",4,Positif
REV2313,"Barang biasa saja, pengiriman standar.",3,Netral
REV2314,"mantap, pengiriman cepat. Sangat merekomendasikan.",4,Positif
REV2315,"buahnya besar, oke. Sangat merekomendasikan.",5,Positif
REV2316,"buahnya besar, sesuai harga. Sangat merekomendasikan.",4,Positif
REV2317,"kualitas super, not bad. Sangat merekomendasikan.",5,Positif
REV2318,"kualitas super, kualitas super. Sangat merekomendasikan.",4,Positif
REV2319,"jelek, benar-benar jelek. Tidak akan beli lagi.",1,Negatif
REV2320,"Barang biasa saja, pengiriman standar.",3,Netral
REV2321,"hancur, benar-benar jelek. Tidak akan beli lagi.",1,Negatif
REV2322,"pengiriman lambat, benar-benar pengiriman lambat. Tidak akan beli lagi.",2,Negatif
REV2323,"Barang sampai tujuan, pengiriman standar.",3,Netral
REV2324,"Barang not bad, pengiriman standar.",3,Netral
REV2325,"Barang cukup, pengiriman standar.",3,Netral
REV2326,"kualitas super, seller ramah. Sangat merekomendasikan.",4,Positif
REV2327,"mantap, sampai tujuan. Sangat merekomendasikan.",5,Positif
REV2328,"Barang sesuai harga, pengiriman standar.",3,Netral
REV2329,"jelek, benar-benar harga mahal. Tidak akan beli lagi.",1,Negatif
REV2330,"sangat manis, oke. Sangat merekomendasikan.",5,Positif
REV2331,"pengiriman cepat, sesuai deskripsi. Sangat merekomendasikan.",5,Positif
REV2332,"kurang segar, benar-benar harga mahal. Tidak akan beli lagi.",1,Negatif
REV2333,"Barang bisa dimakan, pengiriman standar.",3,Netral
REV2334,"sangat manis, cukup. Sangat merekomendasikan.",5,Positif
REV2335,"packing aman, mantap. Sangat merekomendasikan.",4,Positif
REV2336,"apel busuk, benar-benar kurang segar. Tidak akan beli lagi.",1,Negatif
REV2337,"Barang oke, pengiriman standar.",3,Netral
REV2338,"sangat manis, seller ramah. Sangat merekomendasikan.",4,Positif
REV2339,"Barang bisa dimakan, pengiriman standar.",3,Netral
REV2340,"rasa hambar, benar-benar apel busuk. Tidak akan beli lagi.",1,Negatif
REV2341,"kurang segar, benar-benar banyak yang bonyok. Tidak akan beli lagi.",1,Negatif
REV2342,"kualitas super, cukup. Sangat merekomendasikan.",4,Positif
REV2343,"sangat manis, pengiriman cepat. Sangat merekomendasikan.",4,Positif
REV2344,"harga mahal, benar-benar apel busuk. Tidak akan beli lagi.",1,Negatif
REV2345,"murah dan bagus, biasa saja. Sangat merekomendasikan.",4,Positif
REV2346,"pengiriman lambat, benar-benar pengiriman lambat. Tidak akan beli lagi.",1,Negatif
REV2347,"seller ramah, sesuai harga. Sangat merekomendasikan.",5,Positif
REV2348,"seller ramah, oke. Sangat merekomendasikan.",4,Positif
REV2349,"kurang segar, benar-benar kurang segar. Tidak akan beli lagi.",1,Negatif
REV2350,"Barang sesuai harga, pengiriman standar.",3,Netral
REV2351,"buahnya besar, murah dan bagus. Sangat merekomendasikan.",5,Positif
REV2352,"Barang sampai tujuan, pengiriman standar.",3,Netral
REV2353,"rasa hambar, benar-benar pengiriman lambat. Tidak akan beli lagi.",1,Negatif
REV2354,"buahnya besar, standar. Sangat merekomendasikan.",5,Positif
REV2355,"Barang not bad, pengiriman standar.",3,Netral
REV2356,"pengiriman lambat, benar-benar kecewa. Tidak akan beli lagi.",2,Negatif
REV2357,"sangat manis, sangat manis. Sangat merekomendasikan.",4,Positif
REV2358,"murah dan bagus, oke. Sangat merekomendasikan.",5,Positif
REV2359,"buahnya besar, biasa saja. Sangat merekomendasikan.",5,Positif
REV2360,"Barang not bad, pengiriman standar.",3,Netral
REV2361,"Barang sesuai deskripsi, pengiriman standar.",3,Netral
REV2362,"segar sekali, packing aman. Sangat merekomendasikan.",4,Positif
REV2363,"Barang cukup, pengiriman standar.",3,Netral
REV2364,"renyah, murah dan bagus. Sangat merekomendasikan.",4,Positif
REV2365,"ukuran kecil, benar-benar kecewa. Tidak akan beli lagi.",1,Negatif
REV2366,"kualitas super, kualitas super. Sangat merekomendasikan.",5,Positif
REV2367,"seller ramah, bisa dimakan. Sangat merekomendasikan.",5,Positif
REV2368,"sangat manis, packing aman. Sangat merekomendasikan.",4,Positif
REV2369,"kecewa, benar-benar rasa hambar. Tidak akan beli lagi.",2,Negatif
REV2370,"Barang sesuai harga, pengiriman standar.",3,Netral
REV2371,"mantap, kualitas super. Sangat merekomendasikan.",4,Positif
REV2372,"harga mahal, benar-benar hancur. Tidak akan beli lagi.",2,Negatif
REV2373,"apel busuk, benar-benar kecewa. Tidak akan beli lagi.",1,Negatif
REV2374,"sangat manis, standar. Sangat merekomendasikan.",5,Positif
REV2375,"packing aman, packing aman. Sangat merekomendasikan.",4,Positif
REV2376,"buahnya besar, seller ramah. Sangat merekomendasikan.",4,Positif
REV2377,"sangat manis, murah dan bagus. Sangat merekomendasikan.",5,Positif
REV2378,"buahnya besar, mantap. Sangat merekomendasikan.",4,Positif
REV2379,"segar sekali, not bad. Sangat merekomendasikan.",5,Positif
REV2380,"renyah, not bad. Sangat merekomendasikan.",5,Positif
REV2381,"mantap, lumayan. Sangat merekomendasikan.",5,Positif
REV2382,"segar sekali, mantap. Sangat merekomendasikan.",5,Positif
REV2383,"Barang standar, pengiriman standar.",3,Netral
REV2384,"buahnya besar, packing aman. Sangat merekomendasikan.",5,Positif
REV2385,"seller ramah, mantap. Sangat merekomendasikan.",4,Positif
REV2386,"murah dan bagus, kualitas super. Sangat merekomendasikan.",5,Positif
REV2387,"jelek, benar-benar hancur. Tidak akan beli lagi.",2,Negatif
REV2388,"pengiriman lambat, benar-benar kurang segar. Tidak akan beli lagi.",2,Negatif
REV2389,"buahnya besar, sampai tujuan. Sangat merekomendasikan.",5,Positif
REV2390,"sangat manis, sesuai harga. Sangat merekomendasikan.",5,Positif
REV2391,"seller ramah, sesuai deskripsi. Sangat merekomendasikan.",5,Positif
REV2392,"renyah, biasa saja. Sangat merekomendasikan.",4,Positif
REV2393,"seller ramah, murah dan bagus. Sangat merekomendasikan.",4,Positif
REV2394,"murah dan bagus, standar. Sangat merekomendasikan.",4,Positif
REV2395,"Barang standar, pengiriman standar.",3,Netral
REV2396,"jelek, benar-benar harga mahal. Tidak akan beli lagi.",1,Negatif
REV2397,"Barang biasa saja, pengiriman standar.",3,Netral
REV2398,"kecewa, benar-benar ukuran kecil. Tidak akan beli lagi.",1,Negatif
REV2399,"pengiriman lambat, benar-benar harga mahal. Tidak akan beli lagi.",2,Negatif
REV2400,"apel busuk, benar-benar jelek. Tidak akan beli lagi.",1,Negatif
REV2401,"kurang segar, benar-benar kurang segar. Tidak akan beli lagi.",1,Negatif
REV2402,"Barang not bad, pengiriman standar.",3,Netral
REV2403,"buahnya besar, murah dan bagus. Sangat merekomendasikan.",4,Positif
REV2404,"Barang sesuai deskripsi, pengiriman standar.",3,Netral
REV2405,"segar sekali, buahnya besar. Sangat merekomendasikan.",5,Positif
REV2406,"segar sekali, lumayan. Sangat merekomendasikan.",5,Positif
REV2407,"kualitas super, oke. Sangat merekomendasikan.",4,Positif
REV2408,"renyah, pengiriman cepat. Sangat merekomendasikan.",5,Positif
REV2409,"buahnya besar, seller ramah. Sangat merekomendasikan.",5,Positif
REV2410,"sangat manis, buahnya besar. Sangat merekomendasikan.",4,Positif
REV2411,"kurang segar, benar-benar hancur. Tidak akan beli lagi.",1,Negatif
REV2412,"mantap, kualitas super. Sangat merekomendasikan.",5,Positif
REV2413,"kualitas super, seller ramah. Sangat merekomendasikan.",4,Positif
REV2414,"Barang bisa dimakan, pengiriman standar.",3,Netral
REV2415,"buahnya besar, seller ramah. Sangat merekomendasikan.",4,Positif
REV2416,"packing aman, seller ramah. Sangat merekomendasikan.",5,Positif
REV2417,"renyah, mantap. Sangat merekomendasikan.",5,Positif
REV2418,"apel busuk, benar-benar kecewa. Tidak akan beli lagi.",2,Negatif
REV2419,"kecewa, benar-benar rasa hambar. Tidak akan beli lagi.",2,Negatif
REV2420,"Barang cukup, pengiriman standar.",3,Netral
REV2421,"kecewa, benar-benar hancur. Tidak akan beli lagi.",2,Negatif
REV2422,"kecewa, benar-benar kurang segar. Tidak akan beli lagi.",2,Negatif
REV2423,"segar sekali, cukup. Sangat merekomendasikan.",5,Positif
REV2424,"renyah, mantap. Sangat merekomendasikan.",4,Positif
REV2425,"Barang sesuai deskripsi, pengiriman standar.",3,Netral
REV2426,"packing aman, cukup. Sangat merekomendasikan.",4,Positif
REV2427,"renyah, mantap. Sangat merekomendasikan.",5,Positif
REV2428,"murah dan bagus, sesuai harga. Sangat merekomendasikan.",5,Positif
REV2429,"buahnya besar, sampai tujuan. Sangat merekomendasikan.",4,Positif
REV2430,"packing aman, segar sekali. Sangat merekomendasikan.",5,Positif
REV2431,"packing aman, lumayan. Sangat merekomendasikan.",5,Positif
REV2432,"segar sekali, sesuai harga. Sangat merekomendasikan.",4,Positif
REV2433,"renyah, biasa saja. Sangat merekomendasikan.",4,Positif
REV2434,"sangat manis, not bad. Sangat merekomendasikan.",4,Positif
REV2435,"segar sekali, murah dan bagus. Sangat merekomendasikan.",5,Positif
REV2436,"sangat manis, buahnya besar. Sangat merekomendasikan.",5,Positif
REV2437,"Barang not bad, pengiriman standar.",3,Netral
REV2438,"mantap, not bad. Sangat merekomendasikan.",5,Positif
REV2439,"seller ramah, mantap. Sangat merekomendasikan.",4,Positif
REV2440,"pengiriman cepat, seller ramah. Sangat merekomendasikan.",4,Positif
REV2441,"renyah, packing aman. Sangat merekomendasikan.",5,Positif
REV2442,"kurang segar, benar-benar hancur. Tidak akan beli lagi.",2,Negatif
REV2443,"segar sekali, sampai tujuan. Sangat merekomendasikan.",5,Positif
REV2444,"Barang not bad, pengiriman standar.",3,Netral
REV2445,"renyah, buahnya besar. Sangat merekomendasikan.",5,Positif
REV2446,"harga mahal, benar-benar harga mahal. Tidak akan beli lagi.",2,Negatif
REV2447,"harga mahal, benar-benar pengiriman lambat. Tidak akan beli lagi.",2,Negatif
REV2448,"Barang sampai tujuan, pengiriman standar.",3,Netral
REV2449,"pengiriman cepat, murah dan bagus. Sangat merekomendasikan.",4,Positif
REV2450,"buahnya besar, sampai tujuan. Sangat merekomendasikan.",5,Positif
REV2451,"pengiriman cepat, cukup. Sangat merekomendasikan.",4,Positif
REV2452,"Barang lumayan, pengiriman standar.",3,Netral
REV2453,"jelek, benar-benar apel busuk. Tidak akan beli lagi.",1,Negatif
REV2454,"kualitas super, kualitas super. Sangat merekomendasikan.",4,Positif
REV2455,"sangat manis, biasa saja. Sangat merekomendasikan.",5,Positif
REV2456,"pengiriman cepat, packing aman. Sangat merekomendasikan.",4,Positif
REV2457,"Barang sesuai harga, pengiriman standar.",3,Netral
REV2458,"pengiriman cepat, sangat manis. Sangat merekomendasikan.",4,Positif
REV2459,"Barang biasa saja, pengiriman standar.",3,Netral
REV2460,"buahnya besar, oke. Sangat merekomendasikan.",5,Positif
REV2461,"banyak yang bonyok, benar-benar apel busuk. Tidak akan beli lagi.",1,Negatif
REV2462,"hancur, benar-benar hancur. Tidak akan beli lagi.",1,Negatif
REV2463,"packing aman, sampai tujuan. Sangat merekomendasikan.",5,Positif
REV2464,"sangat manis, sangat manis. Sangat merekomendasikan.",5,Positif
REV2465,"buahnya besar, cukup. Sangat merekomendasikan.",4,Positif
REV2466,"seller ramah, sangat manis. Sangat merekomendasikan.",5,Positif
REV2467,"Barang lumayan, pengiriman standar.",3,Netral
REV2468,"jelek, benar-benar ukuran kecil. Tidak akan beli lagi.",2,Negatif
REV2469,"Barang not bad, pengiriman standar.",3,Netral
REV2470,"murah dan bagus, sangat manis. Sangat merekomendasikan.",4,Positif
REV2471,"buahnya besar, biasa saja. Sangat merekomendasikan.",5,Positif
REV2472,"pengiriman lambat, benar-benar rasa hambar. Tidak akan beli lagi.",2,Negatif
REV2473,"Barang sesuai harga, pengiriman standar.",3,Netral
REV2474,"buahnya besar, murah dan bagus. Sangat merekomendasikan.",5,Positif
REV2475,"kecewa, benar-benar kecewa. Tidak akan beli lagi.",1,Negatif
REV2476,"mantap, sesuai deskripsi. Sangat merekomendasikan.",4,Positif
REV2477,"Barang oke, pengiriman standar.",3,Netral
REV2478,"renyah, buahnya besar. Sangat merekomendasikan.",5,Positif
REV2479,"kurang segar, benar-benar rasa hambar. Tidak akan beli lagi.",2,Negatif
REV2480,"renyah, standar. Sangat merekomendasikan.",5,Positif
REV2481,"Barang cukup, pengiriman standar.",3,Netral
REV2482,"Barang bisa dimakan, pengiriman standar.",3,Netral
REV2483,"Barang biasa saja, pengiriman standar.",3,Netral
REV2484,"segar sekali, mantap. Sangat merekomendasikan.",4,Positif
REV2485,"kualitas super, kualitas super. Sangat merekomendasikan.",5,Positif
REV2486,"rasa hambar, benar-benar kurang segar. Tidak akan beli lagi.",1,Negatif
REV2487,"seller ramah, standar. Sangat merekomendasikan.",5,Positif
REV2488,"buahnya besar, sampai tujuan. Sangat merekomendasikan.",5,Positif
REV2489,"sangat manis, sangat manis. Sangat merekomendasikan.",5,Positif
REV2490,"pengiriman cepat, pengiriman cepat. Sangat merekomendasikan.",5,Positif
REV2491,"packing aman, biasa saja. Sangat merekomendasikan.",4,Positif
REV2492,"Barang sampai tujuan, pengiriman standar.",3,Netral
REV2493,"mantap, segar sekali. Sangat merekomendasikan.",4,Positif
REV2494,"buahnya besar, kualitas super. Sangat merekomendasikan.",4,Positif
REV2495,"segar sekali, seller ramah. Sangat merekomendasikan.",5,Positif
REV2496,"mantap, sampai tujuan. Sangat merekomendasikan.",5,Positif
REV2497,"ukuran kecil, benar-benar apel busuk. Tidak akan beli lagi.",2,Negatif
REV2498,"kualitas super, buahnya besar. Sangat merekomendasikan.",5,Positif
REV2499,"jelek, benar-benar hancur. Tidak akan beli lagi.",1,Negatif
REV2500,"sangat manis, renyah. Sangat merekomendasikan.",5,Positif
REV2501,"renyah, sangat manis. Sangat merekomendasikan.",5,Positif
REV2502,"segar sekali, not bad. Sangat merekomendasikan.",5,Positif
REV2503,"pengiriman lambat, benar-benar kurang segar. Tidak akan beli lagi.",1,Negatif
REV2504,"rasa hambar, benar-benar ukuran kecil. Tidak akan beli lagi.",1,Negatif
REV2505,"Barang standar, pengiriman standar.",3,Netral
REV2506,"mantap, packing aman. Sangat merekomendasikan.",5,Positif
REV2507,"mantap, standar. Sangat merekomendasikan.",5,Positif
REV2508,"buahnya besar, lumayan. Sangat merekomendasikan.",5,Positif
REV2509,"seller ramah, murah dan bagus. Sangat merekomendasikan.",5,Positif
REV2510,"rasa hambar, benar-benar jelek. Tidak akan beli lagi.",1,Negatif
REV2511,"renyah, kualitas super. Sangat merekomendasikan.",5,Positif
REV2512,"rasa hambar, benar-benar kurang segar. Tidak akan beli lagi.",2,Negatif
REV2513,"Barang biasa saja, pengiriman standar.",3,Netral
REV2514,"kualitas super, lumayan. Sangat merekomendasikan.",4,Positif
REV2515,"mantap, bisa dimakan. Sangat merekomendasikan.",5,Positif
REV2516,"Barang bisa dimakan, pengiriman standar.",3,Netral
REV2517,"seller ramah, lumayan. Sangat merekomendasikan.",4,Positif
REV2518,"apel busuk, benar-benar ukuran kecil. Tidak akan beli lagi.",1,Negatif
REV2519,"packing aman, sampai tujuan. Sangat merekomendasikan.",5,Positif
REV2520,"Barang biasa saja, pengiriman standar.",3,Netral
REV2521,"renyah, cukup. Sangat merekomendasikan.",4,Positif
REV2522,"seller ramah, biasa saja. Sangat merekomendasikan.",4,Positif
REV2523,"pengiriman cepat, not bad. Sangat merekomendasikan.",4,Positif
REV2524,"seller ramah, pengiriman cepat. Sangat merekomendasikan.",5,Positif
REV2525,"Barang bisa dimakan, pengiriman standar.",3,Netral
REV2526,"murah dan bagus, packing aman. Sangat merekomendasikan.",4,Positif
REV2527,"Barang sesuai harga, pengiriman standar.",3,Netral
REV2528,"kualitas super, buahnya besar. Sangat merekomendasikan.",4,Positif
REV2529,"Barang standar, pengiriman standar.",3,Netral
REV2530,"seller ramah, murah dan bagus. Sangat merekomendasikan.",4,Positif
REV2531,"kurang segar, benar-benar banyak yang bonyok. Tidak akan beli lagi.",1,Negatif
REV2532,"renyah, segar sekali. Sangat merekomendasikan.",4,Positif
REV2533,"rasa hambar, benar-benar apel busuk. Tidak akan beli lagi.",1,Negatif
REV2534,"murah dan bagus, oke. Sangat merekomendasikan.",5,Positif
REV2535,"Barang sampai tujuan, pengiriman standar.",3,Netral
REV2536,"Barang oke, pengiriman standar.",3,Netral
REV2537,"kualitas super, murah dan bagus. Sangat merekomendasikan.",5,Positif
REV2538,"rasa hambar, benar-benar pengiriman lambat. Tidak akan beli lagi.",2,Negatif
REV2539,"seller ramah, oke. Sangat merekomendasikan.",4,Positif
REV2540,"buahnya besar, cukup. Sangat merekomendasikan.",5,Positif
REV2541,"Barang not bad, pengiriman standar.",3,Netral
REV2542,"kurang segar, benar-benar rasa hambar. Tidak akan beli lagi.",2,Negatif
REV2543,"apel busuk, benar-benar rasa hambar. Tidak akan beli lagi.",1,Negatif
REV2544,"renyah, cukup. Sangat merekomendasikan.",5,Positif
REV2545,"kualitas super, bisa dimakan. Sangat merekomendasikan.",4,Positif
REV2546,"Barang bisa dimakan, pengiriman standar.",3,Netral
REV2547,"Barang sampai tujuan, pengiriman standar.",3,Netral
REV2548,"seller ramah, sangat manis. Sangat merekomendasikan.",4,Positif
REV2549,"murah dan bagus, biasa saja. Sangat merekomendasikan.",5,Positif
REV2550,"seller ramah, pengiriman cepat. Sangat merekomendasikan.",4,Positif
REV2551,"jelek, benar-benar kecewa. Tidak akan beli lagi.",2,Negatif
REV2552,"hancur, benar-benar jelek. Tidak akan beli lagi.",2,Negatif
REV2553,"Barang standar, pengiriman standar.",3,Netral
REV2554,"seller ramah, renyah. Sangat merekomendasikan.",5,Positif
REV2555,"pengiriman cepat, buahnya besar. Sangat merekomendasikan.",5,Positif
REV2556,"ukuran kecil, benar-benar ukuran kecil. Tidak akan beli lagi.",2,Negatif
REV2557,"Barang cukup, pengiriman standar.",3,Netral
REV2558,"pengiriman cepat, pengiriman cepat. Sangat merekomendasikan.",4,Positif
REV2559,"pengiriman cepat, biasa saja. Sangat merekomendasikan.",4,Positif
REV2560,"ukuran kecil, benar-benar kurang segar. Tidak akan beli lagi.",1,Negatif
REV2561,"ukuran kecil, benar-benar harga mahal. Tidak akan beli lagi.",2,Negatif
REV2562,"Barang sesuai harga, pengiriman standar.",3,Netral
REV2563,"renyah, buahnya besar. Sangat merekomendasikan.",4,Positif
REV2564,"kecewa, benar-benar harga mahal. Tidak akan beli lagi.",1,Negatif
REV2565,"Barang bisa dimakan, pengiriman standar.",3,Netral
REV2566,"hancur, benar-benar kecewa. Tidak akan beli lagi.",2,Negatif
REV2567,"harga mahal, benar-benar rasa hambar. Tidak akan beli lagi.",1,Negatif
REV2568,"pengiriman cepat, mantap. Sangat merekomendasikan.",5,Positif
REV2569,"sangat manis, standar. Sangat merekomendasikan.",5,Positif
REV2570,"renyah, bisa dimakan. Sangat merekomendasikan.",4,Positif
REV2571,"seller ramah, lumayan. Sangat merekomendasikan.",4,Positif
REV2572,"packing aman, lumayan. Sangat merekomendasikan.",4,Positif
REV2573,"seller ramah, bisa dimakan. Sangat merekomendasikan.",5,Positif
REV2574,"pengiriman cepat, mantap. Sangat merekomendasikan.",5,Positif
REV2575,"banyak yang bonyok, benar-benar hancur. Tidak akan beli lagi.",2,Negatif
REV2576,"Barang biasa saja, pengiriman standar.",3,Netral
REV2577,"packing aman, lumayan. Sangat merekomendasikan.",4,Positif
REV2578,"pengiriman cepat, standar. Sangat merekomendasikan.",4,Positif
REV2579,"Barang sampai tujuan, pengiriman standar.",3,Netral
REV2580,"ukuran kecil, benar-benar harga mahal. Tidak akan beli lagi.",2,Negatif
REV2581,"mantap, packing aman. Sangat merekomendasikan.",4,Positif
REV2582,"banyak yang bonyok, benar-benar kurang segar. Tidak akan beli lagi.",1,Negatif
REV2583,"murah dan bagus, standar. Sangat merekomendasikan.",4,Positif
REV2584,"renyah, segar sekali. Sangat merekomendasikan.",4,Positif
REV2585,"Barang bisa dimakan, pengiriman standar.",3,Netral
REV2586,"segar sekali, not bad. Sangat merekomendasikan.",5,Positif
REV2587,"buahnya besar, renyah. Sangat merekomendasikan.",5,Positif
REV2588,"buahnya besar, sangat manis. Sangat merekomendasikan.",5,Positif
REV2589,"packing aman, seller ramah. Sangat merekomendasikan.",4,Positif
REV2590,"packing aman, mantap. Sangat merekomendasikan.",4,Positif
REV2591,"Barang sesuai harga, pengiriman standar.",3,Netral
REV2592,"seller ramah, sampai tujuan. Sangat merekomendasikan.",4,Positif
REV2593,"pengiriman cepat, mantap. Sangat merekomendasikan.",5,Positif
REV2594,"segar sekali, buahnya besar. Sangat merekomendasikan.",4,Positif
REV2595,"Barang standar, pengiriman standar.",3,Netral
REV2596,"Barang sesuai deskripsi, pengiriman standar.",3,Netral
REV2597,"kurang segar, benar-benar rasa hambar. Tidak akan beli lagi.",2,Negatif
REV2598,"packing aman, bisa dimakan. Sangat merekomendasikan.",5,Positif
REV2599,"packing aman, not bad. Sangat merekomendasikan.",4,Positif
REV2600,"seller ramah, cukup. Sangat merekomendasikan.",5,Positif
REV2601,"jelek, benar-benar kurang segar. Tidak akan beli lagi.",2,Negatif
REV2602,"buahnya besar, kualitas super. Sangat merekomendasikan.",4,Positif
REV2603,"Barang sampai tujuan, pengiriman standar.",3,Netral
REV2604,"Barang not bad, pengiriman standar.",3,Netral
REV2605,"mantap, pengiriman cepat. Sangat merekomendasikan.",4,Positif
REV2606,"kualitas super, packing aman. Sangat merekomendasikan.",4,Positif
REV2607,"renyah, renyah. Sangat merekomendasikan.",4,Positif
REV2608,"hancur, benar-benar apel busuk. Tidak akan beli lagi.",1,Negatif
REV2609,"Barang bisa dimakan, pengiriman standar.",3,Netral
REV2610,"kurang segar, benar-benar banyak yang bonyok. Tidak akan beli lagi.",1,Negatif
REV2611,"seller ramah, segar sekali. Sangat merekomendasikan.",5,Positif
REV2612,"sangat manis, segar sekali. Sangat merekomendasikan.",4,Positif
REV2613,"ukuran kecil, benar-benar kecewa. Tidak akan beli lagi.",2,Negatif
REV2614,"buahnya besar, sesuai deskripsi. Sangat merekomendasikan.",5,Positif
REV2615,"buahnya besar, not bad. Sangat merekomendasikan.",4,Positif
REV2616,"hancur, benar-benar kecewa. Tidak akan beli lagi.",2,Negatif
REV2617,"packing aman, sesuai harga. Sangat merekomendasikan.",5,Positif
REV2618,"kurang segar, benar-benar harga mahal. Tidak akan beli lagi.",1,Negatif
REV2619,"mantap, sesuai deskripsi. Sangat merekomendasikan.",4,Positif
REV2620,"pengiriman lambat, benar-benar banyak yang bonyok. Tidak akan beli lagi.",2,Negatif
REV2621,"apel busuk, benar-benar harga mahal. Tidak akan beli lagi.",2,Negatif
REV2622,"kualitas super, mantap. Sangat merekomendasikan.",5,Positif
REV2623,"kurang segar, benar-benar rasa hambar. Tidak akan beli lagi.",1,Negatif
REV2624,"rasa hambar, benar-benar pengiriman lambat. Tidak akan beli lagi.",2,Negatif
REV2625,"renyah, mantap. Sangat merekomendasikan.",4,Positif
REV2626,"banyak yang bonyok, benar-benar harga mahal. Tidak akan beli lagi.",1,Negatif
REV2627,"segar sekali, sesuai deskripsi. Sangat merekomendasikan.",5,Positif
REV2628,"packing aman, sesuai harga. Sangat merekomendasikan.",4,Positif
REV2629,"packing aman, segar sekali. Sangat merekomendasikan.",4,Positif
REV2630,"packing aman, oke. Sangat merekomendasikan.",5,Positif
REV2631,"Barang sampai tujuan, pengiriman standar.",3,Netral
REV2632,"kualitas super, mantap. Sangat merekomendasikan.",5,Positif
REV2633,"Barang lumayan, pengiriman standar.",3,Netral
REV2634,"kualitas super, sangat manis. Sangat merekomendasikan.",4,Positif
REV2635,"banyak yang bonyok, benar-benar rasa hambar. Tidak akan beli lagi.",2,Negatif
REV2636,"pengiriman lambat, benar-benar kecewa. Tidak akan beli lagi.",1,Negatif
REV2637,"buahnya besar, renyah. Sangat merekomendasikan.",4,Positif
REV2638,"buahnya besar, renyah. Sangat merekomendasikan.",5,Positif
REV2639,"Barang sampai tujuan, pengiriman standar.",3,Netral
REV2640,"buahnya besar, biasa saja. Sangat merekomendasikan.",5,Positif
REV2641,"packing aman, packing aman. Sangat merekomendasikan.",5,Positif
REV2642,"seller ramah, renyah. Sangat merekomendasikan.",4,Positif
REV2643,"Barang standar, pengiriman standar.",3,Netral
REV2644,"seller ramah, standar. Sangat merekomendasikan.",5,Positif
REV2645,"sangat manis, bisa dimakan. Sangat merekomendasikan.",5,Positif
REV2646,"Barang biasa saja, pengiriman standar.",3,Netral
REV2647,"packing aman, not bad. Sangat merekomendasikan.",4,Positif
REV2648,"seller ramah, standar. Sangat merekomendasikan.",4,Positif
REV2649,"sangat manis, seller ramah. Sangat merekomendasikan.",4,Positif
REV2650,"Barang biasa saja, pengiriman standar.",3,Netral
REV2651,"murah dan bagus, pengiriman cepat. Sangat merekomendasikan.",4,Positif
REV2652,"mantap, segar sekali. Sangat merekomendasikan.",4,Positif
REV2653,"buahnya besar, renyah. Sangat merekomendasikan.",4,Positif
REV2654,"renyah, lumayan. Sangat merekomendasikan.",5,Positif
REV2655,"segar sekali, oke. Sangat merekomendasikan.",5,Positif
REV2656,"kualitas super, buahnya besar. Sangat merekomendasikan.",5,Positif
REV2657,"Barang cukup, pengiriman standar.",3,Netral
REV2658,"jelek, benar-benar banyak yang bonyok. Tidak akan beli lagi.",1,Negatif
REV2659,"hancur, benar-benar kurang segar. Tidak akan beli lagi.",2,Negatif
REV2660,"mantap, standar. Sangat merekomendasikan.",5,Positif
REV2661,"Barang bisa dimakan, pengiriman standar.",3,Netral
REV2662,"Barang sesuai harga, pengiriman standar.",3,Netral
REV2663,"renyah, sesuai harga. Sangat merekomendasikan.",4,Positif
REV2664,"packing aman, bisa dimakan. Sangat merekomendasikan.",5,Positif
REV2665,"pengiriman cepat, mantap. Sangat merekomendasikan.",4,Positif
REV2666,"mantap, not bad. Sangat merekomendasikan.",5,Positif
REV2667,"rasa hambar, benar-benar pengiriman lambat. Tidak akan beli lagi.",2,Negatif
REV2668,"banyak yang bonyok, benar-benar rasa hambar. Tidak akan beli lagi.",1,Negatif
REV2669,"segar sekali, mantap. Sangat merekomendasikan.",5,Positif
REV2670,"kualitas super, renyah. Sangat merekomendasikan.",4,Positif
REV2671,"renyah, murah dan bagus. Sangat merekomendasikan.",5,Positif
REV2672,"Barang not bad, pengiriman standar.",3,Netral
REV2673,"seller ramah, biasa saja. Sangat merekomendasikan.",4,Positif
REV2674,"mantap, murah dan bagus. Sangat merekomendasikan.",4,Positif
REV2675,"mantap, standar. Sangat merekomendasikan.",4,Positif
REV2676,"kurang segar, benar-benar pengiriman lambat. Tidak akan beli lagi.",2,Negatif
REV2677,"Barang cukup, pengiriman standar.",3,Netral
REV2678,"buahnya besar, renyah. Sangat merekomendasikan.",5,Positif
REV2679,"jelek, benar-benar pengiriman lambat. Tidak akan beli lagi.",2,Negatif
REV2680,"packing aman, mantap. Sangat merekomendasikan.",4,Positif
REV2681,"Barang standar, pengiriman standar.",3,Netral
REV2682,"pengiriman lambat, benar-benar banyak yang bonyok. Tidak akan beli lagi.",1,Negatif
REV2683,"harga mahal, benar-benar hancur. Tidak akan beli lagi.",1,Negatif
REV2684,"sangat manis, sesuai harga. Sangat merekomendasikan.",5,Positif
REV2685,"Barang lumayan, pengiriman standar.",3,Netral
REV2686,"Barang cukup, pengiriman standar.",3,Netral
REV2687,"pengiriman lambat, benar-benar kecewa. Tidak akan beli lagi.",2,Negatif
REV2688,"seller ramah, cukup. Sangat merekomendasikan.",4,Positif
REV2689,"buahnya besar, sampai tujuan. Sangat merekomendasikan.",4,Positif
REV2690,"seller ramah, sampai tujuan. Sangat merekomendasikan.",4,Positif
REV2691,"Barang sesuai deskripsi, pengiriman standar.",3,Netral
REV2692,"packing aman, sampai tujuan. Sangat merekomendasikan.",4,Positif
REV2693,"pengiriman lambat, benar-benar rasa hambar. Tidak akan beli lagi.",1,Negatif
REV2694,"mantap, sangat manis. Sangat merekomendasikan.",4,Positif
REV2695,"kecewa, benar-benar ukuran kecil. Tidak akan beli lagi.",2,Negatif
REV2696,"sangat manis, buahnya besar. Sangat merekomendasikan.",4,Positif
REV2697,"segar sekali, cukup. Sangat merekomendasikan.",4,Positif
REV2698,"Barang oke, pengiriman standar.",3,Netral
REV2699,"pengiriman cepat, oke. Sangat merekomendasikan.",5,Positif
REV2700,"hancur, benar-benar harga mahal. Tidak akan beli lagi.",1,Negatif
REV2701,"buahnya besar, sesuai deskripsi. Sangat merekomendasikan.",5,Positif
REV2702,"Barang sesuai harga, pengiriman standar.",3,Netral
REV2703,"mantap, segar sekali. Sangat merekomendasikan.",5,Positif
REV2704,"Barang oke, pengiriman standar.",3,Netral
REV2705,"buahnya besar, sesuai harga. Sangat merekomendasikan.",4,Positif
REV2706,"jelek, benar-benar apel busuk. Tidak akan beli lagi.",2,Negatif
REV2707,"packing aman, cukup. Sangat merekomendasikan.",5,Positif
REV2708,"segar sekali, biasa saja. Sangat merekomendasikan.",5,Positif
REV2709,"kualitas super, packing aman. Sangat merekomendasikan.",4,Positif
REV2710,"murah dan bagus, kualitas super. Sangat merekomendasikan.",5,Positif
REV2711,"harga mahal, benar-benar ukuran kecil. Tidak akan beli lagi.",1,Negatif
REV2712,"renyah, pengiriman cepat. Sangat merekomendasikan.",4,Positif
REV2713,"packing aman, segar sekali. Sangat merekomendasikan.",5,Positif
REV2714,"kecewa, benar-benar kecewa. Tidak akan beli lagi.",1,Negatif
REV2715,"mantap, sesuai harga. Sangat merekomendasikan.",4,Positif
REV2716,"mantap, biasa saja. Sangat merekomendasikan.",4,Positif
REV2717,"pengiriman cepat, bisa dimakan. Sangat merekomendasikan.",5,Positif
REV2718,"pengiriman lambat, benar-benar kecewa. Tidak akan beli lagi.",2,Negatif
REV2719,"Barang biasa saja, pengiriman standar.",3,Netral
REV2720,"sangat manis, not bad. Sangat merekomendasikan.",5,Positif
REV2721,"renyah, cukup. Sangat merekomendasikan.",5,Positif
REV2722,"murah dan bagus, bisa dimakan. Sangat merekomendasikan.",5,Positif
REV2723,"buahnya besar, renyah. Sangat merekomendasikan.",5,Positif
REV2724,"Barang sampai tujuan, pengiriman standar.",3,Netral
REV2725,"murah dan bagus, mantap. Sangat merekomendasikan.",4,Positif
REV2726,"mantap, buahnya besar. Sangat merekomendasikan.",4,Positif
REV2727,"buahnya besar, segar sekali. Sangat merekomendasikan.",4,Positif
REV2728,"pengiriman cepat, biasa saja. Sangat merekomendasikan.",5,Positif
REV2729,"sangat manis, buahnya besar. Sangat merekomendasikan.",5,Positif
REV2730,"pengiriman lambat, benar-benar pengiriman lambat. Tidak akan beli lagi.",1,Negatif
REV2731,"segar sekali, murah dan bagus. Sangat merekomendasikan.",5,Positif
REV2732,"Barang sampai tujuan, pengiriman standar.",3,Netral
REV2733,"segar sekali, standar. Sangat merekomendasikan.",5,Positif
REV2734,"packing aman, murah dan bagus. Sangat merekomendasikan.",4,Positif
REV2735,"Barang bisa dimakan, pengiriman standar.",3,Netral
REV2736,"ukuran kecil, benar-benar kurang segar. Tidak akan beli lagi.",2,Negatif
REV2737,"seller ramah, oke. Sangat merekomendasikan.",4,Positif
REV2738,"kualitas super, pengiriman cepat. Sangat merekomendasikan.",4,Positif
REV2739,"seller ramah, sesuai deskripsi. Sangat merekomendasikan.",4,Positif
REV2740,"murah dan bagus, sesuai harga. Sangat merekomendasikan.",5,Positif
REV2741,"harga mahal, benar-benar harga mahal. Tidak akan beli lagi.",1,Negatif
REV2742,"renyah, not bad. Sangat merekomendasikan.",4,Positif
REV2743,"sangat manis, pengiriman cepat. Sangat merekomendasikan.",4,Positif
REV2744,"harga mahal, benar-benar banyak yang bonyok. Tidak akan beli lagi.",1,Negatif
REV2745,"Barang sesuai harga, pengiriman standar.",3,Netral
REV2746,"buahnya besar, standar. Sangat merekomendasikan.",5,Positif
REV2747,"segar sekali, biasa saja. Sangat merekomendasikan.",4,Positif
REV2748,"segar sekali, sampai tujuan. Sangat merekomendasikan.",4,Positif
REV2749,"murah dan bagus, lumayan. Sangat merekomendasikan.",5,Positif
REV2750,"murah dan bagus, lumayan. Sangat merekomendasikan.",4,Positif
REV2751,"buahnya besar, not bad. Sangat merekomendasikan.",4,Positif
REV2752,"pengiriman cepat, not bad. Sangat merekomendasikan.",4,Positif
REV2753,"packing aman, lumayan. Sangat merekomendasikan.",4,Positif
REV2754,"sangat manis, kualitas super. Sangat merekomendasikan.",5,Positif
REV2755,"kualitas super, oke. Sangat merekomendasikan.",4,Positif
REV2756,"apel busuk, benar-benar rasa hambar. Tidak akan beli lagi.",1,Negatif
REV2757,"Barang standar, pengiriman standar.",3,Netral
REV2758,"harga mahal, benar-benar harga mahal. Tidak akan beli lagi.",1,Negatif
REV2759,"apel busuk, benar-benar kurang segar. Tidak akan beli lagi.",1,Negatif
REV2760,"segar sekali, murah dan bagus. Sangat merekomendasikan.",4,Positif
REV2761,"murah dan bagus, renyah. Sangat merekomendasikan.",4,Positif
REV2762,"murah dan bagus, pengiriman cepat. Sangat merekomendasikan.",5,Positif
REV2763,"Barang sampai tujuan, pengiriman standar.",3,Netral
REV2764,"murah dan bagus, pengiriman cepat. Sangat merekomendasikan.",4,Positif
REV2765,"Barang sampai tujuan, pengiriman standar.",3,Netral
REV2766,"pengiriman lambat, benar-benar apel busuk. Tidak akan beli lagi.",1,Negatif
REV2767,"seller ramah, mantap. Sangat merekomendasikan.",5,Positif
REV2768,"segar sekali, biasa saja. Sangat merekomendasikan.",4,Positif
REV2769,"kualitas super, segar sekali. Sangat merekomendasikan.",4,Positif
REV2770,"apel busuk, benar-benar kecewa. Tidak akan beli lagi.",2,Negatif
REV2771,"packing aman, pengiriman cepat. Sangat merekomendasikan.",5,Positif
REV2772,"Barang standar, pengiriman standar.",3,Netral
REV2773,"mantap, packing aman. Sangat merekomendasikan.",4,Positif
REV2774,"buahnya besar, oke. Sangat merekomendasikan.",5,Positif
REV2775,"sangat manis, sangat manis. Sangat merekomendasikan.",5,Positif
REV2776,"renyah, segar sekali. Sangat merekomendasikan.",4,Positif
REV2777,"seller ramah, murah dan bagus. Sangat merekomendasikan.",5,Positif
REV2778,"packing aman, pengiriman cepat. Sangat merekomendasikan.",5,Positif
REV2779,"kecewa, benar-benar kurang segar. Tidak akan beli lagi.",1,Negatif
REV2780,"rasa hambar, benar-benar rasa hambar. Tidak akan beli lagi.",2,Negatif
REV2781,"kualitas super, lumayan. Sangat merekomendasikan.",5,Positif
REV2782,"banyak yang bonyok, benar-benar ukuran kecil. Tidak akan beli lagi.",1,Negatif
REV2783,"Barang standar, pengiriman standar.",3,Netral
REV2784,"seller ramah, murah dan bagus. Sangat merekomendasikan.",4,Positif
REV2785,"pengiriman lambat, benar-benar rasa hambar. Tidak akan beli lagi.",1,Negatif
REV2786,"buahnya besar, not bad. Sangat merekomendasikan.",4,Positif
REV2787,"sangat manis, bisa dimakan. Sangat merekomendasikan.",4,Positif
REV2788,"pengiriman cepat, oke. Sangat merekomendasikan.",5,Positif
REV2789,"renyah, seller ramah. Sangat merekomendasikan.",4,Positif
REV2790,"Barang standar, pengiriman standar.",3,Netral
REV2791,"Barang sesuai deskripsi, pengiriman standar.",3,Netral
REV2792,"mantap, oke. Sangat merekomendasikan.",5,Positif
REV2793,"segar sekali, pengiriman cepat. Sangat merekomendasikan.",4,Positif
REV2794,"kualitas super, murah dan bagus. Sangat merekomendasikan.",5,Positif
REV2795,"kualitas super, not bad. Sangat merekomendasikan.",4,Positif
REV2796,"seller ramah, sesuai harga. Sangat merekomendasikan.",5,Positif
REV2797,"Barang sesuai deskripsi, pengiriman standar.",3,Netral
REV2798,"renyah, murah dan bagus. Sangat merekomendasikan.",4,Positif
REV2799,"kecewa, benar-benar ukuran kecil. Tidak akan beli lagi.",2,Negatif
REV2800,"rasa hambar, benar-benar kecewa. Tidak akan beli lagi.",1,Negatif
REV2801,"buahnya besar, bisa dimakan. Sangat merekomendasikan.",5,Positif
REV2802,"mantap, bisa dimakan. Sangat merekomendasikan.",4,Positif
REV2803,"murah dan bagus, sangat manis. Sangat merekomendasikan.",4,Positif
REV2804,"ukuran kecil, benar-benar kecewa. Tidak akan beli lagi.",1,Negatif
REV2805,"Barang not bad, pengiriman standar.",3,Netral
REV2806,"hancur, benar-benar jelek. Tidak akan beli lagi.",1,Negatif
REV2807,"segar sekali, standar. Sangat merekomendasikan.",5,Positif
REV2808,"murah dan bagus, kualitas super. Sangat merekomendasikan.",4,Positif
REV2809,"segar sekali, sampai tujuan. Sangat merekomendasikan.",4,Positif
REV2810,"kurang segar, benar-benar rasa hambar. Tidak akan beli lagi.",1,Negatif
REV2811,"segar sekali, sampai tujuan. Sangat merekomendasikan.",5,Positif
REV2812,"hancur, benar-benar rasa hambar. Tidak akan beli lagi.",2,Negatif
REV2813,"Barang not bad, pengiriman standar.",3,Netral
REV2814,"Barang lumayan, pengiriman standar.",3,Netral
REV2815,"banyak yang bonyok, benar-benar banyak yang bonyok. Tidak akan beli lagi.",1,Negatif
REV2816,"pengiriman cepat, standar. Sangat merekomendasikan.",4,Positif
REV2817,"hancur, benar-benar kurang segar. Tidak akan beli lagi.",2,Negatif
REV2818,"renyah, cukup. Sangat merekomendasikan.",5,Positif
REV2819,"pengiriman cepat, sampai tujuan. Sangat merekomendasikan.",4,Positif
REV2820,"kualitas super, sangat manis. Sangat merekomendasikan.",4,Positif
REV2821,"hancur, benar-benar rasa hambar. Tidak akan beli lagi.",1,Negatif
REV2822,"Barang lumayan, pengiriman standar.",3,Netral
REV2823,"murah dan bagus, seller ramah. Sangat merekomendasikan.",4,Positif
REV2824,"sangat manis, kualitas super. Sangat merekomendasikan.",5,Positif
REV2825,"seller ramah, sesuai deskripsi. Sangat merekomendasikan.",5,Positif
REV2826,"murah dan bagus, sesuai deskripsi. Sangat merekomendasikan.",5,Positif
REV2827,"kurang segar, benar-benar kurang segar. Tidak akan beli lagi.",2,Negatif
REV2828,"seller ramah, pengiriman cepat. Sangat merekomendasikan.",5,Positif
REV2829,"buahnya besar, cukup. Sangat merekomendasikan.",4,Positif
REV2830,"hancur, benar-benar pengiriman lambat. Tidak akan beli lagi.",1,Negatif
REV2831,"murah dan bagus, pengiriman cepat. Sangat merekomendasikan.",4,Positif
REV2832,"murah dan bagus, pengiriman cepat. Sangat merekomendasikan.",4,Positif
REV2833,"Barang not bad, pengiriman standar.",3,Netral
REV2834,"segar sekali, murah dan bagus. Sangat merekomendasikan.",4,Positif
REV2835,"buahnya besar, lumayan. Sangat merekomendasikan.",4,Positif
REV2836,"seller ramah, not bad. Sangat merekomendasikan.",4,Positif
REV2837,"kualitas super, mantap. Sangat merekomendasikan.",5,Positif
REV2838,"Barang sesuai deskripsi, pengiriman standar.",3,Netral
REV2839,"kecewa, benar-benar apel busuk. Tidak akan beli lagi.",1,Negatif
REV2840,"segar sekali, pengiriman cepat. Sangat merekomendasikan.",4,Positif
REV2841,"seller ramah, segar sekali. Sangat merekomendasikan.",4,Positif
REV2842,"harga mahal, benar-benar hancur. Tidak akan beli lagi.",2,Negatif
REV2843,"mantap, kualitas super. Sangat merekomendasikan.",5,Positif
REV2844,"Barang oke, pengiriman standar.",3,Netral
REV2845,"pengiriman cepat, segar sekali. Sangat merekomendasikan.",5,Positif
REV2846,"apel busuk, benar-benar pengiriman lambat. Tidak akan beli lagi.",2,Negatif
REV2847,"sangat manis, renyah. Sangat merekomendasikan.",5,Positif
REV2848,"Barang cukup, pengiriman standar.",3,Netral
REV2849,"Barang sampai tujuan, pengiriman standar.",3,Netral
REV2850,"buahnya besar, sesuai deskripsi. Sangat merekomendasikan.",4,Positif
REV2851,"murah dan bagus, renyah. Sangat merekomendasikan.",4,Positif
REV2852,"banyak yang bonyok, benar-benar pengiriman lambat. Tidak akan beli lagi.",2,Negatif
REV2853,"murah dan bagus, segar sekali. Sangat merekomendasikan.",4,Positif
REV2854,"sangat manis, lumayan. Sangat merekomendasikan.",5,Positif
REV2855,"Barang sesuai deskripsi, pengiriman standar.",3,Netral
REV2856,"ukuran kecil, benar-benar jelek. Tidak akan beli lagi.",1,Negatif
REV2857,"rasa hambar, benar-benar ukuran kecil. Tidak akan beli lagi.",1,Negatif
REV2858,"mantap, pengiriman cepat. Sangat merekomendasikan.",4,Positif
REV2859,"packing aman, oke. Sangat merekomendasikan.",5,Positif
REV2860,"jelek, benar-benar banyak yang bonyok. Tidak akan beli lagi.",2,Negatif
REV2861,"apel busuk, benar-benar harga mahal. Tidak akan beli lagi.",1,Negatif
REV2862,"mantap, renyah. Sangat merekomendasikan.",5,Positif
REV2863,"renyah, renyah. Sangat merekomendasikan.",4,Positif
REV2864,"Barang oke, pengiriman standar.",3,Netral
REV2865,"kualitas super, not bad. Sangat merekomendasikan.",5,Positif
REV2866,"kualitas super, packing aman. Sangat merekomendasikan.",4,Positif
REV2867,"buahnya besar, sangat manis. Sangat merekomendasikan.",4,Positif
REV2868,"Barang lumayan, pengiriman standar.",3,Netral
REV2869,"sangat manis, packing aman. Sangat merekomendasikan.",5,Positif
REV2870,"Barang lumayan, pengiriman standar.",3,Netral
REV2871,"Barang cukup, pengiriman standar.",3,Netral
REV2872,"renyah, standar. Sangat merekomendasikan.",5,Positif
REV2873,"pengiriman cepat, renyah. Sangat merekomendasikan.",5,Positif
REV2874,"apel busuk, benar-benar jelek. Tidak akan beli lagi.",1,Negatif
REV2875,"kurang segar, benar-benar kecewa. Tidak akan beli lagi.",2,Negatif
REV2876,"renyah, packing aman. Sangat merekomendasikan.",5,Positif
REV2877,"kurang segar, benar-benar banyak yang bonyok. Tidak akan beli lagi.",2,Negatif
REV2878,"ukuran kecil, benar-benar rasa hambar. Tidak akan beli lagi.",1,Negatif
REV2879,"mantap, sesuai harga. Sangat merekomendasikan.",4,Positif
REV2880,"Barang sesuai harga, pengiriman standar.",3,Netral
REV2881,"buahnya besar, kualitas super. Sangat merekomendasikan.",5,Positif
REV2882,"pengiriman lambat, benar-benar kecewa. Tidak akan beli lagi.",1,Negatif
REV2883,"jelek, benar-benar apel busuk. Tidak akan beli lagi.",1,Negatif
REV2884,"seller ramah, pengiriman cepat. Sangat merekomendasikan.",4,Positif
REV2885,"packing aman, mantap. Sangat merekomendasikan.",4,Positif
REV2886,"ukuran kecil, benar-benar banyak yang bonyok. Tidak akan beli lagi.",2,Negatif
REV2887,"kualitas super, cukup. Sangat merekomendasikan.",5,Positif
REV2888,"Barang cukup, pengiriman standar.",3,Netral
REV2889,"sangat manis, sesuai harga. Sangat merekomendasikan.",4,Positif
REV2890,"segar sekali, mantap. Sangat merekomendasikan.",5,Positif
REV2891,"mantap, mantap. Sangat merekomendasikan.",5,Positif
REV2892,"hancur, benar-benar kecewa. Tidak akan beli lagi.",1,Negatif
REV2893,"packing aman, sesuai harga. Sangat merekomendasikan.",4,Positif
REV2894,"mantap, sampai tujuan. Sangat merekomendasikan.",4,Positif
REV2895,"Barang biasa saja, pengiriman standar.",3,Netral
REV2896,"Barang not bad, pengiriman standar.",3,Netral
REV2897,"segar sekali, murah dan bagus. Sangat merekomendasikan.",4,Positif
REV2898,"Barang lumayan, pengiriman standar.",3,Netral
REV2899,"kurang segar, benar-benar apel busuk. Tidak akan beli lagi.",2,Negatif
REV2900,"segar sekali, cukup. Sangat merekomendasikan.",4,Positif
REV2901,"banyak yang bonyok, benar-benar apel busuk. Tidak akan beli lagi.",1,Negatif
REV2902,"renyah, sangat manis. Sangat merekomendasikan.",5,Positif
REV2903,"Barang sesuai deskripsi, pengiriman standar.",3,Netral
REV2904,"murah dan bagus, segar sekali. Sangat merekomendasikan.",4,Positif
REV2905,"segar sekali, sesuai deskripsi. Sangat merekomendasikan.",5,Positif
REV2906,"segar sekali, biasa saja. Sangat merekomendasikan.",5,Positif
REV2907,"harga mahal, benar-benar apel busuk. Tidak akan beli lagi.",2,Negatif
REV2908,"pengiriman cepat, buahnya besar. Sangat merekomendasikan.",4,Positif
REV2909,"kualitas super, kualitas super. Sangat merekomendasikan.",4,Positif
REV2910,"kecewa, benar-benar jelek. Tidak akan beli lagi.",1,Negatif
REV2911,"seller ramah, sesuai harga. Sangat merekomendasikan.",5,Positif
REV2912,"packing aman, pengiriman cepat. Sangat merekomendasikan.",4,Positif
REV2913,"Barang bisa dimakan, pengiriman standar.",3,Netral
REV2914,"kualitas super, sesuai deskripsi. Sangat merekomendasikan.",4,Positif
REV2915,"Barang standar, pengiriman standar.",3,Netral
REV2916,"Barang sesuai deskripsi, pengiriman standar.",3,Netral
REV2917,"rasa hambar, benar-benar hancur. Tidak akan beli lagi.",2,Negatif
REV2918,"mantap, kualitas super. Sangat merekomendasikan.",4,Positif
REV2919,"kurang segar, benar-benar pengiriman lambat. Tidak akan beli lagi.",2,Negatif
REV2920,"segar sekali, mantap. Sangat merekomendasikan.",5,Positif
REV2921,"murah dan bagus, lumayan. Sangat merekomendasikan.",4,Positif
REV2922,"seller ramah, lumayan. Sangat merekomendasikan.",5,Positif
REV2923,"renyah, oke. Sangat merekomendasikan.",5,Positif
REV2924,"ukuran kecil, benar-benar kecewa. Tidak akan beli lagi.",2,Negatif
REV2925,"kualitas super, seller ramah. Sangat merekomendasikan.",5,Positif
REV2926,"pengiriman lambat, benar-benar hancur. Tidak akan beli lagi.",2,Negatif
REV2927,"kualitas super, murah dan bagus. Sangat merekomendasikan.",5,Positif
REV2928,"kualitas super, renyah. Sangat merekomendasikan.",4,Positif
REV2929,"packing aman, oke. Sangat merekomendasikan.",4,Positif
REV2930,"Barang sampai tujuan, pengiriman standar.",3,Netral
REV2931,"seller ramah, segar sekali. Sangat merekomendasikan.",5,Positif
REV2932,"buahnya besar, sesuai harga. Sangat merekomendasikan.",5,Positif
REV2933,"segar sekali, oke. Sangat merekomendasikan.",4,Positif
REV2934,"ukuran kecil, benar-benar harga mahal. Tidak akan beli lagi.",1,Negatif
REV2935,"murah dan bagus, segar sekali. Sangat merekomendasikan.",5,Positif
REV2936,"kualitas super, renyah. Sangat merekomendasikan.",5,Positif
REV2937,"murah dan bagus, bisa dimakan. Sangat merekomendasikan.",5,Positif
REV2938,"sangat manis, seller ramah. Sangat merekomendasikan.",5,Positif
REV2939,"Barang sampai tujuan, pengiriman standar.",3,Netral
REV2940,"pengiriman cepat, pengiriman cepat. Sangat merekomendasikan.",4,Positif
REV2941,"Barang biasa saja, pengiriman standar.",3,Netral
REV2942,"banyak yang bonyok, benar-benar kurang segar. Tidak akan beli lagi.",2,Negatif
REV2943,"buahnya besar, kualitas super. Sangat merekomendasikan.",5,Positif
REV2944,"murah dan bagus, buahnya besar. Sangat merekomendasikan.",5,Positif
REV2945,"pengiriman cepat, sangat manis. Sangat merekomendasikan.",4,Positif
REV2946,"Barang sesuai deskripsi, pengiriman standar.",3,Netral
REV2947,"harga mahal, benar-benar jelek. Tidak akan beli lagi.",1,Negatif
REV2948,"jelek, benar-benar kecewa. Tidak akan beli lagi.",1,Negatif
REV2949,"rasa hambar, benar-benar harga mahal. Tidak akan beli lagi.",2,Negatif
REV2950,"Barang sesuai harga, pengiriman standar.",3,Netral
REV2951,"Barang standar, pengiriman standar.",3,Netral
REV2952,"rasa hambar, benar-benar apel busuk. Tidak akan beli lagi.",2,Negatif
REV2953,"apel busuk, benar-benar kecewa. Tidak akan beli lagi.",1,Negatif
REV2954,"Barang standar, pengiriman standar.",3,Netral
REV2955,"segar sekali, standar. Sangat merekomendasikan.",4,Positif
REV2956,"renyah, pengiriman cepat. Sangat merekomendasikan.",5,Positif
REV2957,"mantap, not bad. Sangat merekomendasikan.",5,Positif
REV2958,"Barang oke, pengiriman standar.",3,Netral
REV2959,"Barang sesuai harga, pengiriman standar.",3,Netral
REV2960,"sangat manis, pengiriman cepat. Sangat merekomendasikan.",4,Positif
REV2961,"segar sekali, oke. Sangat merekomendasikan.",4,Positif
REV2962,"pengiriman cepat, pengiriman cepat. Sangat merekomendasikan.",5,Positif
REV2963,"renyah, segar sekali. Sangat merekomendasikan.",5,Positif
REV2964,"apel busuk, benar-benar harga mahal. Tidak akan beli lagi.",1,Negatif
REV2965,"sangat manis, renyah. Sangat merekomendasikan.",5,Positif
REV2966,"mantap, biasa saja. Sangat merekomendasikan.",5,Positif
REV2967,"seller ramah, sampai tujuan. Sangat merekomendasikan.",4,Positif
REV2968,"sangat manis, standar. Sangat merekomendasikan.",5,Positif
REV2969,"seller ramah, renyah. Sangat merekomendasikan.",4,Positif
REV2970,"Barang sampai tujuan, pengiriman standar.",3,Netral
REV2971,"segar sekali, renyah. Sangat merekomendasikan.",4,Positif
REV2972,"murah dan bagus, buahnya besar. Sangat merekomendasikan.",5,Positif
REV2973,"packing aman, murah dan bagus. Sangat merekomendasikan.",5,Positif
REV2974,"sangat manis, bisa dimakan. Sangat merekomendasikan.",4,Positif
REV2975,"mantap, bisa dimakan. Sangat merekomendasikan.",5,Positif
REV2976,"kecewa, benar-benar ukuran kecil. Tidak akan beli lagi.",1,Negatif
REV2977,"harga mahal, benar-benar kurang segar. Tidak akan beli lagi.",2,Negatif
REV2978,"Barang not bad, pengiriman standar.",3,Netral
REV2979,"packing aman, kualitas super. Sangat merekomendasikan.",5,Positif
REV2980,"kualitas super, buahnya besar. Sangat merekomendasikan.",4,Positif
REV2981,"seller ramah, murah dan bagus. Sangat merekomendasikan.",5,Positif
REV2982,"Barang sesuai deskripsi, pengiriman standar.",3,Netral
REV2983,"segar sekali, sesuai deskripsi. Sangat merekomendasikan.",4,Positif
REV2984,"segar sekali, cukup. Sangat merekomendasikan.",4,Positif
REV2985,"sangat manis, standar. Sangat merekomendasikan.",4,Positif
REV2986,"banyak yang bonyok, benar-benar harga mahal. Tidak akan beli lagi.",1,Negatif
REV2987,"buahnya besar, sampai tujuan. Sangat merekomendasikan.",5,Positif
REV2988,"Barang sampai tujuan, pengiriman standar.",3,Netral
REV2989,"mantap, sesuai deskripsi. Sangat merekomendasikan.",4,Positif
REV2990,"renyah, standar. Sangat merekomendasikan.",5,Positif
REV2991,"ukuran kecil, benar-benar pengiriman lambat. Tidak akan beli lagi.",2,Negatif
REV2992,"sangat manis, lumayan. Sangat merekomendasikan.",5,Positif
REV2993,"mantap, packing aman. Sangat merekomendasikan.",4,Positif
REV2994,"Barang lumayan, pengiriman standar.",3,Netral
REV2995,"murah dan bagus, kualitas super. Sangat merekomendasikan.",5,Positif
REV2996,"harga mahal, benar-benar jelek. Tidak akan beli lagi.",2,Negatif
REV2997,"renyah, not bad. Sangat merekomendasikan.",5,Positif
REV2998,"kecewa, benar-benar pengiriman lambat. Tidak akan beli lagi.",1,Negatif
REV2999,"kualitas super, packing aman. Sangat merekomendasikan.",4,Positif
REV3000,"Barang biasa saja, pengiriman standar.",3,Netral
REV3001,"murah dan bagus, cukup. Sangat merekomendasikan.",5,Positif
REV3002,"Barang lumayan, pengiriman standar.",3,Netral
REV3003,"segar sekali, not bad. Sangat merekomendasikan.",5,Positif
REV3004,"seller ramah, sesuai harga. Sangat merekomendasikan.",5,Positif
REV3005,"pengiriman cepat, renyah. Sangat merekomendasikan.",5,Positif
REV3006,"kecewa, benar-benar hancur. Tidak akan beli lagi.",1,Negatif
REV3007,"banyak yang bonyok, benar-benar banyak yang bonyok. Tidak akan beli lagi.",2,Negatif
REV3008,"mantap, sangat manis. Sangat merekomendasikan.",5,Positif
REV3009,"Barang sampai tujuan, pengiriman standar.",3,Netral
REV3010,"hancur, benar-benar hancur. Tidak akan beli lagi.",1,Negatif
REV3011,"pengiriman cepat, not bad. Sangat merekomendasikan.",4,Positif
REV3012,"segar sekali, sampai tujuan. Sangat merekomendasikan.",5,Positif
REV3013,"buahnya besar, mantap. Sangat merekomendasikan.",4,Positif
REV3014,"pengiriman cepat, sampai tujuan. Sangat merekomendasikan.",5,Positif
REV3015,"sangat manis, pengiriman cepat. Sangat merekomendasikan.",5,Positif
REV3016,"sangat manis, packing aman. Sangat merekomendasikan.",5,Positif
REV3017,"mantap, packing aman. Sangat merekomendasikan.",4,Positif
REV3018,"sangat manis, sesuai deskripsi. Sangat merekomendasikan.",4,Positif
REV3019,"packing aman, sangat manis. Sangat merekomendasikan.",4,Positif
REV3020,"renyah, bisa dimakan. Sangat merekomendasikan.",5,Positif
REV3021,"segar sekali, murah dan bagus. Sangat merekomendasikan.",5,Positif
REV3022,"Barang sampai tujuan, pengiriman standar.",3,Netral
REV3023,"Barang standar, pengiriman standar.",3,Netral
REV3024,"renyah, kualitas super. Sangat merekomendasikan.",4,Positif
REV3025,"apel busuk, benar-benar pengiriman lambat. Tidak akan beli lagi.",1,Negatif
REV3026,"hancur, benar-benar pengiriman lambat. Tidak akan beli lagi.",2,Negatif
REV3027,"rasa hambar, benar-benar jelek. Tidak akan beli lagi.",1,Negatif
REV3028,"renyah, pengiriman cepat. Sangat merekomendasikan.",4,Positif
REV3029,"renyah, standar. Sangat merekomendasikan.",5,Positif
REV3030,"hancur, benar-benar rasa hambar. Tidak akan beli lagi.",1,Negatif
REV3031,"renyah, mantap. Sangat merekomendasikan.",5,Positif
REV3032,"renyah, murah dan bagus. Sangat merekomendasikan.",5,Positif
REV3033,"pengiriman lambat, benar-benar kurang segar. Tidak akan beli lagi.",2,Negatif
REV3034,"Barang cukup, pengiriman standar.",3,Netral
REV3035,"Barang sampai tujuan, pengiriman standar.",3,Netral
REV3036,"Barang standar, pengiriman standar.",3,Netral
REV3037,"buahnya besar, bisa dimakan. Sangat merekomendasikan.",4,Positif
REV3038,"renyah, packing aman. Sangat merekomendasikan.",4,Positif
REV3039,"mantap, renyah. Sangat merekomendasikan.",4,Positif
REV3040,"seller ramah, mantap. Sangat merekomendasikan.",5,Positif
REV3041,"ukuran kecil, benar-benar pengiriman lambat. Tidak akan beli lagi.",1,Negatif
REV3042,"Barang standar, pengiriman standar.",3,Netral
REV3043,"sangat manis, not bad. Sangat merekomendasikan.",4,Positif
REV3044,"seller ramah, not bad. Sangat merekomendasikan.",4,Positif
REV3045,"sangat manis, renyah. Sangat merekomendasikan.",5,Positif
REV3046,"Barang bisa dimakan, pengiriman standar.",3,Netral
REV3047,"renyah, bisa dimakan. Sangat merekomendasikan.",4,Positif
REV3048,"Barang biasa saja, pengiriman standar.",3,Netral
REV3049,"Barang bisa dimakan, pengiriman standar.",3,Netral
REV3050,"Barang sesuai harga, pengiriman standar.",3,Netral
REV3051,"packing aman, murah dan bagus. Sangat merekomendasikan.",5,Positif
REV3052,"Barang sampai tujuan, pengiriman standar.",3,Netral
REV3053,"Barang sesuai harga, pengiriman standar.",3,Netral
REV3054,"segar sekali, sesuai harga. Sangat merekomendasikan.",4,Positif
REV3055,"renyah, renyah. Sangat merekomendasikan.",4,Positif
REV3056,"kualitas super, lumayan. Sangat merekomendasikan.",5,Positif
REV3057,"Barang cukup, pengiriman standar.",3,Netral
REV3058,"sangat manis, buahnya besar. Sangat merekomendasikan.",4,Positif
REV3059,"segar sekali, packing aman. Sangat merekomendasikan.",5,Positif
REV3060,"Barang sesuai harga, pengiriman standar.",3,Netral
REV3061,"renyah, buahnya besar. Sangat merekomendasikan.",4,Positif
REV3062,"kualitas super, sangat manis. Sangat merekomendasikan.",4,Positif
REV3063,"Barang lumayan, pengiriman standar.",3,Netral
REV3064,"seller ramah, oke. Sangat merekomendasikan.",5,Positif
REV3065,"kurang segar, benar-benar pengiriman lambat. Tidak akan beli lagi.",2,Negatif
REV3066,"kurang segar, benar-benar harga mahal. Tidak akan beli lagi.",1,Negatif
REV3067,"seller ramah, sesuai harga. Sangat merekomendasikan.",4,Positif
REV3068,"buahnya besar, standar. Sangat merekomendasikan.",5,Positif
REV3069,"kualitas super, sampai tujuan. Sangat merekomendasikan.",4,Positif
REV3070,"mantap, packing aman. Sangat merekomendasikan.",5,Positif
REV3071,"pengiriman cepat, oke. Sangat merekomendasikan.",4,Positif
REV3072,"kualitas super, kualitas super. Sangat merekomendasikan.",4,Positif
REV3073,"murah dan bagus, sangat manis. Sangat merekomendasikan.",5,Positif
REV3074,"renyah, buahnya besar. Sangat merekomendasikan.",5,Positif
REV3075,"kualitas super, pengiriman cepat. Sangat merekomendasikan.",4,Positif
REV3076,"renyah, renyah. Sangat merekomendasikan.",4,Positif
REV3077,"seller ramah, renyah. Sangat merekomendasikan.",5,Positif
REV3078,"kualitas super, cukup. Sangat merekomendasikan.",4,Positif
REV3079,"kualitas super, lumayan. Sangat merekomendasikan.",5,Positif
REV3080,"mantap, bisa dimakan. Sangat merekomendasikan.",4,Positif
REV3081,"harga mahal, benar-benar apel busuk. Tidak akan beli lagi.",1,Negatif
REV3082,"Barang sesuai deskripsi, pengiriman standar.",3,Netral
REV3083,"pengiriman cepat, bisa dimakan. Sangat merekomendasikan.",5,Positif
REV3084,"Barang sesuai deskripsi, pengiriman standar.",3,Netral
REV3085,"Barang standar, pengiriman standar.",3,Netral
REV3086,"sangat manis, segar sekali. Sangat merekomendasikan.",4,Positif
REV3087,"renyah, seller ramah. Sangat merekomendasikan.",5,Positif
REV3088,"segar sekali, biasa saja. Sangat merekomendasikan.",4,Positif
REV3089,"Barang not bad, pengiriman standar.",3,Netral
REV3090,"Barang not bad, pengiriman standar.",3,Netral
REV3091,"ukuran kecil, benar-benar ukuran kecil. Tidak akan beli lagi.",1,Negatif
REV3092,"murah dan bagus, packing aman. Sangat merekomendasikan.",5,Positif
REV3093,"rasa hambar, benar-benar apel busuk. Tidak akan beli lagi.",1,Negatif
REV3094,"seller ramah, not bad. Sangat merekomendasikan.",5,Positif
REV3095,"jelek, benar-benar harga mahal. Tidak akan beli lagi.",1,Negatif
REV3096,"pengiriman cepat, kualitas super. Sangat merekomendasikan.",5,Positif
REV3097,"renyah, sangat manis. Sangat merekomendasikan.",4,Positif
REV3098,"kurang segar, benar-benar rasa hambar. Tidak akan beli lagi.",2,Negatif
REV3099,"murah dan bagus, bisa dimakan. Sangat merekomendasikan.",5,Positif
REV3100,"Barang cukup, pengiriman standar.",3,Netral
REV3101,"kecewa, benar-benar rasa hambar. Tidak akan beli lagi.",1,Negatif
REV3102,"apel busuk, benar-benar kecewa. Tidak akan beli lagi.",2,Negatif
REV3103,"pengiriman lambat, benar-benar ukuran kecil. Tidak akan beli lagi.",1,Negatif
REV3104,"kualitas super, sampai tujuan. Sangat merekomendasikan.",5,Positif
REV3105,"Barang sesuai harga, pengiriman standar.",3,Netral
REV3106,"murah dan bagus, standar. Sangat merekomendasikan.",5,Positif
REV3107,"harga mahal, benar-benar harga mahal. Tidak akan beli lagi.",2,Negatif
REV3108,"murah dan bagus, pengiriman cepat. Sangat merekomendasikan.",5,Positif
REV3109,"Barang not bad, pengiriman standar.",3,Netral
REV3110,"kurang segar, benar-benar pengiriman lambat. Tidak akan beli lagi.",1,Negatif
REV3111,"Barang sampai tujuan, pengiriman standar.",3,Netral
REV3112,"seller ramah, sesuai harga. Sangat merekomendasikan.",5,Positif
REV3113,"Barang standar, pengiriman standar.",3,Netral
REV3114,"packing aman, kualitas super. Sangat merekomendasikan.",4,Positif
REV3115,"murah dan bagus, oke. Sangat merekomendasikan.",5,Positif
REV3116,"Barang cukup, pengiriman standar.",3,Netral
REV3117,"Barang oke, pengiriman standar.",3,Netral
REV3118,"kecewa, benar-benar ukuran kecil. Tidak akan beli lagi.",2,Negatif
REV3119,"hancur, benar-benar apel busuk. Tidak akan beli lagi.",1,Negatif
REV3120,"Barang standar, pengiriman standar.",3,Netral
REV3121,"kualitas super, pengiriman cepat. Sangat merekomendasikan.",4,Positif
REV3122,"renyah, cukup. Sangat merekomendasikan.",5,Positif
REV3123,"kurang segar, benar-benar hancur. Tidak akan beli lagi.",2,Negatif
REV3124,"Barang biasa saja, pengiriman standar.",3,Netral
REV3125,"buahnya besar, kualitas super. Sangat merekomendasikan.",4,Positif
REV3126,"Barang sesuai deskripsi, pengiriman standar.",3,Netral
REV3127,"buahnya besar, biasa saja. Sangat merekomendasikan.",5,Positif
REV3128,"jelek, benar-benar harga mahal. Tidak akan beli lagi.",2,Negatif
REV3129,"mantap, packing aman. Sangat merekomendasikan.",5,Positif
REV3130,"packing aman, mantap. Sangat merekomendasikan.",4,Positif
REV3131,"Barang sesuai harga, pengiriman standar.",3,Netral
REV3132,"seller ramah, kualitas super. Sangat merekomendasikan.",4,Positif
REV3133,"buahnya besar, not bad. Sangat merekomendasikan.",4,Positif
REV3134,"buahnya besar, not bad. Sangat merekomendasikan.",4,Positif
REV3135,"mantap, murah dan bagus. Sangat merekomendasikan.",5,Positif
REV3136,"kualitas super, oke. Sangat merekomendasikan.",5,Positif
REV3137,"pengiriman lambat, benar-benar pengiriman lambat. Tidak akan beli lagi.",1,Negatif
REV3138,"segar sekali, seller ramah. Sangat merekomendasikan.",4,Positif
REV3139,"Barang standar, pengiriman standar.",3,Netral
REV3140,"Barang lumayan, pengiriman standar.",3,Netral
REV3141,"kurang segar, benar-benar rasa hambar. Tidak akan beli lagi.",2,Negatif
REV3142,"seller ramah, seller ramah. Sangat merekomendasikan.",5,Positif
REV3143,"Barang standar, pengiriman standar.",3,Netral
REV3144,"mantap, buahnya besar. Sangat merekomendasikan.",5,Positif
REV3145,"renyah, pengiriman cepat. Sangat merekomendasikan.",5,Positif
REV3146,"Barang sesuai harga, pengiriman standar.",3,Netral
REV3147,"Barang sesuai deskripsi, pengiriman standar.",3,Netral
REV3148,"Barang not bad, pengiriman standar.",3,Netral
REV3149,"kurang segar, benar-benar jelek. Tidak akan beli lagi.",2,Negatif
REV3150,"banyak yang bonyok, benar-benar ukuran kecil. Tidak akan beli lagi.",2,Negatif
REV3151,"buahnya besar, oke. Sangat merekomendasikan.",5,Positif
REV3152,"sangat manis, bisa dimakan. Sangat merekomendasikan.",4,Positif
REV3153,"mantap, sesuai deskripsi. Sangat merekomendasikan.",5,Positif
REV3154,"kurang segar, benar-benar rasa hambar. Tidak akan beli lagi.",1,Negatif
REV3155,"seller ramah, murah dan bagus. Sangat merekomendasikan.",5,Positif
REV3156,"pengiriman cepat, not bad. Sangat merekomendasikan.",5,Positif
REV3157,"mantap, not bad. Sangat merekomendasikan.",4,Positif
REV3158,"kualitas super, segar sekali. Sangat merekomendasikan.",5,Positif
REV3159,"mantap, segar sekali. Sangat merekomendasikan.",5,Positif
REV3160,"murah dan bagus, cukup. Sangat merekomendasikan.",5,Positif
REV3161,"renyah, biasa saja. Sangat merekomendasikan.",4,Positif
REV3162,"Barang oke, pengiriman standar.",3,Netral
REV3163,"kurang segar, benar-benar harga mahal. Tidak akan beli lagi.",2,Negatif
REV3164,"hancur, benar-benar hancur. Tidak akan beli lagi.",1,Negatif
REV3165,"packing aman, kualitas super. Sangat merekomendasikan.",4,Positif
REV3166,"pengiriman lambat, benar-benar ukuran kecil. Tidak akan beli lagi.",1,Negatif
REV3167,"seller ramah, murah dan bagus. Sangat merekomendasikan.",4,Positif
REV3168,"mantap, bisa dimakan. Sangat merekomendasikan.",4,Positif
REV3169,"seller ramah, kualitas super. Sangat merekomendasikan.",4,Positif
REV3170,"seller ramah, lumayan. Sangat merekomendasikan.",5,Positif
REV3171,"segar sekali, kualitas super. Sangat merekomendasikan.",4,Positif
REV3172,"packing aman, buahnya besar. Sangat merekomendasikan.",5,Positif
REV3173,"renyah, sangat manis. Sangat merekomendasikan.",5,Positif
REV3174,"renyah, mantap. Sangat merekomendasikan.",5,Positif
REV3175,"ukuran kecil, benar-benar ukuran kecil. Tidak akan beli lagi.",1,Negatif
REV3176,"packing aman, segar sekali. Sangat merekomendasikan.",4,Positif
REV3177,"segar sekali, murah dan bagus. Sangat merekomendasikan.",4,Positif
REV3178,"ukuran kecil, benar-benar harga mahal. Tidak akan beli lagi.",2,Negatif
REV3179,"renyah, buahnya besar. Sangat merekomendasikan.",5,Positif
REV3180,"kurang segar, benar-benar hancur. Tidak akan beli lagi.",2,Negatif
REV3181,"rasa hambar, benar-benar kecewa. Tidak akan beli lagi.",2,Negatif
REV3182,"packing aman, seller ramah. Sangat merekomendasikan.",4,Positif
REV3183,"seller ramah, sampai tujuan. Sangat merekomendasikan.",4,Positif
REV3184,"Barang not bad, pengiriman standar.",3,Netral
REV3185,"renyah, kualitas super. Sangat merekomendasikan.",4,Positif
REV3186,"buahnya besar, renyah. Sangat merekomendasikan.",5,Positif
REV3187,"kualitas super, mantap. Sangat merekomendasikan.",4,Positif
REV3188,"jelek, benar-benar kurang segar. Tidak akan beli lagi.",2,Negatif
REV3189,"pengiriman lambat, benar-benar jelek. Tidak akan beli lagi.",2,Negatif
REV3190,"Barang bisa dimakan, pengiriman standar.",3,Netral
REV3191,"sangat manis, renyah. Sangat merekomendasikan.",5,Positif
REV3192,"segar sekali, seller ramah. Sangat merekomendasikan.",5,Positif
REV3193,"apel busuk, benar-benar kecewa. Tidak akan beli lagi.",1,Negatif
REV3194,"sangat manis, oke. Sangat merekomendasikan.",4,Positif
REV3195,"sangat manis, sesuai harga. Sangat merekomendasikan.",4,Positif
REV3196,"segar sekali, buahnya besar. Sangat merekomendasikan.",4,Positif
REV3197,"renyah, oke. Sangat merekomendasikan.",5,Positif
REV3198,"jelek, benar-benar kurang segar. Tidak akan beli lagi.",1,Negatif
REV3199,"rasa hambar, benar-benar apel busuk. Tidak akan beli lagi.",2,Negatif
REV3200,"segar sekali, sesuai harga. Sangat merekomendasikan.",5,Positif
REV3201,"packing aman, bisa dimakan. Sangat merekomendasikan.",5,Positif
REV3202,"packing aman, renyah. Sangat merekomendasikan.",4,Positif
REV3203,"packing aman, not bad. Sangat merekomendasikan.",4,Positif
REV3204,"buahnya besar, sesuai harga. Sangat merekomendasikan.",4,Positif
REV3205,"renyah, renyah. Sangat merekomendasikan.",5,Positif
REV3206,"Barang oke, pengiriman standar.",3,Netral
REV3207,"kualitas super, mantap. Sangat merekomendasikan.",4,Positif
REV3208,"Barang lumayan, pengiriman standar.",3,Netral
REV3209,"seller ramah, kualitas super. Sangat merekomendasikan.",5,Positif
REV3210,"pengiriman cepat, not bad. Sangat merekomendasikan.",5,Positif
REV3211,"segar sekali, packing aman. Sangat merekomendasikan.",5,Positif
REV3212,"kecewa, benar-benar kecewa. Tidak akan beli lagi.",2,Negatif
REV3213,"murah dan bagus, biasa saja. Sangat merekomendasikan.",4,Positif
REV3214,"buahnya besar, sangat manis. Sangat merekomendasikan.",4,Positif
REV3215,"sangat manis, sampai tujuan. Sangat merekomendasikan.",4,Positif
REV3216,"Barang standar, pengiriman standar.",3,Netral
REV3217,"pengiriman cepat, bisa dimakan. Sangat merekomendasikan.",4,Positif
REV3218,"sangat manis, packing aman. Sangat merekomendasikan.",5,Positif
REV3219,"murah dan bagus, bisa dimakan. Sangat merekomendasikan.",4,Positif
REV3220,"ukuran kecil, benar-benar ukuran kecil. Tidak akan beli lagi.",2,Negatif
REV3221,"kurang segar, benar-benar kurang segar. Tidak akan beli lagi.",1,Negatif
REV3222,"renyah, oke. Sangat merekomendasikan.",4,Positif
REV3223,"Barang oke, pengiriman standar.",3,Netral
REV3224,"segar sekali, oke. Sangat merekomendasikan.",5,Positif
REV3225,"murah dan bagus, sesuai deskripsi. Sangat merekomendasikan.",4,Positif
REV3226,"mantap, standar. Sangat merekomendasikan.",5,Positif
REV3227,"mantap, segar sekali. Sangat merekomendasikan.",5,Positif
REV3228,"Barang lumayan, pengiriman standar.",3,Netral
REV3229,"buahnya besar, sesuai harga. Sangat merekomendasikan.",5,Positif
REV3230,"jelek, benar-benar hancur. Tidak akan beli lagi.",2,Negatif
REV3231,"mantap, mantap. Sangat merekomendasikan.",5,Positif
REV3232,"murah dan bagus, segar sekali. Sangat merekomendasikan.",5,Positif
REV3233,"packing aman, pengiriman cepat. Sangat merekomendasikan.",5,Positif
REV3234,"Barang sampai tujuan, pengiriman standar.",3,Netral
REV3235,"Barang oke, pengiriman standar.",3,Netral
REV3236,"Barang sampai tujuan, pengiriman standar.",3,Netral
REV3237,"murah dan bagus, buahnya besar. Sangat merekomendasikan.",5,Positif
REV3238,"murah dan bagus, seller ramah. Sangat merekomendasikan.",5,Positif
REV3239,"pengiriman lambat, benar-benar jelek. Tidak akan beli lagi.",2,Negatif
REV3240,"Barang biasa saja, pengiriman standar.",3,Netral
REV3241,"sangat manis, bisa dimakan. Sangat merekomendasikan.",5,Positif
REV3242,"seller ramah, lumayan. Sangat merekomendasikan.",4,Positif
REV3243,"pengiriman cepat, sangat manis. Sangat merekomendasikan.",4,Positif
REV3244,"packing aman, mantap. Sangat merekomendasikan.",4,Positif
REV3245,"Barang oke, pengiriman standar.",3,Netral
REV3246,"Barang sesuai deskripsi, pengiriman standar.",3,Netral
REV3247,"Barang sesuai deskripsi, pengiriman standar.",3,Netral
REV3248,"seller ramah, kualitas super. Sangat merekomendasikan.",4,Positif
REV3249,"mantap, not bad. Sangat merekomendasikan.",4,Positif
REV3250,"Barang biasa saja, pengiriman standar.",3,Netral
REV3251,"banyak yang bonyok, benar-benar kecewa. Tidak akan beli lagi.",2,Negatif
REV3252,"buahnya besar, sampai tujuan. Sangat merekomendasikan.",5,Positif
REV3253,"renyah, sesuai deskripsi. Sangat merekomendasikan.",4,Positif
REV3254,"Barang oke, pengiriman standar.",3,Netral
REV3255,"pengiriman cepat, cukup. Sangat merekomendasikan.",5,Positif
REV3256,"pengiriman cepat, mantap. Sangat merekomendasikan.",5,Positif
REV3257,"kualitas super, sampai tujuan. Sangat merekomendasikan.",4,Positif
REV3258,"pengiriman cepat, buahnya besar. Sangat merekomendasikan.",5,Positif
REV3259,"buahnya besar, renyah. Sangat merekomendasikan.",4,Positif
REV3260,"renyah, pengiriman cepat. Sangat merekomendasikan.",5,Positif
REV3261,"Barang biasa saja, pengiriman standar.",3,Netral
REV3262,"renyah, packing aman. Sangat merekomendasikan.",4,Positif
REV3263,"ukuran kecil, benar-benar kurang segar. Tidak akan beli lagi.",2,Negatif
REV3264,"banyak yang bonyok, benar-benar banyak yang bonyok. Tidak akan beli lagi.",1,Negatif
REV3265,"Barang oke, pengiriman standar.",3,Netral
REV3266,"mantap, mantap. Sangat merekomendasikan.",4,Positif
REV3267,"packing aman, segar sekali. Sangat merekomendasikan.",5,Positif
REV3268,"Barang cukup, pengiriman standar.",3,Netral
REV3269,"apel busuk, benar-benar hancur. Tidak akan beli lagi.",1,Negatif
REV3270,"Barang bisa dimakan, pengiriman standar.",3,Netral
REV3271,"hancur, benar-benar rasa hambar. Tidak akan beli lagi.",1,Negatif
REV3272,"Barang cukup, pengiriman standar.",3,Netral
REV3273,"segar sekali, sesuai deskripsi. Sangat merekomendasikan.",5,Positif
REV3274,"kualitas super, standar. Sangat merekomendasikan.",5,Positif
REV3275,"buahnya besar, mantap. Sangat merekomendasikan.",4,Positif
REV3276,"seller ramah, kualitas super. Sangat merekomendasikan.",4,Positif
REV3277,"pengiriman cepat, murah dan bagus. Sangat merekomendasikan.",5,Positif
REV3278,"kecewa, benar-benar banyak yang bonyok. Tidak akan beli lagi.",1,Negatif
REV3279,"seller ramah, not bad. Sangat merekomendasikan.",4,Positif
REV3280,"Barang cukup, pengiriman standar.",3,Netral
REV3281,"pengiriman cepat, lumayan. Sangat merekomendasikan.",5,Positif
REV3282,"pengiriman cepat, pengiriman cepat. Sangat merekomendasikan.",5,Positif
REV3283,"Barang cukup, pengiriman standar.",3,Netral
REV3284,"Barang sampai tujuan, pengiriman standar.",3,Netral
REV3285,"pengiriman cepat, lumayan. Sangat merekomendasikan.",4,Positif
REV3286,"sangat manis, sangat manis. Sangat merekomendasikan.",4,Positif
REV3287,"packing aman, buahnya besar. Sangat merekomendasikan.",5,Positif
REV3288,"segar sekali, renyah. Sangat merekomendasikan.",4,Positif
REV3289,"hancur, benar-benar pengiriman lambat. Tidak akan beli lagi.",1,Negatif
REV3290,"packing aman, pengiriman cepat. Sangat merekomendasikan.",5,Positif
REV3291,"pengiriman lambat, benar-benar hancur. Tidak akan beli lagi.",1,Negatif
REV3292,"seller ramah, biasa saja. Sangat merekomendasikan.",4,Positif
REV3293,"seller ramah, biasa saja. Sangat merekomendasikan.",4,Positif
REV3294,"packing aman, standar. Sangat merekomendasikan.",5,Positif
REV3295,"apel busuk, benar-benar apel busuk. Tidak akan beli lagi.",1,Negatif
REV3296,"buahnya besar, seller ramah. Sangat merekomendasikan.",4,Positif
REV3297,"renyah, sangat manis. Sangat merekomendasikan.",5,Positif
REV3298,"Barang sampai tujuan, pengiriman standar.",3,Netral
REV3299,"buahnya besar, seller ramah. Sangat merekomendasikan.",5,Positif
REV3300,"sangat manis, sangat manis. Sangat merekomendasikan.",5,Positif
REV3301,"segar sekali, packing aman. Sangat merekomendasikan.",5,Positif
REV3302,"renyah, mantap. Sangat merekomendasikan.",4,Positif
REV3303,"pengiriman lambat, benar-benar rasa hambar. Tidak akan beli lagi.",1,Negatif
REV3304,"seller ramah, sesuai deskripsi. Sangat merekomendasikan.",5,Positif
REV3305,"hancur, benar-benar ukuran kecil. Tidak akan beli lagi.",1,Negatif
REV3306,"pengiriman cepat, pengiriman cepat. Sangat merekomendasikan.",4,Positif
REV3307,"sangat manis, mantap. Sangat merekomendasikan.",4,Positif
REV3308,"murah dan bagus, oke. Sangat merekomendasikan.",4,Positif
REV3309,"buahnya besar, bisa dimakan. Sangat merekomendasikan.",4,Positif
REV3310,"buahnya besar, lumayan. Sangat merekomendasikan.",4,Positif
REV3311,"kurang segar, benar-benar pengiriman lambat. Tidak akan beli lagi.",2,Negatif
REV3312,"banyak yang bonyok, benar-benar harga mahal. Tidak akan beli lagi.",1,Negatif
REV3313,"renyah, seller ramah. Sangat merekomendasikan.",4,Positif
REV3314,"pengiriman cepat, standar. Sangat merekomendasikan.",4,Positif
REV3315,"apel busuk, benar-benar kecewa. Tidak akan beli lagi.",2,Negatif
REV3316,"kecewa, benar-benar pengiriman lambat. Tidak akan beli lagi.",1,Negatif
REV3317,"segar sekali, sangat manis. Sangat merekomendasikan.",5,Positif
REV3318,"mantap, sesuai deskripsi. Sangat merekomendasikan.",5,Positif
REV3319,"pengiriman cepat, segar sekali. Sangat merekomendasikan.",4,Positif
REV3320,"renyah, kualitas super. Sangat merekomendasikan.",4,Positif
REV3321,"kurang segar, benar-benar ukuran kecil. Tidak akan beli lagi.",1,Negatif
REV3322,"buahnya besar, bisa dimakan. Sangat merekomendasikan.",4,Positif
REV3323,"sangat manis, bisa dimakan. Sangat merekomendasikan.",5,Positif
REV3324,"apel busuk, benar-benar rasa hambar. Tidak akan beli lagi.",1,Negatif
REV3325,"sangat manis, kualitas super. Sangat merekomendasikan.",5,Positif
REV3326,"Barang sesuai harga, pengiriman standar.",3,Netral
REV3327,"seller ramah, oke. Sangat merekomendasikan.",4,Positif
REV3328,"Barang sesuai deskripsi, pengiriman standar.",3,Netral
REV3329,"rasa hambar, benar-benar jelek. Tidak akan beli lagi.",2,Negatif
REV3330,"ukuran kecil, benar-benar harga mahal. Tidak akan beli lagi.",1,Negatif
REV3331,"pengiriman lambat, benar-benar kecewa. Tidak akan beli lagi.",1,Negatif
REV3332,"sangat manis, mantap. Sangat merekomendasikan.",4,Positif
REV3333,"seller ramah, segar sekali. Sangat merekomendasikan.",5,Positif
REV3334,"buahnya besar, buahnya besar. Sangat merekomendasikan.",4,Positif
REV3335,"hancur, benar-benar hancur. Tidak akan beli lagi.",1,Negatif
REV3336,"pengiriman cepat, biasa saja. Sangat merekomendasikan.",4,Positif
REV3337,"kualitas super, sesuai deskripsi. Sangat merekomendasikan.",5,Positif
REV3338,"Barang bisa dimakan, pengiriman standar.",3,Netral
REV3339,"kualitas super, mantap. Sangat merekomendasikan.",4,Positif
REV3340,"kualitas super, segar sekali. Sangat merekomendasikan.",4,Positif
REV3341,"packing aman, seller ramah. Sangat merekomendasikan.",4,Positif
REV3342,"Barang bisa dimakan, pengiriman standar.",3,Netral
REV3343,"segar sekali, buahnya besar. Sangat merekomendasikan.",4,Positif
REV3344,"buahnya besar, seller ramah. Sangat merekomendasikan.",4,Positif
REV3345,"renyah, biasa saja. Sangat merekomendasikan.",4,Positif
REV3346,"Barang oke, pengiriman standar.",3,Netral
REV3347,"Barang standar, pengiriman standar.",3,Netral
REV3348,"sangat manis, cukup. Sangat merekomendasikan.",5,Positif
REV3349,"packing aman, seller ramah. Sangat merekomendasikan.",5,Positif
REV3350,"packing aman, lumayan. Sangat merekomendasikan.",4,Positif
REV3351,"kecewa, benar-benar apel busuk. Tidak akan beli lagi.",1,Negatif
REV3352,"sangat manis, pengiriman cepat. Sangat merekomendasikan.",4,Positif
REV3353,"Barang sesuai harga, pengiriman standar.",3,Netral
REV3354,"mantap, sampai tujuan. Sangat merekomendasikan.",4,Positif
REV3355,"Barang standar, pengiriman standar.",3,Netral
REV3356,"kualitas super, sesuai deskripsi. Sangat merekomendasikan.",5,Positif
REV3357,"Barang sesuai harga, pengiriman standar.",3,Netral
REV3358,"kualitas super, buahnya besar. Sangat merekomendasikan.",4,Positif
REV3359,"segar sekali, oke. Sangat merekomendasikan.",5,Positif
REV3360,"ukuran kecil, benar-benar ukuran kecil. Tidak akan beli lagi.",2,Negatif
REV3361,"packing aman, kualitas super. Sangat merekomendasikan.",5,Positif
REV3362,"kualitas super, renyah. Sangat merekomendasikan.",5,Positif
REV3363,"apel busuk, benar-benar ukuran kecil. Tidak akan beli lagi.",2,Negatif
REV3364,"renyah, lumayan. Sangat merekomendasikan.",5,Positif
REV3365,"seller ramah, segar sekali. Sangat merekomendasikan.",4,Positif
REV3366,"Barang sesuai harga, pengiriman standar.",3,Netral
REV3367,"Barang lumayan, pengiriman standar.",3,Netral
REV3368,"sangat manis, murah dan bagus. Sangat merekomendasikan.",4,Positif
REV3369,"Barang standar, pengiriman standar.",3,Netral
REV3370,"banyak yang bonyok, benar-benar banyak yang bonyok. Tidak akan beli lagi.",1,Negatif
REV3371,"packing aman, bisa dimakan. Sangat merekomendasikan.",5,Positif
REV3372,"ukuran kecil, benar-benar rasa hambar. Tidak akan beli lagi.",2,Negatif
REV3373,"renyah, lumayan. Sangat merekomendasikan.",5,Positif
REV3374,"pengiriman lambat, benar-benar rasa hambar. Tidak akan beli lagi.",1,Negatif
REV3375,"kurang segar, benar-benar kurang segar. Tidak akan beli lagi.",2,Negatif
REV3376,"packing aman, buahnya besar. Sangat merekomendasikan.",4,Positif
REV3377,"seller ramah, sampai tujuan. Sangat merekomendasikan.",5,Positif
REV3378,"kurang segar, benar-benar pengiriman lambat. Tidak akan beli lagi.",1,Negatif
REV3379,"rasa hambar, benar-benar pengiriman lambat. Tidak akan beli lagi.",1,Negatif
REV3380,"Barang lumayan, pengiriman standar.",3,Netral
REV3381,"pengiriman lambat, benar-benar rasa hambar. Tidak akan beli lagi.",1,Negatif
REV3382,"seller ramah, not bad. Sangat merekomendasikan.",4,Positif
REV3383,"packing aman, not bad. Sangat merekomendasikan.",5,Positif
REV3384,"harga mahal, benar-benar pengiriman lambat. Tidak akan beli lagi.",2,Negatif
REV3385,"mantap, standar. Sangat merekomendasikan.",5,Positif
REV3386,"banyak yang bonyok, benar-benar hancur. Tidak akan beli lagi.",2,Negatif
REV3387,"sangat manis, murah dan bagus. Sangat merekomendasikan.",4,Positif
REV3388,"harga mahal, benar-benar harga mahal. Tidak akan beli lagi.",2,Negatif
REV3389,"kualitas super, biasa saja. Sangat merekomendasikan.",4,Positif
REV3390,"packing aman, kualitas super. Sangat merekomendasikan.",4,Positif
REV3391,"kualitas super, buahnya besar. Sangat merekomendasikan.",5,Positif
REV3392,"Barang sampai tujuan, pengiriman standar.",3,Netral
REV3393,"apel busuk, benar-benar jelek. Tidak akan beli lagi.",1,Negatif
REV3394,"mantap, not bad. Sangat merekomendasikan.",4,Positif
REV3395,"segar sekali, lumayan. Sangat merekomendasikan.",5,Positif
REV3396,"buahnya besar, sesuai deskripsi. Sangat merekomendasikan.",5,Positif
REV3397,"mantap, segar sekali. Sangat merekomendasikan.",5,Positif
REV3398,"kurang segar, benar-benar kecewa. Tidak akan beli lagi.",2,Negatif
REV3399,"packing aman, sesuai harga. Sangat merekomendasikan.",4,Positif
REV3400,"seller ramah, murah dan bagus. Sangat merekomendasikan.",5,Positif
REV3401,"jelek, benar-benar hancur. Tidak akan beli lagi.",1,Negatif
REV3402,"sangat manis, sangat manis. Sangat merekomendasikan.",4,Positif
REV3403,"Barang standar, pengiriman standar.",3,Netral
REV3404,"buahnya besar, sampai tujuan. Sangat merekomendasikan.",5,Positif
REV3405,"packing aman, renyah. Sangat merekomendasikan.",5,Positif
REV3406,"Barang sesuai harga, pengiriman standar.",3,Netral
REV3407,"packing aman, lumayan. Sangat merekomendasikan.",4,Positif
REV3408,"Barang biasa saja, pengiriman standar.",3,Netral
REV3409,"banyak yang bonyok, benar-benar ukuran kecil. Tidak akan beli lagi.",1,Negatif
REV3410,"Barang lumayan, pengiriman standar.",3,Netral
REV3411,"jelek, benar-benar kecewa. Tidak akan beli lagi.",2,Negatif
REV3412,"jelek, benar-benar kurang segar. Tidak akan beli lagi.",2,Negatif
REV3413,"seller ramah, packing aman. Sangat merekomendasikan.",5,Positif
REV3414,"kualitas super, oke. Sangat merekomendasikan.",4,Positif
REV3415,"packing aman, not bad. Sangat merekomendasikan.",4,Positif
REV3416,"Barang cukup, pengiriman standar.",3,Netral
REV3417,"kualitas super, sampai tujuan. Sangat merekomendasikan.",4,Positif
REV3418,"harga mahal, benar-benar banyak yang bonyok. Tidak akan beli lagi.",2,Negatif
REV3419,"rasa hambar, benar-benar harga mahal. Tidak akan beli lagi.",2,Negatif
REV3420,"sangat manis, segar sekali. Sangat merekomendasikan.",5,Positif
REV3421,"Barang sesuai deskripsi, pengiriman standar.",3,Netral
REV3422,"seller ramah, kualitas super. Sangat merekomendasikan.",4,Positif
REV3423,"buahnya besar, cukup. Sangat merekomendasikan.",4,Positif
REV3424,"Barang lumayan, pengiriman standar.",3,Netral
REV3425,"Barang sesuai harga, pengiriman standar.",3,Netral
REV3426,"mantap, bisa dimakan. Sangat merekomendasikan.",5,Positif
REV3427,"ukuran kecil, benar-benar jelek. Tidak akan beli lagi.",2,Negatif
REV3428,"buahnya besar, seller ramah. Sangat merekomendasikan.",5,Positif
REV3429,"Barang cukup, pengiriman standar.",3,Netral
REV3430,"Barang sampai tujuan, pengiriman standar.",3,Netral
REV3431,"Barang sampai tujuan, pengiriman standar.",3,Netral
REV3432,"apel busuk, benar-benar kecewa. Tidak akan beli lagi.",1,Negatif
REV3433,"Barang cukup, pengiriman standar.",3,Netral
REV3434,"renyah, cukup. Sangat merekomendasikan.",4,Positif
REV3435,"mantap, bisa dimakan. Sangat merekomendasikan.",4,Positif
REV3436,"packing aman, sesuai harga. Sangat merekomendasikan.",5,Positif
REV3437,"Barang cukup, pengiriman standar.",3,Netral
REV3438,"Barang sesuai harga, pengiriman standar.",3,Netral
REV3439,"kualitas super, packing aman. Sangat merekomendasikan.",5,Positif
REV3440,"sangat manis, lumayan. Sangat merekomendasikan.",5,Positif
REV3441,"renyah, mantap. Sangat merekomendasikan.",5,Positif
REV3442,"buahnya besar, sesuai deskripsi. Sangat merekomendasikan.",5,Positif
REV3443,"Barang sampai tujuan, pengiriman standar.",3,Netral
REV3444,"rasa hambar, benar-benar apel busuk. Tidak akan beli lagi.",2,Negatif
REV3445,"pengiriman cepat, sampai tujuan. Sangat merekomendasikan.",4,Positif
REV3446,"pengiriman cepat, biasa saja. Sangat merekomendasikan.",5,Positif
REV3447,"kualitas super, buahnya besar. Sangat merekomendasikan.",5,Positif
REV3448,"mantap, seller ramah. Sangat merekomendasikan.",4,Positif
REV3449,"segar sekali, segar sekali. Sangat merekomendasikan.",4,Positif
REV3450,"seller ramah, seller ramah. Sangat merekomendasikan.",4,Positif
REV3451,"harga mahal, benar-benar kecewa. Tidak akan beli lagi.",1,Negatif
REV3452,"banyak yang bonyok, benar-benar rasa hambar. Tidak akan beli lagi.",1,Negatif
REV3453,"seller ramah, kualitas super. Sangat merekomendasikan.",5,Positif
REV3454,"mantap, segar sekali. Sangat merekomendasikan.",4,Positif
REV3455,"Barang cukup, pengiriman standar.",3,Netral
REV3456,"Barang cukup, pengiriman standar.",3,Netral
REV3457,"mantap, sesuai deskripsi. Sangat merekomendasikan.",4,Positif
REV3458,"pengiriman lambat, benar-benar harga mahal. Tidak akan beli lagi.",1,Negatif
REV3459,"Barang lumayan, pengiriman standar.",3,Netral
REV3460,"Barang not bad, pengiriman standar.",3,Netral
REV3461,"apel busuk, benar-benar jelek. Tidak akan beli lagi.",1,Negatif
REV3462,"seller ramah, not bad. Sangat merekomendasikan.",5,Positif
REV3463,"packing aman, sesuai deskripsi. Sangat merekomendasikan.",4,Positif
REV3464,"Barang standar, pengiriman standar.",3,Netral
REV3465,"Barang bisa dimakan, pengiriman standar.",3,Netral
REV3466,"pengiriman cepat, murah dan bagus. Sangat merekomendasikan.",5,Positif
REV3467,"kualitas super, standar. Sangat merekomendasikan.",4,Positif
REV3468,"Barang bisa dimakan, pengiriman standar.",3,Netral
REV3469,"hancur, benar-benar banyak yang bonyok. Tidak akan beli lagi.",1,Negatif
REV3470,"jelek, benar-benar kurang segar. Tidak akan beli lagi.",1,Negatif
REV3471,"Barang sesuai deskripsi, pengiriman standar.",3,Netral
REV3472,"mantap, packing aman. Sangat merekomendasikan.",5,Positif
REV3473,"murah dan bagus, standar. Sangat merekomendasikan.",5,Positif
REV3474,"Barang sampai tujuan, pengiriman standar.",3,Netral
REV3475,"murah dan bagus, oke. Sangat merekomendasikan.",5,Positif
REV3476,"pengiriman lambat, benar-benar pengiriman lambat. Tidak akan beli lagi.",2,Negatif
REV3477,"seller ramah, bisa dimakan. Sangat merekomendasikan.",4,Positif
REV3478,"Barang not bad, pengiriman standar.",3,Netral
REV3479,"murah dan bagus, cukup. Sangat merekomendasikan.",5,Positif
REV3480,"banyak yang bonyok, benar-benar jelek. Tidak akan beli lagi.",1,Negatif
REV3481,"kecewa, benar-benar kecewa. Tidak akan beli lagi.",1,Negatif
REV3482,"segar sekali, bisa dimakan. Sangat merekomendasikan.",5,Positif
REV3483,"Barang oke, pengiriman standar.",3,Netral
REV3484,"Barang sampai tujuan, pengiriman standar.",3,Netral
REV3485,"pengiriman cepat, renyah. Sangat merekomendasikan.",5,Positif
REV3486,"Barang not bad, pengiriman standar.",3,Netral
REV3487,"Barang not bad, pengiriman standar.",3,Netral
REV3488,"renyah, segar sekali. Sangat merekomendasikan.",4,Positif
REV3489,"renyah, cukup. Sangat merekomendasikan.",5,Positif
REV3490,"packing aman, not bad. Sangat merekomendasikan.",4,Positif
REV3491,"mantap, biasa saja. Sangat merekomendasikan.",5,Positif
REV3492,"buahnya besar, mantap. Sangat merekomendasikan.",5,Positif
REV3493,"seller ramah, sangat manis. Sangat merekomendasikan.",5,Positif
REV3494,"buahnya besar, segar sekali. Sangat merekomendasikan.",4,Positif
REV3495,"apel busuk, benar-benar kurang segar. Tidak akan beli lagi.",2,Negatif
REV3496,"pengiriman cepat, kualitas super. Sangat merekomendasikan.",5,Positif
REV3497,"apel busuk, benar-benar kecewa. Tidak akan beli lagi.",1,Negatif
REV3498,"murah dan bagus, renyah. Sangat merekomendasikan.",4,Positif
REV3499,"Barang oke, pengiriman standar.",3,Netral
REV3500,"murah dan bagus, murah dan bagus. Sangat merekomendasikan.",4,Positif
REV3501,"Barang lumayan, pengiriman standar.",3,Netral
REV3502,"Barang oke, pengiriman standar.",3,Netral
REV3503,"segar sekali, cukup. Sangat merekomendasikan.",4,Positif
REV3504,"sangat manis, sesuai harga. Sangat merekomendasikan.",5,Positif
REV3505,"harga mahal, benar-benar rasa hambar. Tidak akan beli lagi.",1,Negatif
REV3506,"Barang bisa dimakan, pengiriman standar.",3,Netral
REV3507,"buahnya besar, packing aman. Sangat merekomendasikan.",4,Positif
REV3508,"jelek, benar-benar kurang segar. Tidak akan beli lagi.",2,Negatif
REV3509,"segar sekali, sesuai deskripsi. Sangat merekomendasikan.",4,Positif
REV3510,"murah dan bagus, kualitas super. Sangat merekomendasikan.",5,Positif
REV3511,"Barang sesuai deskripsi, pengiriman standar.",3,Netral
REV3512,"Barang sesuai deskripsi, pengiriman standar.",3,Netral
REV3513,"Barang sesuai deskripsi, pengiriman standar.",3,Netral
REV3514,"renyah, cukup. Sangat merekomendasikan.",4,Positif
REV3515,"apel busuk, benar-benar apel busuk. Tidak akan beli lagi.",1,Negatif
REV3516,"murah dan bagus, seller ramah. Sangat merekomendasikan.",5,Positif
REV3517,"mantap, oke. Sangat merekomendasikan.",5,Positif
REV3518,"segar sekali, sesuai harga. Sangat merekomendasikan.",5,Positif
REV3519,"mantap, cukup. Sangat merekomendasikan.",4,Positif
REV3520,"mantap, seller ramah. Sangat merekomendasikan.",4,Positif
REV3521,"Barang biasa saja, pengiriman standar.",3,Netral
REV3522,"murah dan bagus, oke. Sangat merekomendasikan.",5,Positif
REV3523,"pengiriman cepat, pengiriman cepat. Sangat merekomendasikan.",5,Positif
REV3524,"pengiriman cepat, renyah. Sangat merekomendasikan.",4,Positif
REV3525,"buahnya besar, segar sekali. Sangat merekomendasikan.",5,Positif
REV3526,"seller ramah, kualitas super. Sangat merekomendasikan.",5,Positif
REV3527,"seller ramah, buahnya besar. Sangat merekomendasikan.",4,Positif
REV3528,"buahnya besar, buahnya besar. Sangat merekomendasikan.",5,Positif
REV3529,"pengiriman lambat, benar-benar pengiriman lambat. Tidak akan beli lagi.",2,Negatif
REV3530,"Barang bisa dimakan, pengiriman standar.",3,Netral
REV3531,"murah dan bagus, sangat manis. Sangat merekomendasikan.",5,Positif
REV3532,"renyah, oke. Sangat merekomendasikan.",5,Positif
REV3533,"pengiriman cepat, kualitas super. Sangat merekomendasikan.",5,Positif
REV3534,"pengiriman cepat, lumayan. Sangat merekomendasikan.",4,Positif
REV3535,"mantap, kualitas super. Sangat merekomendasikan.",4,Positif
REV3536,"mantap, mantap. Sangat merekomendasikan.",5,Positif
REV3537,"harga mahal, benar-benar hancur. Tidak akan beli lagi.",2,Negatif
REV3538,"buahnya besar, sesuai harga. Sangat merekomendasikan.",5,Positif
REV3539,"rasa hambar, benar-benar banyak yang bonyok. Tidak akan beli lagi.",2,Negatif
REV3540,"buahnya besar, packing aman. Sangat merekomendasikan.",4,Positif
REV3541,"pengiriman cepat, sesuai deskripsi. Sangat merekomendasikan.",5,Positif
REV3542,"kualitas super, sesuai deskripsi. Sangat merekomendasikan.",4,Positif
REV3543,"pengiriman cepat, biasa saja. Sangat merekomendasikan.",4,Positif
REV3544,"buahnya besar, cukup. Sangat merekomendasikan.",4,Positif
REV3545,"kurang segar, benar-benar rasa hambar. Tidak akan beli lagi.",1,Negatif
REV3546,"renyah, packing aman. Sangat merekomendasikan.",4,Positif
REV3547,"segar sekali, lumayan. Sangat merekomendasikan.",4,Positif
REV3548,"renyah, sesuai harga. Sangat merekomendasikan.",4,Positif
REV3549,"Barang oke, pengiriman standar.",3,Netral
REV3550,"kecewa, benar-benar hancur. Tidak akan beli lagi.",2,Negatif
REV3551,"buahnya besar, sampai tujuan. Sangat merekomendasikan.",4,Positif
REV3552,"buahnya besar, sangat manis. Sangat merekomendasikan.",4,Positif
REV3553,"Barang sesuai harga, pengiriman standar.",3,Netral
REV3554,"Barang sampai tujuan, pengiriman standar.",3,Netral
REV3555,"packing aman, packing aman. Sangat merekomendasikan.",4,Positif
REV3556,"mantap, bisa dimakan. Sangat merekomendasikan.",4,Positif
REV3557,"kecewa, benar-benar apel busuk. Tidak akan beli lagi.",1,Negatif
REV3558,"renyah, standar. Sangat merekomendasikan.",5,Positif
REV3559,"Barang sesuai harga, pengiriman standar.",3,Netral
REV3560,"seller ramah, buahnya besar. Sangat merekomendasikan.",4,Positif
REV3561,"jelek, benar-benar ukuran kecil. Tidak akan beli lagi.",2,Negatif
REV3562,"sangat manis, sesuai deskripsi. Sangat merekomendasikan.",5,Positif
REV3563,"renyah, sesuai deskripsi. Sangat merekomendasikan.",5,Positif
REV3564,"buahnya besar, oke. Sangat merekomendasikan.",4,Positif
REV3565,"Barang cukup, pengiriman standar.",3,Netral
REV3566,"Barang lumayan, pengiriman standar.",3,Netral
REV3567,"murah dan bagus, seller ramah. Sangat merekomendasikan.",4,Positif
REV3568,"renyah, sesuai deskripsi. Sangat merekomendasikan.",5,Positif
REV3569,"Barang sesuai harga, pengiriman standar.",3,Netral
REV3570,"kualitas super, renyah. Sangat merekomendasikan.",5,Positif
REV3571,"buahnya besar, cukup. Sangat merekomendasikan.",4,Positif
REV3572,"apel busuk, benar-benar rasa hambar. Tidak akan beli lagi.",1,Negatif
REV3573,"segar sekali, seller ramah. Sangat merekomendasikan.",5,Positif
REV3574,"Barang sesuai deskripsi, pengiriman standar.",3,Netral
REV3575,"kualitas super, seller ramah. Sangat merekomendasikan.",4,Positif
REV3576,"buahnya besar, biasa saja. Sangat merekomendasikan.",4,Positif
REV3577,"kualitas super, murah dan bagus. Sangat merekomendasikan.",5,Positif
REV3578,"sangat manis, oke. Sangat merekomendasikan.",4,Positif
REV3579,"renyah, kualitas super. Sangat merekomendasikan.",4,Positif
REV3580,"kualitas super, pengiriman cepat. Sangat merekomendasikan.",4,Positif
REV3581,"apel busuk, benar-benar pengiriman lambat. Tidak akan beli lagi.",2,Negatif
REV3582,"ukuran kecil, benar-benar jelek. Tidak akan beli lagi.",1,Negatif
REV3583,"Barang sesuai harga, pengiriman standar.",3,Netral
REV3584,"mantap, packing aman. Sangat merekomendasikan.",4,Positif
REV3585,"Barang oke, pengiriman standar.",3,Netral
REV3586,"kurang segar, benar-benar kurang segar. Tidak akan beli lagi.",2,Negatif
REV3587,"Barang cukup, pengiriman standar.",3,Netral
REV3588,"seller ramah, biasa saja. Sangat merekomendasikan.",4,Positif
REV3589,"renyah, sangat manis. Sangat merekomendasikan.",5,Positif
REV3590,"seller ramah, segar sekali. Sangat merekomendasikan.",4,Positif
REV3591,"buahnya besar, sangat manis. Sangat merekomendasikan.",4,Positif
REV3592,"hancur, benar-benar rasa hambar. Tidak akan beli lagi.",2,Negatif
REV3593,"hancur, benar-benar apel busuk. Tidak akan beli lagi.",2,Negatif
REV3594,"kualitas super, sesuai harga. Sangat merekomendasikan.",4,Positif
REV3595,"buahnya besar, segar sekali. Sangat merekomendasikan.",4,Positif
REV3596,"murah dan bagus, mantap. Sangat merekomendasikan.",4,Positif
REV3597,"mantap, pengiriman cepat. Sangat merekomendasikan.",5,Positif
REV3598,"murah dan bagus, oke. Sangat merekomendasikan.",4,Positif
REV3599,"seller ramah, standar. Sangat merekomendasikan.",5,Positif
REV3600,"apel busuk, benar-benar harga mahal. Tidak akan beli lagi.",1,Negatif
REV3601,"pengiriman cepat, cukup. Sangat merekomendasikan.",4,Positif
REV3602,"segar sekali, murah dan bagus. Sangat merekomendasikan.",4,Positif
REV3603,"seller ramah, cukup. Sangat merekomendasikan.",4,Positif
REV3604,"ukuran kecil, benar-benar pengiriman lambat. Tidak akan beli lagi.",1,Negatif
REV3605,"murah dan bagus, sesuai harga. Sangat merekomendasikan.",5,Positif
REV3606,"sangat manis, cukup. Sangat merekomendasikan.",5,Positif
REV3607,"Barang not bad, pengiriman standar.",3,Netral
REV3608,"pengiriman lambat, benar-benar rasa hambar. Tidak akan beli lagi.",1,Negatif
REV3609,"apel busuk, benar-benar apel busuk. Tidak akan beli lagi.",2,Negatif
REV3610,"mantap, bisa dimakan. Sangat merekomendasikan.",4,Positif
REV3611,"kurang segar, benar-benar jelek. Tidak akan beli lagi.",2,Negatif
REV3612,"buahnya besar, pengiriman cepat. Sangat merekomendasikan.",5,Positif
REV3613,"murah dan bagus, seller ramah. Sangat merekomendasikan.",4,Positif
REV3614,"Barang sampai tujuan, pengiriman standar.",3,Netral
REV3615,"segar sekali, biasa saja. Sangat merekomendasikan.",4,Positif
REV3616,"buahnya besar, murah dan bagus. Sangat merekomendasikan.",5,Positif
REV3617,"pengiriman cepat, renyah. Sangat merekomendasikan.",4,Positif
REV3618,"Barang biasa saja, pengiriman standar.",3,Netral
REV3619,"Barang bisa dimakan, pengiriman standar.",3,Netral
REV3620,"Barang oke, pengiriman standar.",3,Netral
REV3621,"kecewa, benar-benar rasa hambar. Tidak akan beli lagi.",1,Negatif
REV3622,"pengiriman cepat, not bad. Sangat merekomendasikan.",4,Positif
REV3623,"sangat manis, cukup. Sangat merekomendasikan.",5,Positif
REV3624,"harga mahal, benar-benar jelek. Tidak akan beli lagi.",2,Negatif
REV3625,"Barang sesuai harga, pengiriman standar.",3,Netral
REV3626,"murah dan bagus, pengiriman cepat. Sangat merekomendasikan.",4,Positif
REV3627,"murah dan bagus, segar sekali. Sangat merekomendasikan.",4,Positif
REV3628,"kecewa, benar-benar hancur. Tidak akan beli lagi.",2,Negatif
REV3629,"packing aman, lumayan. Sangat merekomendasikan.",4,Positif
REV3630,"renyah, murah dan bagus. Sangat merekomendasikan.",4,Positif
REV3631,"kecewa, benar-benar rasa hambar. Tidak akan beli lagi.",2,Negatif
REV3632,"murah dan bagus, bisa dimakan. Sangat merekomendasikan.",4,Positif
REV3633,"kualitas super, seller ramah. Sangat merekomendasikan.",4,Positif
REV3634,"Barang sampai tujuan, pengiriman standar.",3,Netral
REV3635,"packing aman, oke. Sangat merekomendasikan.",5,Positif
REV3636,"renyah, bisa dimakan. Sangat merekomendasikan.",5,Positif
REV3637,"murah dan bagus, not bad. Sangat merekomendasikan.",5,Positif
REV3638,"pengiriman lambat, benar-benar hancur. Tidak akan beli lagi.",1,Negatif
REV3639,"mantap, sesuai harga. Sangat merekomendasikan.",5,Positif
REV3640,"renyah, biasa saja. Sangat merekomendasikan.",4,Positif
REV3641,"pengiriman cepat, sangat manis. Sangat merekomendasikan.",5,Positif
REV3642,"Barang sampai tujuan, pengiriman standar.",3,Netral
REV3643,"segar sekali, packing aman. Sangat merekomendasikan.",4,Positif
REV3644,"kurang segar, benar-benar ukuran kecil. Tidak akan beli lagi.",2,Negatif
REV3645,"renyah, murah dan bagus. Sangat merekomendasikan.",5,Positif
REV3646,"banyak yang bonyok, benar-benar harga mahal. Tidak akan beli lagi.",1,Negatif
REV3647,"Barang cukup, pengiriman standar.",3,Netral
REV3648,"harga mahal, benar-benar banyak yang bonyok. Tidak akan beli lagi.",2,Negatif
REV3649,"Barang oke, pengiriman standar.",3,Netral
REV3650,"packing aman, cukup. Sangat merekomendasikan.",4,Positif
REV3651,"kualitas super, renyah. Sangat merekomendasikan.",5,Positif
REV3652,"mantap, pengiriman cepat. Sangat merekomendasikan.",5,Positif
REV3653,"ukuran kecil, benar-benar pengiriman lambat. Tidak akan beli lagi.",2,Negatif
REV3654,"jelek, benar-benar kecewa. Tidak akan beli lagi.",2,Negatif
REV3655,"murah dan bagus, pengiriman cepat. Sangat merekomendasikan.",5,Positif
REV3656,"kualitas super, sangat manis. Sangat merekomendasikan.",5,Positif
REV3657,"buahnya besar, sangat manis. Sangat merekomendasikan.",5,Positif
REV3658,"Barang bisa dimakan, pengiriman standar.",3,Netral
REV3659,"mantap, standar. Sangat merekomendasikan.",5,Positif
REV3660,"mantap, seller ramah. Sangat merekomendasikan.",5,Positif
REV3661,"sangat manis, cukup. Sangat merekomendasikan.",5,Positif
REV3662,"murah dan bagus, cukup. Sangat merekomendasikan.",4,Positif
REV3663,"buahnya besar, sampai tujuan. Sangat merekomendasikan.",5,Positif
REV3664,"pengiriman cepat, sesuai harga. Sangat merekomendasikan.",5,Positif
REV3665,"seller ramah, packing aman. Sangat merekomendasikan.",4,Positif
REV3666,"mantap, mantap. Sangat merekomendasikan.",5,Positif
REV3667,"pengiriman cepat, oke. Sangat merekomendasikan.",5,Positif
REV3668,"buahnya besar, sesuai deskripsi. Sangat merekomendasikan.",5,Positif
REV3669,"Barang sesuai harga, pengiriman standar.",3,Netral
REV3670,"kurang segar, benar-benar banyak yang bonyok. Tidak akan beli lagi.",2,Negatif
REV3671,"buahnya besar, sangat manis. Sangat merekomendasikan.",4,Positif
REV3672,"segar sekali, bisa dimakan. Sangat merekomendasikan.",4,Positif
REV3673,"pengiriman lambat, benar-benar jelek. Tidak akan beli lagi.",2,Negatif
REV3674,"pengiriman lambat, benar-benar harga mahal. Tidak akan beli lagi.",1,Negatif
REV3675,"pengiriman cepat, renyah. Sangat merekomendasikan.",4,Positif
REV3676,"mantap, not bad. Sangat merekomendasikan.",4,Positif
REV3677,"pengiriman cepat, sampai tujuan. Sangat merekomendasikan.",4,Positif
REV3678,"renyah, kualitas super. Sangat merekomendasikan.",5,Positif
REV3679,"Barang biasa saja, pengiriman standar.",3,Netral
REV3680,"packing aman, packing aman. Sangat merekomendasikan.",4,Positif
REV3681,"kualitas super, buahnya besar. Sangat merekomendasikan.",5,Positif
REV3682,"renyah, packing aman. Sangat merekomendasikan.",5,Positif
REV3683,"Barang lumayan, pengiriman standar.",3,Netral
REV3684,"kecewa, benar-benar jelek. Tidak akan beli lagi.",2,Negatif
REV3685,"Barang sampai tujuan, pengiriman standar.",3,Netral
REV3686,"seller ramah, sampai tujuan. Sangat merekomendasikan.",5,Positif
REV3687,"packing aman, kualitas super. Sangat merekomendasikan.",5,Positif
REV3688,"sangat manis, lumayan. Sangat merekomendasikan.",4,Positif
REV3689,"Barang sesuai harga, pengiriman standar.",3,Netral
REV3690,"buahnya besar, buahnya besar. Sangat merekomendasikan.",4,Positif
REV3691,"murah dan bagus, not bad. Sangat merekomendasikan.",4,Positif
REV3692,"buahnya besar, not bad. Sangat merekomendasikan.",5,Positif
REV3693,"pengiriman cepat, standar. Sangat merekomendasikan.",4,Positif
REV3694,"seller ramah, sesuai harga. Sangat merekomendasikan.",5,Positif
REV3695,"hancur, benar-benar rasa hambar. Tidak akan beli lagi.",2,Negatif
REV3696,"buahnya besar, buahnya besar. Sangat merekomendasikan.",4,Positif
REV3697,"Barang sesuai deskripsi, pengiriman standar.",3,Netral
REV3698,"segar sekali, sesuai deskripsi. Sangat merekomendasikan.",4,Positif
REV3699,"kurang segar, benar-benar banyak yang bonyok. Tidak akan beli lagi.",2,Negatif
REV3700,"renyah, sampai tujuan. Sangat merekomendasikan.",4,Positif
REV3701,"Barang cukup, pengiriman standar.",3,Netral
REV3702,"mantap, sangat manis. Sangat merekomendasikan.",4,Positif
REV3703,"Barang not bad, pengiriman standar.",3,Netral
REV3704,"pengiriman cepat, oke. Sangat merekomendasikan.",4,Positif
REV3705,"pengiriman cepat, packing aman. Sangat merekomendasikan.",4,Positif
REV3706,"kualitas super, sesuai deskripsi. Sangat merekomendasikan.",4,Positif
REV3707,"murah dan bagus, seller ramah. Sangat merekomendasikan.",4,Positif
REV3708,"pengiriman cepat, renyah. Sangat merekomendasikan.",5,Positif
REV3709,"pengiriman lambat, benar-benar banyak yang bonyok. Tidak akan beli lagi.",2,Negatif
REV3710,"mantap, segar sekali. Sangat merekomendasikan.",5,Positif
REV3711,"Barang biasa saja, pengiriman standar.",3,Netral
REV3712,"seller ramah, lumayan. Sangat merekomendasikan.",4,Positif
REV3713,"kualitas super, sampai tujuan. Sangat merekomendasikan.",4,Positif
REV3714,"harga mahal, benar-benar harga mahal. Tidak akan beli lagi.",2,Negatif
REV3715,"Barang biasa saja, pengiriman standar.",3,Netral
REV3716,"Barang bisa dimakan, pengiriman standar.",3,Netral
REV3717,"Barang standar, pengiriman standar.",3,Netral
REV3718,"seller ramah, sangat manis. Sangat merekomendasikan.",4,Positif
REV3719,"kecewa, benar-benar apel busuk. Tidak akan beli lagi.",2,Negatif
REV3720,"pengiriman cepat, not bad. Sangat merekomendasikan.",4,Positif
REV3721,"mantap, renyah. Sangat merekomendasikan.",4,Positif
REV3722,"pengiriman lambat, benar-benar jelek. Tidak akan beli lagi.",1,Negatif
REV3723,"sangat manis, not bad. Sangat merekomendasikan.",4,Positif
REV3724,"pengiriman lambat, benar-benar apel busuk. Tidak akan beli lagi.",1,Negatif
REV3725,"pengiriman cepat, buahnya besar. Sangat merekomendasikan.",5,Positif
REV3726,"pengiriman cepat, sesuai deskripsi. Sangat merekomendasikan.",4,Positif
REV3727,"kurang segar, benar-benar hancur. Tidak akan beli lagi.",2,Negatif
REV3728,"mantap, sangat manis. Sangat merekomendasikan.",4,Positif
REV3729,"ukuran kecil, benar-benar rasa hambar. Tidak akan beli lagi.",2,Negatif
REV3730,"Barang biasa saja, pengiriman standar.",3,Netral
REV3731,"packing aman, bisa dimakan. Sangat merekomendasikan.",5,Positif
REV3732,"packing aman, sampai tujuan. Sangat merekomendasikan.",5,Positif
REV3733,"pengiriman cepat, packing aman. Sangat merekomendasikan.",5,Positif
REV3734,"Barang sesuai deskripsi, pengiriman standar.",3,Netral
REV3735,"mantap, murah dan bagus. Sangat merekomendasikan.",5,Positif
REV3736,"mantap, renyah. Sangat merekomendasikan.",4,Positif
REV3737,"mantap, sesuai deskripsi. Sangat merekomendasikan.",4,Positif
REV3738,"murah dan bagus, renyah. Sangat merekomendasikan.",4,Positif
REV3739,"renyah, oke. Sangat merekomendasikan.",5,Positif
REV3740,"Barang bisa dimakan, pengiriman standar.",3,Netral
REV3741,"mantap, pengiriman cepat. Sangat merekomendasikan.",5,Positif
REV3742,"segar sekali, standar. Sangat merekomendasikan.",4,Positif
REV3743,"seller ramah, murah dan bagus. Sangat merekomendasikan.",5,Positif
REV3744,"Barang sesuai harga, pengiriman standar.",3,Netral
REV3745,"sangat manis, seller ramah. Sangat merekomendasikan.",5,Positif
REV3746,"buahnya besar, sesuai deskripsi. Sangat merekomendasikan.",5,Positif
REV3747,"kurang segar, benar-benar pengiriman lambat. Tidak akan beli lagi.",2,Negatif
REV3748,"mantap, segar sekali. Sangat merekomendasikan.",5,Positif
REV3749,"Barang standar, pengiriman standar.",3,Netral
REV3750,"packing aman, bisa dimakan. Sangat merekomendasikan.",5,Positif
REV3751,"mantap, kualitas super. Sangat merekomendasikan.",4,Positif
REV3752,"jelek, benar-benar jelek. Tidak akan beli lagi.",1,Negatif
REV3753,"rasa hambar, benar-benar rasa hambar. Tidak akan beli lagi.",1,Negatif
REV3754,"harga mahal, benar-benar pengiriman lambat. Tidak akan beli lagi.",2,Negatif
REV3755,"mantap, cukup. Sangat merekomendasikan.",5,Positif
REV3756,"Barang lumayan, pengiriman standar.",3,Netral
REV3757,"seller ramah, sesuai deskripsi. Sangat merekomendasikan.",5,Positif
REV3758,"kurang segar, benar-benar banyak yang bonyok. Tidak akan beli lagi.",1,Negatif
REV3759,"Barang lumayan, pengiriman standar.",3,Netral
REV3760,"Barang not bad, pengiriman standar.",3,Netral
REV3761,"seller ramah, packing aman. Sangat merekomendasikan.",5,Positif
REV3762,"packing aman, standar. Sangat merekomendasikan.",5,Positif
REV3763,"renyah, not bad. Sangat merekomendasikan.",4,Positif
REV3764,"mantap, segar sekali. Sangat merekomendasikan.",4,Positif
REV3765,"seller ramah, murah dan bagus. Sangat merekomendasikan.",5,Positif
REV3766,"murah dan bagus, sampai tujuan. Sangat merekomendasikan.",5,Positif
REV3767,"Barang biasa saja, pengiriman standar.",3,Netral
REV3768,"kualitas super, mantap. Sangat merekomendasikan.",5,Positif
REV3769,"mantap, cukup. Sangat merekomendasikan.",4,Positif
REV3770,"kurang segar, benar-benar ukuran kecil. Tidak akan beli lagi.",1,Negatif
REV3771,"segar sekali, sangat manis. Sangat merekomendasikan.",5,Positif
REV3772,"Barang lumayan, pengiriman standar.",3,Netral
REV3773,"mantap, sesuai deskripsi. Sangat merekomendasikan.",4,Positif
REV3774,"kualitas super, sesuai deskripsi. Sangat merekomendasikan.",5,Positif
REV3775,"sangat manis, standar. Sangat merekomendasikan.",5,Positif
REV3776,"Barang biasa saja, pengiriman standar.",3,Netral
REV3777,"banyak yang bonyok, benar-benar kurang segar. Tidak akan beli lagi.",1,Negatif
REV3778,"renyah, segar sekali. Sangat merekomendasikan.",5,Positif
REV3779,"pengiriman lambat, benar-benar kurang segar. Tidak akan beli lagi.",2,Negatif
REV3780,"mantap, buahnya besar. Sangat merekomendasikan.",4,Positif
REV3781,"murah dan bagus, cukup. Sangat merekomendasikan.",5,Positif
REV3782,"seller ramah, not bad. Sangat merekomendasikan.",5,Positif
REV3783,"renyah, bisa dimakan. Sangat merekomendasikan.",4,Positif
REV3784,"murah dan bagus, standar. Sangat merekomendasikan.",5,Positif
REV3785,"Barang biasa saja, pengiriman standar.",3,Netral
REV3786,"seller ramah, cukup. Sangat merekomendasikan.",5,Positif
REV3787,"jelek, benar-benar harga mahal. Tidak akan beli lagi.",2,Negatif
REV3788,"pengiriman cepat, sesuai harga. Sangat merekomendasikan.",5,Positif
REV3789,"buahnya besar, cukup. Sangat merekomendasikan.",5,Positif
REV3790,"packing aman, buahnya besar. Sangat merekomendasikan.",4,Positif
REV3791,"Barang oke, pengiriman standar.",3,Netral
REV3792,"mantap, sesuai harga. Sangat merekomendasikan.",5,Positif
REV3793,"seller ramah, murah dan bagus. Sangat merekomendasikan.",4,Positif
REV3794,"Barang sesuai harga, pengiriman standar.",3,Netral
REV3795,"kecewa, benar-benar harga mahal. Tidak akan beli lagi.",2,Negatif
REV3796,"Barang standar, pengiriman standar.",3,Netral
REV3797,"kualitas super, seller ramah. Sangat merekomendasikan.",4,Positif
REV3798,"buahnya besar, standar. Sangat merekomendasikan.",5,Positif
REV3799,"banyak yang bonyok, benar-benar jelek. Tidak akan beli lagi.",2,Negatif
REV3800,"mantap, kualitas super. Sangat merekomendasikan.",4,Positif
REV3801,"pengiriman cepat, standar. Sangat merekomendasikan.",5,Positif
REV3802,"apel busuk, benar-benar rasa hambar. Tidak akan beli lagi.",1,Negatif
REV3803,"Barang standar, pengiriman standar.",3,Netral
REV3804,"packing aman, bisa dimakan. Sangat merekomendasikan.",5,Positif
REV3805,"seller ramah, pengiriman cepat. Sangat merekomendasikan.",5,Positif
REV3806,"rasa hambar, benar-benar ukuran kecil. Tidak akan beli lagi.",1,Negatif
REV3807,"segar sekali, sesuai harga. Sangat merekomendasikan.",4,Positif
REV3808,"kualitas super, bisa dimakan. Sangat merekomendasikan.",4,Positif
REV3809,"Barang lumayan, pengiriman standar.",3,Netral
REV3810,"seller ramah, standar. Sangat merekomendasikan.",5,Positif
REV3811,"mantap, sesuai deskripsi. Sangat merekomendasikan.",5,Positif
REV3812,"ukuran kecil, benar-benar hancur. Tidak akan beli lagi.",2,Negatif
REV3813,"sangat manis, renyah. Sangat merekomendasikan.",5,Positif
REV3814,"packing aman, oke. Sangat merekomendasikan.",5,Positif
REV3815,"Barang lumayan, pengiriman standar.",3,Netral
REV3816,"segar sekali, sesuai deskripsi. Sangat merekomendasikan.",5,Positif
REV3817,"murah dan bagus, seller ramah. Sangat merekomendasikan.",4,Positif
REV3818,"sangat manis, bisa dimakan. Sangat merekomendasikan.",5,Positif
REV3819,"buahnya besar, sesuai deskripsi. Sangat merekomendasikan.",5,Positif
REV3820,"segar sekali, bisa dimakan. Sangat merekomendasikan.",4,Positif
REV3821,"pengiriman cepat, kualitas super. Sangat merekomendasikan.",4,Positif
REV3822,"Barang sampai tujuan, pengiriman standar.",3,Netral
REV3823,"Barang biasa saja, pengiriman standar.",3,Netral
REV3824,"sangat manis, renyah. Sangat merekomendasikan.",5,Positif
REV3825,"kualitas super, buahnya besar. Sangat merekomendasikan.",5,Positif
REV3826,"Barang sesuai deskripsi, pengiriman standar.",3,Netral
REV3827,"renyah, standar. Sangat merekomendasikan.",5,Positif
REV3828,"seller ramah, not bad. Sangat merekomendasikan.",5,Positif
REV3829,"segar sekali, sesuai deskripsi. Sangat merekomendasikan.",5,Positif
REV3830,"Barang lumayan, pengiriman standar.",3,Netral
REV3831,"rasa hambar, benar-benar rasa hambar. Tidak akan beli lagi.",2,Negatif
REV3832,"buahnya besar, mantap. Sangat merekomendasikan.",5,Positif
REV3833,"buahnya besar, not bad. Sangat merekomendasikan.",4,Positif
REV3834,"renyah, sesuai harga. Sangat merekomendasikan.",5,Positif
REV3835,"murah dan bagus, packing aman. Sangat merekomendasikan.",5,Positif
REV3836,"Barang bisa dimakan, pengiriman standar.",3,Netral
REV3837,"segar sekali, oke. Sangat merekomendasikan.",4,Positif
REV3838,"seller ramah, not bad. Sangat merekomendasikan.",4,Positif
REV3839,"sangat manis, buahnya besar. Sangat merekomendasikan.",4,Positif
REV3840,"pengiriman cepat, biasa saja. Sangat merekomendasikan.",4,Positif
REV3841,"buahnya besar, segar sekali. Sangat merekomendasikan.",5,Positif
REV3842,"buahnya besar, pengiriman cepat. Sangat merekomendasikan.",4,Positif
REV3843,"Barang not bad, pengiriman standar.",3,Netral
REV3844,"Barang oke, pengiriman standar.",3,Netral
REV3845,"renyah, segar sekali. Sangat merekomendasikan.",5,Positif
REV3846,"buahnya besar, buahnya besar. Sangat merekomendasikan.",5,Positif
REV3847,"Barang not bad, pengiriman standar.",3,Netral
REV3848,"mantap, buahnya besar. Sangat merekomendasikan.",5,Positif
REV3849,"packing aman, standar. Sangat merekomendasikan.",4,Positif
REV3850,"Barang bisa dimakan, pengiriman standar.",3,Netral
REV3851,"packing aman, packing aman. Sangat merekomendasikan.",5,Positif
REV3852,"renyah, oke. Sangat merekomendasikan.",4,Positif
REV3853,"packing aman, not bad. Sangat merekomendasikan.",5,Positif
REV3854,"apel busuk, benar-benar harga mahal. Tidak akan beli lagi.",1,Negatif
REV3855,"kualitas super, buahnya besar. Sangat merekomendasikan.",5,Positif
REV3856,"rasa hambar, benar-benar kurang segar. Tidak akan beli lagi.",2,Negatif
REV3857,"segar sekali, packing aman. Sangat merekomendasikan.",5,Positif
REV3858,"renyah, biasa saja. Sangat merekomendasikan.",4,Positif
REV3859,"banyak yang bonyok, benar-benar jelek. Tidak akan beli lagi.",2,Negatif
REV3860,"buahnya besar, sangat manis. Sangat merekomendasikan.",4,Positif
REV3861,"murah dan bagus, packing aman. Sangat merekomendasikan.",5,Positif
REV3862,"murah dan bagus, pengiriman cepat. Sangat merekomendasikan.",5,Positif
REV3863,"kurang segar, benar-benar banyak yang bonyok. Tidak akan beli lagi.",1,Negatif
REV3864,"Barang sesuai harga, pengiriman standar.",3,Netral
REV3865,"buahnya besar, renyah. Sangat merekomendasikan.",4,Positif
REV3866,"harga mahal, benar-benar banyak yang bonyok. Tidak akan beli lagi.",1,Negatif
REV3867,"renyah, seller ramah. Sangat merekomendasikan.",5,Positif
REV3868,"mantap, buahnya besar. Sangat merekomendasikan.",5,Positif
REV3869,"pengiriman cepat, seller ramah. Sangat merekomendasikan.",4,Positif
REV3870,"packing aman, seller ramah. Sangat merekomendasikan.",4,Positif
REV3871,"segar sekali, packing aman. Sangat merekomendasikan.",5,Positif
REV3872,"murah dan bagus, seller ramah. Sangat merekomendasikan.",4,Positif
REV3873,"kecewa, benar-benar kecewa. Tidak akan beli lagi.",2,Negatif
REV3874,"kecewa, benar-benar hancur. Tidak akan beli lagi.",2,Negatif
REV3875,"renyah, murah dan bagus. Sangat merekomendasikan.",4,Positif
REV3876,"kualitas super, segar sekali. Sangat merekomendasikan.",5,Positif
REV3877,"kualitas super, sampai tujuan. Sangat merekomendasikan.",5,Positif
REV3878,"hancur, benar-benar apel busuk. Tidak akan beli lagi.",1,Negatif
REV3879,"Barang not bad, pengiriman standar.",3,Netral
REV3880,"sangat manis, sampai tujuan. Sangat merekomendasikan.",4,Positif
REV3881,"renyah, bisa dimakan. Sangat merekomendasikan.",4,Positif
REV3882,"renyah, sampai tujuan. Sangat merekomendasikan.",5,Positif
REV3883,"hancur, benar-benar ukuran kecil. Tidak akan beli lagi.",2,Negatif
REV3884,"harga mahal, benar-benar pengiriman lambat. Tidak akan beli lagi.",1,Negatif
REV3885,"Barang not bad, pengiriman standar.",3,Netral
REV3886,"murah dan bagus, standar. Sangat merekomendasikan.",4,Positif
REV3887,"kecewa, benar-benar hancur. Tidak akan beli lagi.",1,Negatif
REV3888,"pengiriman cepat, kualitas super. Sangat merekomendasikan.",5,Positif
REV3889,"jelek, benar-benar kurang segar. Tidak akan beli lagi.",2,Negatif
REV3890,"packing aman, cukup. Sangat merekomendasikan.",5,Positif
REV3891,"apel busuk, benar-benar jelek. Tidak akan beli lagi.",1,Negatif
REV3892,"Barang sampai tujuan, pengiriman standar.",3,Netral
REV3893,"kurang segar, benar-benar pengiriman lambat. Tidak akan beli lagi.",1,Negatif
REV3894,"packing aman, segar sekali. Sangat merekomendasikan.",4,Positif
REV3895,"jelek, benar-benar harga mahal. Tidak akan beli lagi.",2,Negatif
REV3896,"renyah, sangat manis. Sangat merekomendasikan.",5,Positif
REV3897,"sangat manis, seller ramah. Sangat merekomendasikan.",4,Positif
REV3898,"seller ramah, not bad. Sangat merekomendasikan.",5,Positif
REV3899,"kualitas super, lumayan. Sangat merekomendasikan.",5,Positif
REV3900,"banyak yang bonyok, benar-benar hancur. Tidak akan beli lagi.",1,Negatif
REV3901,"murah dan bagus, renyah. Sangat merekomendasikan.",5,Positif
REV3902,"buahnya besar, buahnya besar. Sangat merekomendasikan.",4,Positif
REV3903,"segar sekali, buahnya besar. Sangat merekomendasikan.",5,Positif
REV3904,"packing aman, bisa dimakan. Sangat merekomendasikan.",4,Positif
REV3905,"Barang sampai tujuan, pengiriman standar.",3,Netral
REV3906,"renyah, renyah. Sangat merekomendasikan.",5,Positif
REV3907,"Barang cukup, pengiriman standar.",3,Netral
REV3908,"Barang sesuai deskripsi, pengiriman standar.",3,Netral
REV3909,"kecewa, benar-benar kurang segar. Tidak akan beli lagi.",2,Negatif
REV3910,"renyah, sesuai harga. Sangat merekomendasikan.",5,Positif
REV3911,"seller ramah, buahnya besar. Sangat merekomendasikan.",5,Positif
REV3912,"harga mahal, benar-benar pengiriman lambat. Tidak akan beli lagi.",1,Negatif
REV3913,"mantap, murah dan bagus. Sangat merekomendasikan.",5,Positif
REV3914,"mantap, packing aman. Sangat merekomendasikan.",4,Positif
REV3915,"rasa hambar, benar-benar ukuran kecil. Tidak akan beli lagi.",2,Negatif
REV3916,"segar sekali, cukup. Sangat merekomendasikan.",4,Positif
REV3917,"kurang segar, benar-benar kurang segar. Tidak akan beli lagi.",1,Negatif
REV3918,"kecewa, benar-benar pengiriman lambat. Tidak akan beli lagi.",2,Negatif
REV3919,"pengiriman lambat, benar-benar harga mahal. Tidak akan beli lagi.",1,Negatif
REV3920,"apel busuk, benar-benar pengiriman lambat. Tidak akan beli lagi.",2,Negatif
REV3921,"seller ramah, sampai tujuan. Sangat merekomendasikan.",4,Positif
REV3922,"Barang standar, pengiriman standar.",3,Netral
REV3923,"buahnya besar, cukup. Sangat merekomendasikan.",5,Positif
REV3924,"renyah, sampai tujuan. Sangat merekomendasikan.",5,Positif
REV3925,"murah dan bagus, buahnya besar. Sangat merekomendasikan.",5,Positif
REV3926,"Barang not bad, pengiriman standar.",3,Netral
REV3927,"mantap, kualitas super. Sangat merekomendasikan.",5,Positif
REV3928,"seller ramah, segar sekali. Sangat merekomendasikan.",5,Positif
REV3929,"pengiriman lambat, benar-benar apel busuk. Tidak akan beli lagi.",2,Negatif
REV3930,"segar sekali, buahnya besar. Sangat merekomendasikan.",4,Positif
REV3931,"Barang cukup, pengiriman standar.",3,Netral
REV3932,"kualitas super, oke. Sangat merekomendasikan.",4,Positif
REV3933,"Barang sampai tujuan, pengiriman standar.",3,Netral
REV3934,"murah dan bagus, sesuai harga. Sangat merekomendasikan.",4,Positif
REV3935,"renyah, cukup. Sangat merekomendasikan.",4,Positif
REV3936,"buahnya besar, buahnya besar. Sangat merekomendasikan.",5,Positif
REV3937,"Barang sampai tujuan, pengiriman standar.",3,Netral
REV3938,"sangat manis, biasa saja. Sangat merekomendasikan.",5,Positif
REV3939,"Barang sesuai harga, pengiriman standar.",3,Netral
REV3940,"renyah, bisa dimakan. Sangat merekomendasikan.",5,Positif
REV3941,"Barang biasa saja, pengiriman standar.",3,Netral
REV3942,"Barang bisa dimakan, pengiriman standar.",3,Netral
REV3943,"hancur, benar-benar jelek. Tidak akan beli lagi.",1,Negatif
REV3944,"pengiriman lambat, benar-benar ukuran kecil. Tidak akan beli lagi.",2,Negatif
REV3945,"banyak yang bonyok, benar-benar banyak yang bonyok. Tidak akan beli lagi.",2,Negatif
REV3946,"jelek, benar-benar harga mahal. Tidak akan beli lagi.",2,Negatif
REV3947,"harga mahal, benar-benar rasa hambar. Tidak akan beli lagi.",2,Negatif
REV3948,"seller ramah, bisa dimakan. Sangat merekomendasikan.",5,Positif
REV3949,"ukuran kecil, benar-benar harga mahal. Tidak akan beli lagi.",2,Negatif
REV3950,"pengiriman cepat, renyah. Sangat merekomendasikan.",5,Positif
REV3951,"renyah, biasa saja. Sangat merekomendasikan.",4,Positif
REV3952,"mantap, not bad. Sangat merekomendasikan.",4,Positif
REV3953,"seller ramah, pengiriman cepat. Sangat merekomendasikan.",5,Positif
REV3954,"kualitas super, renyah. Sangat merekomendasikan.",4,Positif
REV3955,"Barang sampai tujuan, pengiriman standar.",3,Netral
REV3956,"segar sekali, lumayan. Sangat merekomendasikan.",5,Positif
REV3957,"renyah, mantap. Sangat merekomendasikan.",5,Positif
REV3958,"Barang oke, pengiriman standar.",3,Netral
REV3959,"mantap, standar. Sangat merekomendasikan.",5,Positif
REV3960,"ukuran kecil, benar-benar harga mahal. Tidak akan beli lagi.",1,Negatif
REV3961,"Barang sampai tujuan, pengiriman standar.",3,Netral
REV3962,"hancur, benar-benar jelek. Tidak akan beli lagi.",2,Negatif
REV3963,"harga mahal, benar-benar kurang segar. Tidak akan beli lagi.",1,Negatif
REV3964,"Barang standar, pengiriman standar.",3,Netral
REV3965,"pengiriman cepat, sangat manis. Sangat merekomendasikan.",4,Positif
REV3966,"pengiriman cepat, packing aman. Sangat merekomendasikan.",4,Positif
REV3967,"murah dan bagus, pengiriman cepat. Sangat merekomendasikan.",5,Positif
REV3968,"segar sekali, renyah. Sangat merekomendasikan.",5,Positif
REV3969,"Barang sesuai deskripsi, pengiriman standar.",3,Netral
REV3970,"Barang sesuai harga, pengiriman standar.",3,Netral
REV3971,"Barang sesuai harga, pengiriman standar.",3,Netral
REV3972,"kualitas super, sampai tujuan. Sangat merekomendasikan.",4,Positif
REV3973,"buahnya besar, kualitas super. Sangat merekomendasikan.",5,Positif
REV3974,"apel busuk, benar-benar kurang segar. Tidak akan beli lagi.",1,Negatif
REV3975,"buahnya besar, pengiriman cepat. Sangat merekomendasikan.",4,Positif
REV3976,"kualitas super, buahnya besar. Sangat merekomendasikan.",4,Positif
REV3977,"mantap, murah dan bagus. Sangat merekomendasikan.",4,Positif
REV3978,"kualitas super, standar. Sangat merekomendasikan.",4,Positif
REV3979,"Barang oke, pengiriman standar.",3,Netral
REV3980,"segar sekali, packing aman. Sangat merekomendasikan.",4,Positif
REV3981,"murah dan bagus, oke. Sangat merekomendasikan.",5,Positif
REV3982,"Barang standar, pengiriman standar.",3,Netral
REV3983,"pengiriman cepat, sesuai deskripsi. Sangat merekomendasikan.",4,Positif
REV3984,"pengiriman cepat, sangat manis. Sangat merekomendasikan.",4,Positif
REV3985,"sangat manis, sesuai harga. Sangat merekomendasikan.",4,Positif
REV3986,"renyah, sampai tujuan. Sangat merekomendasikan.",5,Positif
REV3987,"harga mahal, benar-benar jelek. Tidak akan beli lagi.",1,Negatif
REV3988,"ukuran kecil, benar-benar jelek. Tidak akan beli lagi.",1,Negatif
REV3989,"harga mahal, benar-benar pengiriman lambat. Tidak akan beli lagi.",1,Negatif
REV3990,"jelek, benar-benar pengiriman lambat. Tidak akan beli lagi.",2,Negatif
REV3991,"hancur, benar-benar hancur. Tidak akan beli lagi.",1,Negatif
REV3992,"packing aman, not bad. Sangat merekomendasikan.",4,Positif
REV3993,"Barang sesuai deskripsi, pengiriman standar.",3,Netral
REV3994,"buahnya besar, cukup. Sangat merekomendasikan.",5,Positif
REV3995,"murah dan bagus, sesuai harga. Sangat merekomendasikan.",4,Positif
REV3996,"packing aman, cukup. Sangat merekomendasikan.",5,Positif
REV3997,"kecewa, benar-benar rasa hambar. Tidak akan beli lagi.",2,Negatif
REV3998,"packing aman, mantap. Sangat merekomendasikan.",4,Positif
REV3999,"banyak yang bonyok, benar-benar kurang segar. Tidak akan beli lagi.",1,Negatif
REV4000,"murah dan bagus, murah dan bagus. Sangat merekomendasikan.",5,Positif
REV4001,"murah dan bagus, sangat manis. Sangat merekomendasikan.",5,Positif
REV4002,"sangat manis, sesuai deskripsi. Sangat merekomendasikan.",5,Positif
REV4003,"pengiriman cepat, sesuai harga. Sangat merekomendasikan.",4,Positif
REV4004,"murah dan bagus, sampai tujuan. Sangat merekomendasikan.",5,Positif
REV4005,"jelek, benar-benar apel busuk. Tidak akan beli lagi.",2,Negatif
REV4006,"packing aman, sampai tujuan. Sangat merekomendasikan.",5,Positif
REV4007,"murah dan bagus, sangat manis. Sangat merekomendasikan.",4,Positif
REV4008,"seller ramah, mantap. Sangat merekomendasikan.",5,Positif
REV4009,"mantap, packing aman. Sangat merekomendasikan.",4,Positif
REV4010,"sangat manis, cukup. Sangat merekomendasikan.",4,Positif
REV4011,"renyah, seller ramah. Sangat merekomendasikan.",5,Positif
REV4012,"seller ramah, cukup. Sangat merekomendasikan.",5,Positif
REV4013,"kurang segar, benar-benar kurang segar. Tidak akan beli lagi.",2,Negatif
REV4014,"Barang biasa saja, pengiriman standar.",3,Netral
REV4015,"Barang standar, pengiriman standar.",3,Netral
REV4016,"seller ramah, standar. Sangat merekomendasikan.",5,Positif
REV4017,"Barang biasa saja, pengiriman standar.",3,Netral
REV4018,"murah dan bagus, pengiriman cepat. Sangat merekomendasikan.",4,Positif
REV4019,"seller ramah, packing aman. Sangat merekomendasikan.",4,Positif
REV4020,"jelek, benar-benar hancur. Tidak akan beli lagi.",2,Negatif
REV4021,"murah dan bagus, mantap. Sangat merekomendasikan.",4,Positif
REV4022,"Barang not bad, pengiriman standar.",3,Netral
REV4023,"murah dan bagus, biasa saja. Sangat merekomendasikan.",4,Positif
REV4024,"segar sekali, pengiriman cepat. Sangat merekomendasikan.",4,Positif
REV4025,"Barang standar, pengiriman standar.",3,Netral
REV4026,"Barang standar, pengiriman standar.",3,Netral
REV4027,"murah dan bagus, segar sekali. Sangat merekomendasikan.",5,Positif
REV4028,"harga mahal, benar-benar hancur. Tidak akan beli lagi.",1,Negatif
REV4029,"Barang cukup, pengiriman standar.",3,Netral
REV4030,"ukuran kecil, benar-benar hancur. Tidak akan beli lagi.",2,Negatif
REV4031,"packing aman, seller ramah. Sangat merekomendasikan.",5,Positif
REV4032,"renyah, sangat manis. Sangat merekomendasikan.",4,Positif
REV4033,"pengiriman cepat, kualitas super. Sangat merekomendasikan.",5,Positif
REV4034,"buahnya besar, sangat manis. Sangat merekomendasikan.",4,Positif
REV4035,"pengiriman cepat, segar sekali. Sangat merekomendasikan.",5,Positif
REV4036,"murah dan bagus, buahnya besar. Sangat merekomendasikan.",4,Positif
REV4037,"pengiriman cepat, oke. Sangat merekomendasikan.",5,Positif
REV4038,"sangat manis, packing aman. Sangat merekomendasikan.",5,Positif
REV4039,"Barang sesuai harga, pengiriman standar.",3,Netral
REV4040,"pengiriman cepat, sangat manis. Sangat merekomendasikan.",5,Positif
REV4041,"Barang cukup, pengiriman standar.",3,Netral
REV4042,"Barang biasa saja, pengiriman standar.",3,Netral
REV4043,"renyah, biasa saja. Sangat merekomendasikan.",4,Positif
REV4044,"murah dan bagus, sampai tujuan. Sangat merekomendasikan.",5,Positif
REV4045,"banyak yang bonyok, benar-benar harga mahal. Tidak akan beli lagi.",1,Negatif
REV4046,"sangat manis, lumayan. Sangat merekomendasikan.",5,Positif
REV4047,"kualitas super, murah dan bagus. Sangat merekomendasikan.",5,Positif
REV4048,"Barang lumayan, pengiriman standar.",3,Netral
REV4049,"Barang oke, pengiriman standar.",3,Netral
REV4050,"kurang segar, benar-benar rasa hambar. Tidak akan beli lagi.",2,Negatif
REV4051,"buahnya besar, sampai tujuan. Sangat merekomendasikan.",5,Positif
REV4052,"pengiriman cepat, seller ramah. Sangat merekomendasikan.",4,Positif
REV4053,"murah dan bagus, standar. Sangat merekomendasikan.",5,Positif
REV4054,"sangat manis, segar sekali. Sangat merekomendasikan.",5,Positif
REV4055,"segar sekali, standar. Sangat merekomendasikan.",5,Positif
REV4056,"packing aman, packing aman. Sangat merekomendasikan.",5,Positif
REV4057,"sangat manis, seller ramah. Sangat merekomendasikan.",5,Positif
REV4058,"packing aman, segar sekali. Sangat merekomendasikan.",5,Positif
REV4059,"buahnya besar, seller ramah. Sangat merekomendasikan.",4,Positif
REV4060,"packing aman, standar. Sangat merekomendasikan.",4,Positif
REV4061,"murah dan bagus, lumayan. Sangat merekomendasikan.",5,Positif
REV4062,"pengiriman cepat, kualitas super. Sangat merekomendasikan.",4,Positif
REV4063,"buahnya besar, sesuai deskripsi. Sangat merekomendasikan.",5,Positif
REV4064,"kualitas super, buahnya besar. Sangat merekomendasikan.",4,Positif
REV4065,"packing aman, mantap. Sangat merekomendasikan.",4,Positif
REV4066,"segar sekali, sesuai harga. Sangat merekomendasikan.",5,Positif
REV4067,"Barang lumayan, pengiriman standar.",3,Netral
REV4068,"segar sekali, segar sekali. Sangat merekomendasikan.",4,Positif
REV4069,"segar sekali, biasa saja. Sangat merekomendasikan.",5,Positif
REV4070,"banyak yang bonyok, benar-benar apel busuk. Tidak akan beli lagi.",1,Negatif
REV4071,"Barang standar, pengiriman standar.",3,Netral
REV4072,"ukuran kecil, benar-benar hancur. Tidak akan beli lagi.",1,Negatif
REV4073,"kualitas super, standar. Sangat merekomendasikan.",5,Positif
REV4074,"segar sekali, sangat manis. Sangat merekomendasikan.",4,Positif
REV4075,"apel busuk, benar-benar hancur. Tidak akan beli lagi.",2,Negatif
REV4076,"Barang cukup, pengiriman standar.",3,Netral
REV4077,"hancur, benar-benar pengiriman lambat. Tidak akan beli lagi.",1,Negatif
REV4078,"renyah, pengiriman cepat. Sangat merekomendasikan.",4,Positif
REV4079,"segar sekali, renyah. Sangat merekomendasikan.",5,Positif
REV4080,"Barang cukup, pengiriman standar.",3,Netral
REV4081,"kualitas super, bisa dimakan. Sangat merekomendasikan.",5,Positif
REV4082,"banyak yang bonyok, benar-benar apel busuk. Tidak akan beli lagi.",2,Negatif
REV4083,"Barang lumayan, pengiriman standar.",3,Netral
REV4084,"renyah, murah dan bagus. Sangat merekomendasikan.",5,Positif
REV4085,"buahnya besar, segar sekali. Sangat merekomendasikan.",4,Positif
REV4086,"pengiriman cepat, sampai tujuan. Sangat merekomendasikan.",5,Positif
REV4087,"segar sekali, lumayan. Sangat merekomendasikan.",4,Positif
REV4088,"jelek, benar-benar banyak yang bonyok. Tidak akan beli lagi.",2,Negatif
REV4089,"packing aman, seller ramah. Sangat merekomendasikan.",4,Positif
REV4090,"Barang lumayan, pengiriman standar.",3,Netral
REV4091,"seller ramah, sesuai harga. Sangat merekomendasikan.",4,Positif
REV4092,"pengiriman cepat, buahnya besar. Sangat merekomendasikan.",5,Positif
REV4093,"sangat manis, sampai tujuan. Sangat merekomendasikan.",5,Positif
REV4094,"harga mahal, benar-benar jelek. Tidak akan beli lagi.",1,Negatif
REV4095,"murah dan bagus, cukup. Sangat merekomendasikan.",5,Positif
REV4096,"packing aman, seller ramah. Sangat merekomendasikan.",4,Positif
REV4097,"mantap, renyah. Sangat merekomendasikan.",5,Positif
REV4098,"buahnya besar, sesuai harga. Sangat merekomendasikan.",4,Positif
REV4099,"Barang sampai tujuan, pengiriman standar.",3,Netral
REV4100,"packing aman, buahnya besar. Sangat merekomendasikan.",4,Positif
REV4101,"Barang bisa dimakan, pengiriman standar.",3,Netral
REV4102,"buahnya besar, renyah. Sangat merekomendasikan.",4,Positif
REV4103,"kualitas super, sesuai deskripsi. Sangat merekomendasikan.",5,Positif
REV4104,"pengiriman cepat, oke. Sangat merekomendasikan.",5,Positif
REV4105,"Barang oke, pengiriman standar.",3,Netral
REV4106,"murah dan bagus, cukup. Sangat merekomendasikan.",4,Positif
REV4107,"renyah, oke. Sangat merekomendasikan.",4,Positif
REV4108,"sangat manis, sesuai deskripsi. Sangat merekomendasikan.",4,Positif
REV4109,"seller ramah, renyah. Sangat merekomendasikan.",5,Positif
REV4110,"sangat manis, bisa dimakan. Sangat merekomendasikan.",4,Positif
REV4111,"banyak yang bonyok, benar-benar hancur. Tidak akan beli lagi.",1,Negatif
REV4112,"segar sekali, lumayan. Sangat merekomendasikan.",5,Positif
REV4113,"kualitas super, cukup. Sangat merekomendasikan.",4,Positif
REV4114,"kurang segar, benar-benar kecewa. Tidak akan beli lagi.",1,Negatif
REV4115,"buahnya besar, sampai tujuan. Sangat merekomendasikan.",5,Positif
REV4116,"buahnya besar, murah dan bagus. Sangat merekomendasikan.",5,Positif
REV4117,"mantap, mantap. Sangat merekomendasikan.",4,Positif
REV4118,"renyah, biasa saja. Sangat merekomendasikan.",4,Positif
REV4119,"renyah, segar sekali. Sangat merekomendasikan.",5,Positif
REV4120,"kualitas super, sesuai deskripsi. Sangat merekomendasikan.",4,Positif
REV4121,"kualitas super, kualitas super. Sangat merekomendasikan.",4,Positif
REV4122,"Barang standar, pengiriman standar.",3,Netral
REV4123,"Barang standar, pengiriman standar.",3,Netral
REV4124,"Barang lumayan, pengiriman standar.",3,Netral
REV4125,"segar sekali, segar sekali. Sangat merekomendasikan.",5,Positif
REV4126,"packing aman, seller ramah. Sangat merekomendasikan.",5,Positif
REV4127,"kualitas super, kualitas super. Sangat merekomendasikan.",4,Positif
REV4128,"mantap, standar. Sangat merekomendasikan.",4,Positif
REV4129,"packing aman, sesuai deskripsi. Sangat merekomendasikan.",4,Positif
REV4130,"Barang bisa dimakan, pengiriman standar.",3,Netral
REV4131,"mantap, buahnya besar. Sangat merekomendasikan.",4,Positif
REV4132,"sangat manis, sesuai harga. Sangat merekomendasikan.",4,Positif
REV4133,"segar sekali, bisa dimakan. Sangat merekomendasikan.",5,Positif
REV4134,"Barang sesuai harga, pengiriman standar.",3,Netral
REV4135,"Barang lumayan, pengiriman standar.",3,Netral
REV4136,"segar sekali, sampai tujuan. Sangat merekomendasikan.",5,Positif
REV4137,"kualitas super, oke. Sangat merekomendasikan.",4,Positif
REV4138,"sangat manis, sesuai harga. Sangat merekomendasikan.",5,Positif
REV4139,"buahnya besar, biasa saja. Sangat merekomendasikan.",4,Positif
REV4140,"Barang sampai tujuan, pengiriman standar.",3,Netral
REV4141,"Barang lumayan, pengiriman standar.",3,Netral
REV4142,"hancur, benar-benar ukuran kecil. Tidak akan beli lagi.",2,Negatif
REV4143,"buahnya besar, kualitas super. Sangat merekomendasikan.",4,Positif
REV4144,"kualitas super, mantap. Sangat merekomendasikan.",4,Positif
REV4145,"Barang sesuai harga, pengiriman standar.",3,Netral
REV4146,"kecewa, benar-benar jelek. Tidak akan beli lagi.",1,Negatif
REV4147,"kualitas super, segar sekali. Sangat merekomendasikan.",5,Positif
REV4148,"segar sekali, cukup. Sangat merekomendasikan.",5,Positif
REV4149,"seller ramah, seller ramah. Sangat merekomendasikan.",4,Positif
REV4150,"segar sekali, sesuai deskripsi. Sangat merekomendasikan.",4,Positif
REV4151,"segar sekali, not bad. Sangat merekomendasikan.",5,Positif
REV4152,"pengiriman cepat, cukup. Sangat merekomendasikan.",4,Positif
REV4153,"buahnya besar, biasa saja. Sangat merekomendasikan.",5,Positif
REV4154,"kualitas super, not bad. Sangat merekomendasikan.",4,Positif
REV4155,"renyah, oke. Sangat merekomendasikan.",4,Positif
REV4156,"seller ramah, segar sekali. Sangat merekomendasikan.",4,Positif
REV4157,"Barang standar, pengiriman standar.",3,Netral
REV4158,"pengiriman cepat, cukup. Sangat merekomendasikan.",5,Positif
REV4159,"seller ramah, sesuai deskripsi. Sangat merekomendasikan.",5,Positif
REV4160,"renyah, renyah. Sangat merekomendasikan.",4,Positif
REV4161,"buahnya besar, bisa dimakan. Sangat merekomendasikan.",5,Positif
REV4162,"harga mahal, benar-benar banyak yang bonyok. Tidak akan beli lagi.",2,Negatif
REV4163,"banyak yang bonyok, benar-benar jelek. Tidak akan beli lagi.",1,Negatif
REV4164,"renyah, sesuai harga. Sangat merekomendasikan.",4,Positif
REV4165,"Barang sesuai deskripsi, pengiriman standar.",3,Netral
REV4166,"seller ramah, lumayan. Sangat merekomendasikan.",5,Positif
REV4167,"hancur, benar-benar kecewa. Tidak akan beli lagi.",1,Negatif
REV4168,"hancur, benar-benar jelek. Tidak akan beli lagi.",1,Negatif
REV4169,"segar sekali, standar. Sangat merekomendasikan.",5,Positif
REV4170,"Barang not bad, pengiriman standar.",3,Netral
REV4171,"Barang oke, pengiriman standar.",3,Netral
REV4172,"renyah, oke. Sangat merekomendasikan.",4,Positif
REV4173,"harga mahal, benar-benar kurang segar. Tidak akan beli lagi.",1,Negatif
REV4174,"Barang lumayan, pengiriman standar.",3,Netral
REV4175,"sangat manis, mantap. Sangat merekomendasikan.",5,Positif
REV4176,"mantap, sangat manis. Sangat merekomendasikan.",5,Positif
REV4177,"jelek, benar-benar pengiriman lambat. Tidak akan beli lagi.",2,Negatif
REV4178,"ukuran kecil, benar-benar apel busuk. Tidak akan beli lagi.",1,Negatif
REV4179,"Barang oke, pengiriman standar.",3,Netral
REV4180,"Barang biasa saja, pengiriman standar.",3,Netral
REV4181,"Barang biasa saja, pengiriman standar.",3,Netral
REV4182,"renyah, sangat manis. Sangat merekomendasikan.",5,Positif
REV4183,"Barang oke, pengiriman standar.",3,Netral
REV4184,"jelek, benar-benar jelek. Tidak akan beli lagi.",2,Negatif
REV4185,"buahnya besar, not bad. Sangat merekomendasikan.",4,Positif
REV4186,"hancur, benar-benar pengiriman lambat. Tidak akan beli lagi.",2,Negatif
REV4187,"Barang sesuai harga, pengiriman standar.",3,Netral
REV4188,"sangat manis, oke. Sangat merekomendasikan.",5,Positif
REV4189,"banyak yang bonyok, benar-benar pengiriman lambat. Tidak akan beli lagi.",1,Negatif
REV4190,"pengiriman cepat, buahnya besar. Sangat merekomendasikan.",5,Positif
REV4191,"banyak yang bonyok, benar-benar hancur. Tidak akan beli lagi.",2,Negatif
REV4192,"Barang biasa saja, pengiriman standar.",3,Netral
REV4193,"Barang biasa saja, pengiriman standar.",3,Netral
REV4194,"Barang oke, pengiriman standar.",3,Netral
REV4195,"murah dan bagus, pengiriman cepat. Sangat merekomendasikan.",4,Positif
REV4196,"mantap, standar. Sangat merekomendasikan.",4,Positif
REV4197,"mantap, seller ramah. Sangat merekomendasikan.",4,Positif
REV4198,"kualitas super, lumayan. Sangat merekomendasikan.",4,Positif
REV4199,"packing aman, renyah. Sangat merekomendasikan.",4,Positif
REV4200,"packing aman, not bad. Sangat merekomendasikan.",4,Positif
REV4201,"kualitas super, bisa dimakan. Sangat merekomendasikan.",4,Positif
REV4202,"murah dan bagus, kualitas super. Sangat merekomendasikan.",5,Positif
REV4203,"mantap, standar. Sangat merekomendasikan.",4,Positif
REV4204,"Barang sesuai harga, pengiriman standar.",3,Netral
REV4205,"sangat manis, lumayan. Sangat merekomendasikan.",4,Positif
REV4206,"banyak yang bonyok, benar-benar kurang segar. Tidak akan beli lagi.",2,Negatif
REV4207,"kurang segar, benar-benar rasa hambar. Tidak akan beli lagi.",1,Negatif
REV4208,"kecewa, benar-benar hancur. Tidak akan beli lagi.",1,Negatif
REV4209,"sangat manis, standar. Sangat merekomendasikan.",4,Positif
REV4210,"apel busuk, benar-benar ukuran kecil. Tidak akan beli lagi.",2,Negatif
REV4211,"buahnya besar, kualitas super. Sangat merekomendasikan.",4,Positif
REV4212,"renyah, cukup. Sangat merekomendasikan.",4,Positif
REV4213,"Barang bisa dimakan, pengiriman standar.",3,Netral
REV4214,"pengiriman cepat, lumayan. Sangat merekomendasikan.",5,Positif
REV4215,"buahnya besar, packing aman. Sangat merekomendasikan.",4,Positif
REV4216,"pengiriman cepat, kualitas super. Sangat merekomendasikan.",4,Positif
REV4217,"seller ramah, oke. Sangat merekomendasikan.",4,Positif
REV4218,"mantap, not bad. Sangat merekomendasikan.",5,Positif
REV4219,"buahnya besar, pengiriman cepat. Sangat merekomendasikan.",5,Positif
REV4220,"segar sekali, biasa saja. Sangat merekomendasikan.",4,Positif
REV4221,"murah dan bagus, standar. Sangat merekomendasikan.",4,Positif
REV4222,"pengiriman cepat, murah dan bagus. Sangat merekomendasikan.",4,Positif
REV4223,"banyak yang bonyok, benar-benar rasa hambar. Tidak akan beli lagi.",1,Negatif
REV4224,"packing aman, not bad. Sangat merekomendasikan.",5,Positif
REV4225,"sangat manis, cukup. Sangat merekomendasikan.",5,Positif
REV4226,"kurang segar, benar-benar ukuran kecil. Tidak akan beli lagi.",1,Negatif
REV4227,"kualitas super, standar. Sangat merekomendasikan.",5,Positif
REV4228,"buahnya besar, biasa saja. Sangat merekomendasikan.",5,Positif
REV4229,"Barang standar, pengiriman standar.",3,Netral
REV4230,"pengiriman cepat, sampai tujuan. Sangat merekomendasikan.",4,Positif
REV4231,"Barang not bad, pengiriman standar.",3,Netral
REV4232,"kecewa, benar-benar harga mahal. Tidak akan beli lagi.",2,Negatif
REV4233,"Barang sesuai deskripsi, pengiriman standar.",3,Netral
REV4234,"mantap, seller ramah. Sangat merekomendasikan.",4,Positif
REV4235,"buahnya besar, bisa dimakan. Sangat merekomendasikan.",5,Positif
REV4236,"buahnya besar, packing aman. Sangat merekomendasikan.",4,Positif
REV4237,"segar sekali, pengiriman cepat. Sangat merekomendasikan.",4,Positif
REV4238,"murah dan bagus, biasa saja. Sangat merekomendasikan.",5,Positif
REV4239,"renyah, not bad. Sangat merekomendasikan.",5,Positif
REV4240,"rasa hambar, benar-benar rasa hambar. Tidak akan beli lagi.",2,Negatif
REV4241,"seller ramah, biasa saja. Sangat merekomendasikan.",4,Positif
REV4242,"renyah, sesuai harga. Sangat merekomendasikan.",5,Positif
REV4243,"kecewa, benar-benar banyak yang bonyok. Tidak akan beli lagi.",2,Negatif
REV4244,"renyah, bisa dimakan. Sangat merekomendasikan.",5,Positif
REV4245,"sangat manis, mantap. Sangat merekomendasikan.",4,Positif
REV4246,"pengiriman cepat, sesuai harga. Sangat merekomendasikan.",4,Positif
REV4247,"Barang bisa dimakan, pengiriman standar.",3,Netral
REV4248,"packing aman, bisa dimakan. Sangat merekomendasikan.",5,Positif
REV4249,"Barang standar, pengiriman standar.",3,Netral
REV4250,"packing aman, kualitas super. Sangat merekomendasikan.",4,Positif
REV4251,"segar sekali, seller ramah. Sangat merekomendasikan.",4,Positif
REV4252,"renyah, murah dan bagus. Sangat merekomendasikan.",5,Positif
REV4253,"Barang sesuai harga, pengiriman standar.",3,Netral
REV4254,"Barang sesuai harga, pengiriman standar.",3,Netral
REV4255,"Barang lumayan, pengiriman standar.",3,Netral
REV4256,"segar sekali, bisa dimakan. Sangat merekomendasikan.",4,Positif
REV4257,"pengiriman lambat, benar-benar ukuran kecil. Tidak akan beli lagi.",1,Negatif
REV4258,"sangat manis, lumayan. Sangat merekomendasikan.",4,Positif
REV4259,"kualitas super, mantap. Sangat merekomendasikan.",5,Positif
REV4260,"packing aman, sampai tujuan. Sangat merekomendasikan.",5,Positif
REV4261,"sangat manis, lumayan. Sangat merekomendasikan.",4,Positif
REV4262,"Barang biasa saja, pengiriman standar.",3,Netral
REV4263,"buahnya besar, seller ramah. Sangat merekomendasikan.",5,Positif
REV4264,"segar sekali, cukup. Sangat merekomendasikan.",5,Positif
REV4265,"buahnya besar, buahnya besar. Sangat merekomendasikan.",5,Positif
REV4266,"jelek, benar-benar harga mahal. Tidak akan beli lagi.",2,Negatif
REV4267,"mantap, murah dan bagus. Sangat merekomendasikan.",5,Positif
REV4268,"sangat manis, standar. Sangat merekomendasikan.",4,Positif
REV4269,"hancur, benar-benar jelek. Tidak akan beli lagi.",2,Negatif
REV4270,"apel busuk, benar-benar ukuran kecil. Tidak akan beli lagi.",1,Negatif
REV4271,"pengiriman cepat, kualitas super. Sangat merekomendasikan.",5,Positif
REV4272,"ukuran kecil, benar-benar kecewa. Tidak akan beli lagi.",1,Negatif
REV4273,"mantap, buahnya besar. Sangat merekomendasikan.",4,Positif
REV4274,"Barang lumayan, pengiriman standar.",3,Netral
REV4275,"packing aman, sangat manis. Sangat merekomendasikan.",4,Positif
REV4276,"kualitas super, standar. Sangat merekomendasikan.",4,Positif
REV4277,"ukuran kecil, benar-benar banyak yang bonyok. Tidak akan beli lagi.",1,Negatif
REV4278,"rasa hambar, benar-benar apel busuk. Tidak akan beli lagi.",1,Negatif
REV4279,"murah dan bagus, standar. Sangat merekomendasikan.",5,Positif
REV4280,"segar sekali, standar. Sangat merekomendasikan.",4,Positif
REV4281,"jelek, benar-benar rasa hambar. Tidak akan beli lagi.",2,Negatif
REV4282,"banyak yang bonyok, benar-benar harga mahal. Tidak akan beli lagi.",2,Negatif
REV4283,"mantap, cukup. Sangat merekomendasikan.",4,Positif
REV4284,"kualitas super, renyah. Sangat merekomendasikan.",5,Positif
REV4285,"kecewa, benar-benar jelek. Tidak akan beli lagi.",2,Negatif
REV4286,"Barang cukup, pengiriman standar.",3,Netral
REV4287,"jelek, benar-benar apel busuk. Tidak akan beli lagi.",2,Negatif
REV4288,"Barang lumayan, pengiriman standar.",3,Netral
REV4289,"Barang biasa saja, pengiriman standar.",3,Netral
REV4290,"buahnya besar, mantap. Sangat merekomendasikan.",5,Positif
REV4291,"banyak yang bonyok, benar-benar harga mahal. Tidak akan beli lagi.",2,Negatif
REV4292,"seller ramah, renyah. Sangat merekomendasikan.",4,Positif
REV4293,"Barang lumayan, pengiriman standar.",3,Netral
REV4294,"renyah, sesuai harga. Sangat merekomendasikan.",4,Positif
REV4295,"renyah, mantap. Sangat merekomendasikan.",5,Positif
REV4296,"segar sekali, sesuai deskripsi. Sangat merekomendasikan.",4,Positif
REV4297,"Barang oke, pengiriman standar.",3,Netral
REV4298,"sangat manis, buahnya besar. Sangat merekomendasikan.",4,Positif
REV4299,"Barang sesuai deskripsi, pengiriman standar.",3,Netral
REV4300,"apel busuk, benar-benar jelek. Tidak akan beli lagi.",2,Negatif
REV4301,"murah dan bagus, packing aman. Sangat merekomendasikan.",5,Positif
REV4302,"pengiriman cepat, lumayan. Sangat merekomendasikan.",5,Positif
REV4303,"kurang segar, benar-benar pengiriman lambat. Tidak akan beli lagi.",1,Negatif
REV4304,"kualitas super, standar. Sangat merekomendasikan.",5,Positif
REV4305,"jelek, benar-benar hancur. Tidak akan beli lagi.",2,Negatif
REV4306,"segar sekali, biasa saja. Sangat merekomendasikan.",5,Positif
REV4307,"segar sekali, not bad. Sangat merekomendasikan.",4,Positif
REV4308,"pengiriman cepat, biasa saja. Sangat merekomendasikan.",4,Positif
REV4309,"murah dan bagus, bisa dimakan. Sangat merekomendasikan.",5,Positif
REV4310,"renyah, oke. Sangat merekomendasikan.",5,Positif
REV4311,"jelek, benar-benar pengiriman lambat. Tidak akan beli lagi.",2,Negatif
REV4312,"Barang biasa saja, pengiriman standar.",3,Netral
REV4313,"Barang standar, pengiriman standar.",3,Netral
REV4314,"mantap, cukup. Sangat merekomendasikan.",5,Positif
REV4315,"Barang biasa saja, pengiriman standar.",3,Netral
REV4316,"pengiriman cepat, mantap. Sangat merekomendasikan.",4,Positif
REV4317,"buahnya besar, murah dan bagus. Sangat merekomendasikan.",5,Positif
REV4318,"kurang segar, benar-benar pengiriman lambat. Tidak akan beli lagi.",2,Negatif
REV4319,"hancur, benar-benar pengiriman lambat. Tidak akan beli lagi.",1,Negatif
REV4320,"renyah, pengiriman cepat. Sangat merekomendasikan.",5,Positif
REV4321,"Barang not bad, pengiriman standar.",3,Netral
REV4322,"Barang not bad, pengiriman standar.",3,Netral
REV4323,"kualitas super, renyah. Sangat merekomendasikan.",4,Positif
REV4324,"renyah, murah dan bagus. Sangat merekomendasikan.",4,Positif
REV4325,"Barang lumayan, pengiriman standar.",3,Netral
REV4326,"banyak yang bonyok, benar-benar kurang segar. Tidak akan beli lagi.",1,Negatif
REV4327,"seller ramah, mantap. Sangat merekomendasikan.",5,Positif
REV4328,"packing aman, buahnya besar. Sangat merekomendasikan.",4,Positif
REV4329,"pengiriman lambat, benar-benar kecewa. Tidak akan beli lagi.",1,Negatif
REV4330,"rasa hambar, benar-benar pengiriman lambat. Tidak akan beli lagi.",2,Negatif
REV4331,"Barang standar, pengiriman standar.",3,Netral
REV4332,"apel busuk, benar-benar hancur. Tidak akan beli lagi.",2,Negatif
REV4333,"mantap, buahnya besar. Sangat merekomendasikan.",5,Positif
REV4334,"hancur, benar-benar hancur. Tidak akan beli lagi.",1,Negatif
REV4335,"Barang bisa dimakan, pengiriman standar.",3,Netral
REV4336,"segar sekali, bisa dimakan. Sangat merekomendasikan.",5,Positif
REV4337,"kecewa, benar-benar kecewa. Tidak akan beli lagi.",1,Negatif
REV4338,"apel busuk, benar-benar banyak yang bonyok. Tidak akan beli lagi.",2,Negatif
REV4339,"Barang sesuai harga, pengiriman standar.",3,Netral
REV4340,"packing aman, murah dan bagus. Sangat merekomendasikan.",5,Positif
REV4341,"buahnya besar, bisa dimakan. Sangat merekomendasikan.",5,Positif
REV4342,"harga mahal, benar-benar banyak yang bonyok. Tidak akan beli lagi.",2,Negatif
REV4343,"pengiriman lambat, benar-benar kurang segar. Tidak akan beli lagi.",2,Negatif
REV4344,"Barang cukup, pengiriman standar.",3,Netral
REV4345,"packing aman, murah dan bagus. Sangat merekomendasikan.",5,Positif
REV4346,"Barang standar, pengiriman standar.",3,Netral
REV4347,"segar sekali, packing aman. Sangat merekomendasikan.",5,Positif
REV4348,"sangat manis, biasa saja. Sangat merekomendasikan.",4,Positif
REV4349,"sangat manis, buahnya besar. Sangat merekomendasikan.",5,Positif
REV4350,"seller ramah, packing aman. Sangat merekomendasikan.",5,Positif
REV4351,"segar sekali, seller ramah. Sangat merekomendasikan.",4,Positif
REV4352,"kualitas super, renyah. Sangat merekomendasikan.",5,Positif
REV4353,"packing aman, bisa dimakan. Sangat merekomendasikan.",4,Positif
REV4354,"packing aman, lumayan. Sangat merekomendasikan.",4,Positif
REV4355,"packing aman, packing aman. Sangat merekomendasikan.",5,Positif
REV4356,"Barang sesuai deskripsi, pengiriman standar.",3,Netral
REV4357,"seller ramah, kualitas super. Sangat merekomendasikan.",4,Positif
REV4358,"mantap, standar. Sangat merekomendasikan.",4,Positif
REV4359,"renyah, standar. Sangat merekomendasikan.",4,Positif
REV4360,"mantap, not bad. Sangat merekomendasikan.",4,Positif
REV4361,"hancur, benar-benar jelek. Tidak akan beli lagi.",1,Negatif
REV4362,"Barang not bad, pengiriman standar.",3,Netral
REV4363,"Barang lumayan, pengiriman standar.",3,Netral
REV4364,"jelek, benar-benar rasa hambar. Tidak akan beli lagi.",1,Negatif
REV4365,"packing aman, oke. Sangat merekomendasikan.",5,Positif
REV4366,"sangat manis, packing aman. Sangat merekomendasikan.",5,Positif
REV4367,"buahnya besar, cukup. Sangat merekomendasikan.",5,Positif
REV4368,"kurang segar, benar-benar apel busuk. Tidak akan beli lagi.",1,Negatif
REV4369,"Barang not bad, pengiriman standar.",3,Netral
REV4370,"seller ramah, sesuai deskripsi. Sangat merekomendasikan.",5,Positif
REV4371,"sangat manis, seller ramah. Sangat merekomendasikan.",4,Positif
REV4372,"murah dan bagus, oke. Sangat merekomendasikan.",5,Positif
REV4373,"seller ramah, mantap. Sangat merekomendasikan.",5,Positif
REV4374,"murah dan bagus, oke. Sangat merekomendasikan.",4,Positif
REV4375,"pengiriman cepat, biasa saja. Sangat merekomendasikan.",5,Positif
REV4376,"Barang oke, pengiriman standar.",3,Netral
REV4377,"hancur, benar-benar apel busuk. Tidak akan beli lagi.",1,Negatif
REV4378,"jelek, benar-benar pengiriman lambat. Tidak akan beli lagi.",1,Negatif
REV4379,"packing aman, oke. Sangat merekomendasikan.",5,Positif
REV4380,"rasa hambar, benar-benar jelek. Tidak akan beli lagi.",1,Negatif
REV4381,"kualitas super, renyah. Sangat merekomendasikan.",5,Positif
REV4382,"mantap, cukup. Sangat merekomendasikan.",4,Positif
REV4383,"pengiriman cepat, standar. Sangat merekomendasikan.",4,Positif
REV4384,"kurang segar, benar-benar banyak yang bonyok. Tidak akan beli lagi.",1,Negatif
REV4385,"harga mahal, benar-benar apel busuk. Tidak akan beli lagi.",1,Negatif
REV4386,"pengiriman lambat, benar-benar harga mahal. Tidak akan beli lagi.",2,Negatif
REV4387,"Barang bisa dimakan, pengiriman standar.",3,Netral
REV4388,"segar sekali, oke. Sangat merekomendasikan.",4,Positif
REV4389,"rasa hambar, benar-benar ukuran kecil. Tidak akan beli lagi.",2,Negatif
REV4390,"renyah, renyah. Sangat merekomendasikan.",4,Positif
REV4391,"kualitas super, pengiriman cepat. Sangat merekomendasikan.",5,Positif
REV4392,"kualitas super, oke. Sangat merekomendasikan.",4,Positif
REV4393,"banyak yang bonyok, benar-benar rasa hambar. Tidak akan beli lagi.",1,Negatif
REV4394,"buahnya besar, standar. Sangat merekomendasikan.",4,Positif
REV4395,"jelek, benar-benar hancur. Tidak akan beli lagi.",2,Negatif
REV4396,"pengiriman cepat, standar. Sangat merekomendasikan.",5,Positif
REV4397,"buahnya besar, standar. Sangat merekomendasikan.",5,Positif
REV4398,"Barang lumayan, pengiriman standar.",3,Netral
REV4399,"pengiriman cepat, lumayan. Sangat merekomendasikan.",5,Positif
REV4400,"mantap, murah dan bagus. Sangat merekomendasikan.",5,Positif
REV4401,"pengiriman cepat, murah dan bagus. Sangat merekomendasikan.",4,Positif
REV4402,"Barang standar, pengiriman standar.",3,Netral
REV4403,"sangat manis, biasa saja. Sangat merekomendasikan.",5,Positif
REV4404,"murah dan bagus, mantap. Sangat merekomendasikan.",4,Positif
REV4405,"packing aman, mantap. Sangat merekomendasikan.",4,Positif
REV4406,"pengiriman cepat, segar sekali. Sangat merekomendasikan.",5,Positif
REV4407,"Barang standar, pengiriman standar.",3,Netral
REV4408,"segar sekali, sangat manis. Sangat merekomendasikan.",5,Positif
REV4409,"mantap, buahnya besar. Sangat merekomendasikan.",5,Positif
REV4410,"sangat manis, oke. Sangat merekomendasikan.",5,Positif
REV4411,"packing aman, sampai tujuan. Sangat merekomendasikan.",4,Positif
REV4412,"buahnya besar, sangat manis. Sangat merekomendasikan.",5,Positif
REV4413,"mantap, sampai tujuan. Sangat merekomendasikan.",4,Positif
REV4414,"segar sekali, seller ramah. Sangat merekomendasikan.",4,Positif
REV4415,"mantap, sampai tujuan. Sangat merekomendasikan.",4,Positif
REV4416,"packing aman, biasa saja. Sangat merekomendasikan.",4,Positif
REV4417,"Barang cukup, pengiriman standar.",3,Netral
REV4418,"Barang sesuai harga, pengiriman standar.",3,Netral
REV4419,"mantap, bisa dimakan. Sangat merekomendasikan.",4,Positif
REV4420,"sangat manis, packing aman. Sangat merekomendasikan.",4,Positif
REV4421,"Barang not bad, pengiriman standar.",3,Netral
REV4422,"murah dan bagus, bisa dimakan. Sangat merekomendasikan.",4,Positif
REV4423,"Barang not bad, pengiriman standar.",3,Netral
REV4424,"segar sekali, kualitas super. Sangat merekomendasikan.",4,Positif
REV4425,"pengiriman cepat, murah dan bagus. Sangat merekomendasikan.",5,Positif
REV4426,"Barang lumayan, pengiriman standar.",3,Netral
REV4427,"banyak yang bonyok, benar-benar apel busuk. Tidak akan beli lagi.",1,Negatif
REV4428,"pengiriman cepat, kualitas super. Sangat merekomendasikan.",5,Positif
REV4429,"mantap, bisa dimakan. Sangat merekomendasikan.",5,Positif
REV4430,"murah dan bagus, lumayan. Sangat merekomendasikan.",5,Positif
REV4431,"Barang sesuai harga, pengiriman standar.",3,Netral
REV4432,"sangat manis, segar sekali. Sangat merekomendasikan.",4,Positif
REV4433,"Barang sesuai deskripsi, pengiriman standar.",3,Netral
REV4434,"pengiriman cepat, renyah. Sangat merekomendasikan.",4,Positif
REV4435,"murah dan bagus, bisa dimakan. Sangat merekomendasikan.",4,Positif
REV4436,"Barang bisa dimakan, pengiriman standar.",3,Netral
REV4437,"mantap, cukup. Sangat merekomendasikan.",5,Positif
REV4438,"pengiriman cepat, oke. Sangat merekomendasikan.",5,Positif
REV4439,"Barang bisa dimakan, pengiriman standar.",3,Netral
REV4440,"Barang sampai tujuan, pengiriman standar.",3,Netral
REV4441,"Barang lumayan, pengiriman standar.",3,Netral
REV4442,"Barang sesuai harga, pengiriman standar.",3,Netral
REV4443,"murah dan bagus, lumayan. Sangat merekomendasikan.",4,Positif
REV4444,"renyah, standar. Sangat merekomendasikan.",5,Positif
REV4445,"kualitas super, biasa saja. Sangat merekomendasikan.",5,Positif
REV4446,"jelek, benar-benar rasa hambar. Tidak akan beli lagi.",2,Negatif
REV4447,"murah dan bagus, sampai tujuan. Sangat merekomendasikan.",4,Positif
REV4448,"pengiriman lambat, benar-benar rasa hambar. Tidak akan beli lagi.",2,Negatif
REV4449,"murah dan bagus, lumayan. Sangat merekomendasikan.",4,Positif
REV4450,"Barang not bad, pengiriman standar.",3,Netral
REV4451,"kurang segar, benar-benar jelek. Tidak akan beli lagi.",1,Negatif
REV4452,"kecewa, benar-benar kecewa. Tidak akan beli lagi.",2,Negatif
REV4453,"mantap, kualitas super. Sangat merekomendasikan.",5,Positif
REV4454,"kualitas super, not bad. Sangat merekomendasikan.",5,Positif
REV4455,"buahnya besar, pengiriman cepat. Sangat merekomendasikan.",4,Positif
REV4456,"packing aman, bisa dimakan. Sangat merekomendasikan.",5,Positif
REV4457,"murah dan bagus, biasa saja. Sangat merekomendasikan.",4,Positif
REV4458,"Barang bisa dimakan, pengiriman standar.",3,Netral
REV4459,"renyah, buahnya besar. Sangat merekomendasikan.",4,Positif
REV4460,"jelek, benar-benar hancur. Tidak akan beli lagi.",1,Negatif
REV4461,"mantap, sesuai harga. Sangat merekomendasikan.",4,Positif
REV4462,"pengiriman lambat, benar-benar hancur. Tidak akan beli lagi.",2,Negatif
REV4463,"hancur, benar-benar harga mahal. Tidak akan beli lagi.",1,Negatif
REV4464,"buahnya besar, sampai tujuan. Sangat merekomendasikan.",5,Positif
REV4465,"packing aman, renyah. Sangat merekomendasikan.",5,Positif
REV4466,"mantap, packing aman. Sangat merekomendasikan.",4,Positif
REV4467,"ukuran kecil, benar-benar kecewa. Tidak akan beli lagi.",1,Negatif
REV4468,"apel busuk, benar-benar rasa hambar. Tidak akan beli lagi.",1,Negatif
REV4469,"Barang lumayan, pengiriman standar.",3,Netral
REV4470,"Barang cukup, pengiriman standar.",3,Netral
REV4471,"Barang sesuai harga, pengiriman standar.",3,Netral
REV4472,"kecewa, benar-benar hancur. Tidak akan beli lagi.",2,Negatif
REV4473,"Barang sesuai deskripsi, pengiriman standar.",3,Netral
REV4474,"Barang sesuai deskripsi, pengiriman standar.",3,Netral
REV4475,"sangat manis, lumayan. Sangat merekomendasikan.",5,Positif
REV4476,"banyak yang bonyok, benar-benar jelek. Tidak akan beli lagi.",1,Negatif
REV4477,"kecewa, benar-benar apel busuk. Tidak akan beli lagi.",2,Negatif
REV4478,"segar sekali, mantap. Sangat merekomendasikan.",5,Positif
REV4479,"murah dan bagus, pengiriman cepat. Sangat merekomendasikan.",5,Positif
REV4480,"murah dan bagus, mantap. Sangat merekomendasikan.",5,Positif
REV4481,"Barang not bad, pengiriman standar.",3,Netral
REV4482,"jelek, benar-benar banyak yang bonyok. Tidak akan beli lagi.",1,Negatif
REV4483,"apel busuk, benar-benar rasa hambar. Tidak akan beli lagi.",2,Negatif
REV4484,"renyah, lumayan. Sangat merekomendasikan.",5,Positif
REV4485,"seller ramah, not bad. Sangat merekomendasikan.",4,Positif
REV4486,"hancur, benar-benar apel busuk. Tidak akan beli lagi.",2,Negatif
REV4487,"pengiriman cepat, seller ramah. Sangat merekomendasikan.",5,Positif
REV4488,"renyah, lumayan. Sangat merekomendasikan.",4,Positif
REV4489,"packing aman, sampai tujuan. Sangat merekomendasikan.",4,Positif
REV4490,"sangat manis, murah dan bagus. Sangat merekomendasikan.",4,Positif
REV4491,"harga mahal, benar-benar pengiriman lambat. Tidak akan beli lagi.",2,Negatif
REV4492,"packing aman, cukup. Sangat merekomendasikan.",5,Positif
REV4493,"renyah, oke. Sangat merekomendasikan.",5,Positif
REV4494,"kurang segar, benar-benar apel busuk. Tidak akan beli lagi.",2,Negatif
REV4495,"buahnya besar, mantap. Sangat merekomendasikan.",5,Positif
REV4496,"mantap, lumayan. Sangat merekomendasikan.",5,Positif
REV4497,"buahnya besar, cukup. Sangat merekomendasikan.",5,Positif
REV4498,"sangat manis, seller ramah. Sangat merekomendasikan.",5,Positif
REV4499,"Barang bisa dimakan, pengiriman standar.",3,Netral
REV4500,"renyah, sesuai harga. Sangat merekomendasikan.",4,Positif
REV4501,"kualitas super, murah dan bagus. Sangat merekomendasikan.",5,Positif
REV4502,"murah dan bagus, sangat manis. Sangat merekomendasikan.",4,Positif
REV4503,"renyah, standar. Sangat merekomendasikan.",5,Positif
REV4504,"Barang not bad, pengiriman standar.",3,Netral
REV4505,"pengiriman cepat, not bad. Sangat merekomendasikan.",4,Positif
REV4506,"mantap, standar. Sangat merekomendasikan.",5,Positif
REV4507,"Barang standar, pengiriman standar.",3,Netral
REV4508,"mantap, segar sekali. Sangat merekomendasikan.",4,Positif
REV4509,"Barang oke, pengiriman standar.",3,Netral
REV4510,"banyak yang bonyok, benar-benar apel busuk. Tidak akan beli lagi.",2,Negatif
REV4511,"Barang oke, pengiriman standar.",3,Netral
REV4512,"seller ramah, pengiriman cepat. Sangat merekomendasikan.",4,Positif
REV4513,"Barang cukup, pengiriman standar.",3,Netral
REV4514,"segar sekali, sesuai harga. Sangat merekomendasikan.",5,Positif
REV4515,"Barang cukup, pengiriman standar.",3,Netral
REV4516,"ukuran kecil, benar-benar kecewa. Tidak akan beli lagi.",2,Negatif
REV4517,"buahnya besar, mantap. Sangat merekomendasikan.",5,Positif
REV4518,"pengiriman cepat, segar sekali. Sangat merekomendasikan.",4,Positif
REV4519,"renyah, kualitas super. Sangat merekomendasikan.",5,Positif
REV4520,"segar sekali, pengiriman cepat. Sangat merekomendasikan.",4,Positif
REV4521,"packing aman, sesuai deskripsi. Sangat merekomendasikan.",5,Positif
REV4522,"sangat manis, sampai tujuan. Sangat merekomendasikan.",5,Positif
REV4523,"buahnya besar, murah dan bagus. Sangat merekomendasikan.",4,Positif
REV4524,"segar sekali, lumayan. Sangat merekomendasikan.",4,Positif
REV4525,"packing aman, sesuai deskripsi. Sangat merekomendasikan.",4,Positif
REV4526,"Barang oke, pengiriman standar.",3,Netral
REV4527,"renyah, murah dan bagus. Sangat merekomendasikan.",4,Positif
REV4528,"kualitas super, sesuai deskripsi. Sangat merekomendasikan.",5,Positif
REV4529,"pengiriman cepat, seller ramah. Sangat merekomendasikan.",4,Positif
REV4530,"apel busuk, benar-benar harga mahal. Tidak akan beli lagi.",2,Negatif
REV4531,"seller ramah, sesuai deskripsi. Sangat merekomendasikan.",5,Positif
REV4532,"rasa hambar, benar-benar apel busuk. Tidak akan beli lagi.",2,Negatif
REV4533,"ukuran kecil, benar-benar apel busuk. Tidak akan beli lagi.",2,Negatif
REV4534,"mantap, pengiriman cepat. Sangat merekomendasikan.",5,Positif
REV4535,"Barang sampai tujuan, pengiriman standar.",3,Netral
REV4536,"packing aman, kualitas super. Sangat merekomendasikan.",4,Positif
REV4537,"kualitas super, sesuai deskripsi. Sangat merekomendasikan.",5,Positif
REV4538,"ukuran kecil, benar-benar apel busuk. Tidak akan beli lagi.",2,Negatif
REV4539,"mantap, mantap. Sangat merekomendasikan.",4,Positif
REV4540,"segar sekali, lumayan. Sangat merekomendasikan.",5,Positif
REV4541,"segar sekali, seller ramah. Sangat merekomendasikan.",4,Positif
REV4542,"ukuran kecil, benar-benar ukuran kecil. Tidak akan beli lagi.",1,Negatif
REV4543,"buahnya besar, lumayan. Sangat merekomendasikan.",5,Positif
REV4544,"packing aman, segar sekali. Sangat merekomendasikan.",5,Positif
REV4545,"murah dan bagus, murah dan bagus. Sangat merekomendasikan.",5,Positif
REV4546,"pengiriman cepat, buahnya besar. Sangat merekomendasikan.",5,Positif
REV4547,"kualitas super, sangat manis. Sangat merekomendasikan.",5,Positif
REV4548,"Barang bisa dimakan, pengiriman standar.",3,Netral
REV4549,"buahnya besar, sesuai deskripsi. Sangat merekomendasikan.",5,Positif
REV4550,"kualitas super, seller ramah. Sangat merekomendasikan.",5,Positif
REV4551,"buahnya besar, sesuai harga. Sangat merekomendasikan.",4,Positif
REV4552,"jelek, benar-benar banyak yang bonyok. Tidak akan beli lagi.",2,Negatif
REV4553,"murah dan bagus, murah dan bagus. Sangat merekomendasikan.",5,Positif
REV4554,"murah dan bagus, not bad. Sangat merekomendasikan.",5,Positif
REV4555,"segar sekali, renyah. Sangat merekomendasikan.",5,Positif
REV4556,"kualitas super, mantap. Sangat merekomendasikan.",4,Positif
REV4557,"mantap, lumayan. Sangat merekomendasikan.",4,Positif
REV4558,"buahnya besar, oke. Sangat merekomendasikan.",5,Positif
REV4559,"sangat manis, murah dan bagus. Sangat merekomendasikan.",5,Positif
REV4560,"Barang lumayan, pengiriman standar.",3,Netral
REV4561,"Barang cukup, pengiriman standar.",3,Netral
REV4562,"sangat manis, segar sekali. Sangat merekomendasikan.",5,Positif
REV4563,"kurang segar, benar-benar apel busuk. Tidak akan beli lagi.",2,Negatif
REV4564,"kualitas super, biasa saja. Sangat merekomendasikan.",4,Positif
REV4565,"seller ramah, renyah. Sangat merekomendasikan.",4,Positif
REV4566,"mantap, not bad. Sangat merekomendasikan.",4,Positif
REV4567,"Barang cukup, pengiriman standar.",3,Netral
REV4568,"mantap, sesuai harga. Sangat merekomendasikan.",5,Positif
REV4569,"Barang oke, pengiriman standar.",3,Netral
REV4570,"banyak yang bonyok, benar-benar kecewa. Tidak akan beli lagi.",1,Negatif
REV4571,"buahnya besar, pengiriman cepat. Sangat merekomendasikan.",4,Positif
REV4572,"packing aman, not bad. Sangat merekomendasikan.",4,Positif
REV4573,"pengiriman cepat, pengiriman cepat. Sangat merekomendasikan.",4,Positif
REV4574,"Barang cukup, pengiriman standar.",3,Netral
REV4575,"kualitas super, oke. Sangat merekomendasikan.",4,Positif
REV4576,"Barang oke, pengiriman standar.",3,Netral
REV4577,"packing aman, sampai tujuan. Sangat merekomendasikan.",5,Positif
REV4578,"Barang biasa saja, pengiriman standar.",3,Netral
REV4579,"kecewa, benar-benar pengiriman lambat. Tidak akan beli lagi.",1,Negatif
REV4580,"mantap, buahnya besar. Sangat merekomendasikan.",4,Positif
REV4581,"renyah, standar. Sangat merekomendasikan.",5,Positif
REV4582,"pengiriman cepat, lumayan. Sangat merekomendasikan.",4,Positif
REV4583,"banyak yang bonyok, benar-benar harga mahal. Tidak akan beli lagi.",1,Negatif
REV4584,"packing aman, sangat manis. Sangat merekomendasikan.",5,Positif
REV4585,"Barang sesuai harga, pengiriman standar.",3,Netral
REV4586,"harga mahal, benar-benar rasa hambar. Tidak akan beli lagi.",1,Negatif
REV4587,"Barang sampai tujuan, pengiriman standar.",3,Netral
REV4588,"harga mahal, benar-benar harga mahal. Tidak akan beli lagi.",2,Negatif
REV4589,"pengiriman cepat, mantap. Sangat merekomendasikan.",4,Positif
REV4590,"renyah, bisa dimakan. Sangat merekomendasikan.",4,Positif
REV4591,"Barang bisa dimakan, pengiriman standar.",3,Netral
REV4592,"pengiriman cepat, sesuai deskripsi. Sangat merekomendasikan.",4,Positif
REV4593,"kualitas super, standar. Sangat merekomendasikan.",4,Positif
REV4594,"kualitas super, lumayan. Sangat merekomendasikan.",4,Positif
REV4595,"jelek, benar-benar rasa hambar. Tidak akan beli lagi.",1,Negatif
REV4596,"ukuran kecil, benar-benar jelek. Tidak akan beli lagi.",1,Negatif
REV4597,"harga mahal, benar-benar kurang segar. Tidak akan beli lagi.",2,Negatif
REV4598,"mantap, biasa saja. Sangat merekomendasikan.",4,Positif
REV4599,"Barang biasa saja, pengiriman standar.",3,Netral
REV4600,"hancur, benar-benar kecewa. Tidak akan beli lagi.",2,Negatif
REV4601,"buahnya besar, renyah. Sangat merekomendasikan.",4,Positif
REV4602,"harga mahal, benar-benar kurang segar. Tidak akan beli lagi.",1,Negatif
REV4603,"kualitas super, lumayan. Sangat merekomendasikan.",5,Positif
REV4604,"segar sekali, not bad. Sangat merekomendasikan.",5,Positif
REV4605,"seller ramah, biasa saja. Sangat merekomendasikan.",5,Positif
REV4606,"mantap, lumayan. Sangat merekomendasikan.",5,Positif
REV4607,"Barang not bad, pengiriman standar.",3,Netral
REV4608,"segar sekali, renyah. Sangat merekomendasikan.",5,Positif
REV4609,"kualitas super, not bad. Sangat merekomendasikan.",5,Positif
REV4610,"packing aman, segar sekali. Sangat merekomendasikan.",5,Positif
REV4611,"mantap, bisa dimakan. Sangat merekomendasikan.",4,Positif
REV4612,"Barang cukup, pengiriman standar.",3,Netral
REV4613,"renyah, cukup. Sangat merekomendasikan.",5,Positif
REV4614,"Barang sesuai harga, pengiriman standar.",3,Netral
REV4615,"Barang cukup, pengiriman standar.",3,Netral
REV4616,"pengiriman cepat, mantap. Sangat merekomendasikan.",4,Positif
REV4617,"kurang segar, benar-benar rasa hambar. Tidak akan beli lagi.",2,Negatif
REV4618,"mantap, segar sekali. Sangat merekomendasikan.",5,Positif
REV4619,"mantap, standar. Sangat merekomendasikan.",5,Positif
REV4620,"Barang sampai tujuan, pengiriman standar.",3,Netral
REV4621,"packing aman, kualitas super. Sangat merekomendasikan.",4,Positif
REV4622,"rasa hambar, benar-benar kecewa. Tidak akan beli lagi.",2,Negatif
REV4623,"pengiriman cepat, not bad. Sangat merekomendasikan.",5,Positif
REV4624,"apel busuk, benar-benar pengiriman lambat. Tidak akan beli lagi.",1,Negatif
REV4625,"pengiriman cepat, oke. Sangat merekomendasikan.",4,Positif
REV4626,"buahnya besar, mantap. Sangat merekomendasikan.",4,Positif
REV4627,"seller ramah, bisa dimakan. Sangat merekomendasikan.",4,Positif
REV4628,"hancur, benar-benar harga mahal. Tidak akan beli lagi.",2,Negatif
REV4629,"segar sekali, seller ramah. Sangat merekomendasikan.",5,Positif
REV4630,"Barang sampai tujuan, pengiriman standar.",3,Netral
REV4631,"murah dan bagus, not bad. Sangat merekomendasikan.",5,Positif
REV4632,"murah dan bagus, biasa saja. Sangat merekomendasikan.",5,Positif
REV4633,"renyah, pengiriman cepat. Sangat merekomendasikan.",5,Positif
REV4634,"mantap, sangat manis. Sangat merekomendasikan.",4,Positif
REV4635,"hancur, benar-benar jelek. Tidak akan beli lagi.",1,Negatif
REV4636,"seller ramah, murah dan bagus. Sangat merekomendasikan.",5,Positif
REV4637,"murah dan bagus, kualitas super. Sangat merekomendasikan.",4,Positif
REV4638,"renyah, cukup. Sangat merekomendasikan.",5,Positif
REV4639,"Barang lumayan, pengiriman standar.",3,Netral
REV4640,"sangat manis, cukup. Sangat merekomendasikan.",4,Positif
REV4641,"renyah, segar sekali. Sangat merekomendasikan.",5,Positif
REV4642,"ukuran kecil, benar-benar apel busuk. Tidak akan beli lagi.",1,Negatif
REV4643,"segar sekali, biasa saja. Sangat merekomendasikan.",5,Positif
REV4644,"hancur, benar-benar kurang segar. Tidak akan beli lagi.",2,Negatif
REV4645,"renyah, standar. Sangat merekomendasikan.",4,Positif
REV4646,"Barang sesuai deskripsi, pengiriman standar.",3,Netral
REV4647,"seller ramah, biasa saja. Sangat merekomendasikan.",4,Positif
REV4648,"jelek, benar-benar kecewa. Tidak akan beli lagi.",1,Negatif
REV4649,"Barang standar, pengiriman standar.",3,Netral
REV4650,"packing aman, murah dan bagus. Sangat merekomendasikan.",4,Positif
REV4651,"kecewa, benar-benar jelek. Tidak akan beli lagi.",2,Negatif
REV4652,"seller ramah, sesuai harga. Sangat merekomendasikan.",5,Positif
REV4653,"kurang segar, benar-benar pengiriman lambat. Tidak akan beli lagi.",1,Negatif
REV4654,"murah dan bagus, murah dan bagus. Sangat merekomendasikan.",5,Positif
REV4655,"pengiriman lambat, benar-benar apel busuk. Tidak akan beli lagi.",2,Negatif
REV4656,"kualitas super, sangat manis. Sangat merekomendasikan.",5,Positif
REV4657,"Barang standar, pengiriman standar.",3,Netral
REV4658,"packing aman, biasa saja. Sangat merekomendasikan.",5,Positif
REV4659,"pengiriman cepat, pengiriman cepat. Sangat merekomendasikan.",5,Positif
REV4660,"pengiriman lambat, benar-benar kurang segar. Tidak akan beli lagi.",2,Negatif
REV4661,"packing aman, bisa dimakan. Sangat merekomendasikan.",4,Positif
REV4662,"seller ramah, bisa dimakan. Sangat merekomendasikan.",5,Positif
REV4663,"pengiriman cepat, oke. Sangat merekomendasikan.",5,Positif
REV4664,"buahnya besar, biasa saja. Sangat merekomendasikan.",5,Positif
REV4665,"Barang not bad, pengiriman standar.",3,Netral
REV4666,"harga mahal, benar-benar kurang segar. Tidak akan beli lagi.",2,Negatif
REV4667,"renyah, packing aman. Sangat merekomendasikan.",5,Positif
REV4668,"pengiriman lambat, benar-benar kurang segar. Tidak akan beli lagi.",1,Negatif
REV4669,"hancur, benar-benar apel busuk. Tidak akan beli lagi.",2,Negatif
REV4670,"Barang bisa dimakan, pengiriman standar.",3,Netral
REV4671,"packing aman, packing aman. Sangat merekomendasikan.",4,Positif
REV4672,"buahnya besar, buahnya besar. Sangat merekomendasikan.",5,Positif
REV4673,"Barang sesuai deskripsi, pengiriman standar.",3,Netral
REV4674,"buahnya besar, not bad. Sangat merekomendasikan.",4,Positif
REV4675,"banyak yang bonyok, benar-benar apel busuk. Tidak akan beli lagi.",2,Negatif
REV4676,"apel busuk, benar-benar hancur. Tidak akan beli lagi.",1,Negatif
REV4677,"packing aman, sesuai harga. Sangat merekomendasikan.",5,Positif
REV4678,"Barang sesuai harga, pengiriman standar.",3,Netral
REV4679,"mantap, sampai tujuan. Sangat merekomendasikan.",4,Positif
REV4680,"rasa hambar, benar-benar pengiriman lambat. Tidak akan beli lagi.",2,Negatif
REV4681,"buahnya besar, buahnya besar. Sangat merekomendasikan.",4,Positif
REV4682,"packing aman, sesuai deskripsi. Sangat merekomendasikan.",4,Positif
REV4683,"kualitas super, sesuai deskripsi. Sangat merekomendasikan.",5,Positif
REV4684,"mantap, pengiriman cepat. Sangat merekomendasikan.",5,Positif
REV4685,"Barang biasa saja, pengiriman standar.",3,Netral
REV4686,"Barang cukup, pengiriman standar.",3,Netral
REV4687,"kualitas super, cukup. Sangat merekomendasikan.",4,Positif
REV4688,"mantap, mantap. Sangat merekomendasikan.",4,Positif
REV4689,"Barang bisa dimakan, pengiriman standar.",3,Netral
REV4690,"sangat manis, lumayan. Sangat merekomendasikan.",4,Positif
REV4691,"buahnya besar, sangat manis. Sangat merekomendasikan.",4,Positif
REV4692,"Barang cukup, pengiriman standar.",3,Netral
REV4693,"Barang cukup, pengiriman standar.",3,Netral
REV4694,"Barang not bad, pengiriman standar.",3,Netral
REV4695,"packing aman, not bad. Sangat merekomendasikan.",5,Positif
REV4696,"renyah, biasa saja. Sangat merekomendasikan.",4,Positif
REV4697,"renyah, mantap. Sangat merekomendasikan.",4,Positif
REV4698,"murah dan bagus, renyah. Sangat merekomendasikan.",5,Positif
REV4699,"sangat manis, bisa dimakan. Sangat merekomendasikan.",5,Positif
REV4700,"murah dan bagus, not bad. Sangat merekomendasikan.",5,Positif
REV4701,"murah dan bagus, kualitas super. Sangat merekomendasikan.",5,Positif
REV4702,"Barang cukup, pengiriman standar.",3,Netral
REV4703,"hancur, benar-benar pengiriman lambat. Tidak akan beli lagi.",2,Negatif
REV4704,"mantap, kualitas super. Sangat merekomendasikan.",5,Positif
REV4705,"murah dan bagus, bisa dimakan. Sangat merekomendasikan.",5,Positif
REV4706,"sangat manis, mantap. Sangat merekomendasikan.",4,Positif
REV4707,"packing aman, pengiriman cepat. Sangat merekomendasikan.",5,Positif
REV4708,"pengiriman lambat, benar-benar jelek. Tidak akan beli lagi.",1,Negatif
REV4709,"Barang sesuai harga, pengiriman standar.",3,Netral
REV4710,"murah dan bagus, buahnya besar. Sangat merekomendasikan.",4,Positif
REV4711,"pengiriman cepat, bisa dimakan. Sangat merekomendasikan.",4,Positif
REV4712,"murah dan bagus, buahnya besar. Sangat merekomendasikan.",4,Positif
REV4713,"murah dan bagus, sangat manis. Sangat merekomendasikan.",5,Positif
REV4714,"kualitas super, bisa dimakan. Sangat merekomendasikan.",5,Positif
REV4715,"Barang standar, pengiriman standar.",3,Netral
REV4716,"mantap, murah dan bagus. Sangat merekomendasikan.",5,Positif
REV4717,"Barang cukup, pengiriman standar.",3,Netral
REV4718,"renyah, renyah. Sangat merekomendasikan.",5,Positif
REV4719,"ukuran kecil, benar-benar kecewa. Tidak akan beli lagi.",1,Negatif
REV4720,"Barang cukup, pengiriman standar.",3,Netral
REV4721,"pengiriman cepat, sesuai deskripsi. Sangat merekomendasikan.",4,Positif
REV4722,"sangat manis, lumayan. Sangat merekomendasikan.",4,Positif
REV4723,"kualitas super, murah dan bagus. Sangat merekomendasikan.",4,Positif
REV4724,"mantap, murah dan bagus. Sangat merekomendasikan.",4,Positif
REV4725,"harga mahal, benar-benar kurang segar. Tidak akan beli lagi.",1,Negatif
REV4726,"seller ramah, packing aman. Sangat merekomendasikan.",5,Positif
REV4727,"packing aman, renyah. Sangat merekomendasikan.",5,Positif
REV4728,"segar sekali, not bad. Sangat merekomendasikan.",5,Positif
REV4729,"renyah, kualitas super. Sangat merekomendasikan.",4,Positif
REV4730,"ukuran kecil, benar-benar rasa hambar. Tidak akan beli lagi.",1,Negatif
REV4731,"sangat manis, renyah. Sangat merekomendasikan.",4,Positif
REV4732,"Barang cukup, pengiriman standar.",3,Netral
REV4733,"seller ramah, sampai tujuan. Sangat merekomendasikan.",5,Positif
REV4734,"murah dan bagus, sampai tujuan. Sangat merekomendasikan.",4,Positif
REV4735,"buahnya besar, packing aman. Sangat merekomendasikan.",4,Positif
REV4736,"seller ramah, standar. Sangat merekomendasikan.",4,Positif
REV4737,"packing aman, buahnya besar. Sangat merekomendasikan.",5,Positif
REV4738,"pengiriman cepat, sesuai deskripsi. Sangat merekomendasikan.",5,Positif
REV4739,"Barang sesuai deskripsi, pengiriman standar.",3,Netral
REV4740,"sangat manis, mantap. Sangat merekomendasikan.",5,Positif
REV4741,"packing aman, standar. Sangat merekomendasikan.",4,Positif
REV4742,"banyak yang bonyok, benar-benar jelek. Tidak akan beli lagi.",2,Negatif
REV4743,"sangat manis, segar sekali. Sangat merekomendasikan.",5,Positif
REV4744,"Barang not bad, pengiriman standar.",3,Netral
REV4745,"renyah, biasa saja. Sangat merekomendasikan.",5,Positif
REV4746,"mantap, buahnya besar. Sangat merekomendasikan.",4,Positif
REV4747,"banyak yang bonyok, benar-benar ukuran kecil. Tidak akan beli lagi.",1,Negatif
REV4748,"murah dan bagus, segar sekali. Sangat merekomendasikan.",5,Positif
REV4749,"murah dan bagus, not bad. Sangat merekomendasikan.",5,Positif
REV4750,"Barang sesuai deskripsi, pengiriman standar.",3,Netral
REV4751,"harga mahal, benar-benar kecewa. Tidak akan beli lagi.",2,Negatif
REV4752,"Barang bisa dimakan, pengiriman standar.",3,Netral
REV4753,"Barang biasa saja, pengiriman standar.",3,Netral
REV4754,"buahnya besar, lumayan. Sangat merekomendasikan.",5,Positif
REV4755,"pengiriman cepat, lumayan. Sangat merekomendasikan.",5,Positif
REV4756,"jelek, benar-benar apel busuk. Tidak akan beli lagi.",2,Negatif
REV4757,"sangat manis, pengiriman cepat. Sangat merekomendasikan.",4,Positif
REV4758,"sangat manis, biasa saja. Sangat merekomendasikan.",5,Positif
REV4759,"kualitas super, sesuai deskripsi. Sangat merekomendasikan.",5,Positif
REV4760,"kualitas super, oke. Sangat merekomendasikan.",4,Positif
REV4761,"renyah, packing aman. Sangat merekomendasikan.",5,Positif
REV4762,"Barang oke, pengiriman standar.",3,Netral
REV4763,"ukuran kecil, benar-benar kecewa. Tidak akan beli lagi.",1,Negatif
REV4764,"sangat manis, sangat manis. Sangat merekomendasikan.",5,Positif
REV4765,"mantap, pengiriman cepat. Sangat merekomendasikan.",5,Positif
REV4766,"apel busuk, benar-benar hancur. Tidak akan beli lagi.",1,Negatif
REV4767,"segar sekali, bisa dimakan. Sangat merekomendasikan.",4,Positif
REV4768,"kualitas super, segar sekali. Sangat merekomendasikan.",5,Positif
REV4769,"kualitas super, bisa dimakan. Sangat merekomendasikan.",5,Positif
REV4770,"pengiriman cepat, standar. Sangat merekomendasikan.",5,Positif
REV4771,"mantap, renyah. Sangat merekomendasikan.",4,Positif
REV4772,"kualitas super, renyah. Sangat merekomendasikan.",4,Positif
REV4773,"murah dan bagus, mantap. Sangat merekomendasikan.",5,Positif
REV4774,"harga mahal, benar-benar rasa hambar. Tidak akan beli lagi.",2,Negatif
REV4775,"harga mahal, benar-benar ukuran kecil. Tidak akan beli lagi.",1,Negatif
REV4776,"seller ramah, lumayan. Sangat merekomendasikan.",5,Positif
REV4777,"Barang oke, pengiriman standar.",3,Netral
REV4778,"pengiriman lambat, benar-benar rasa hambar. Tidak akan beli lagi.",2,Negatif
REV4779,"murah dan bagus, kualitas super. Sangat merekomendasikan.",4,Positif
REV4780,"seller ramah, standar. Sangat merekomendasikan.",5,Positif
REV4781,"renyah, kualitas super. Sangat merekomendasikan.",4,Positif
REV4782,"murah dan bagus, buahnya besar. Sangat merekomendasikan.",5,Positif
REV4783,"pengiriman cepat, oke. Sangat merekomendasikan.",4,Positif
REV4784,"kualitas super, sampai tujuan. Sangat merekomendasikan.",5,Positif
REV4785,"segar sekali, bisa dimakan. Sangat merekomendasikan.",5,Positif
REV4786,"kurang segar, benar-benar pengiriman lambat. Tidak akan beli lagi.",2,Negatif
REV4787,"packing aman, segar sekali. Sangat merekomendasikan.",4,Positif
REV4788,"Barang standar, pengiriman standar.",3,Netral
REV4789,"buahnya besar, biasa saja. Sangat merekomendasikan.",4,Positif
REV4790,"Barang biasa saja, pengiriman standar.",3,Netral
REV4791,"Barang bisa dimakan, pengiriman standar.",3,Netral
REV4792,"kualitas super, oke. Sangat merekomendasikan.",4,Positif
REV4793,"Barang oke, pengiriman standar.",3,Netral
REV4794,"kualitas super, kualitas super. Sangat merekomendasikan.",5,Positif
REV4795,"kualitas super, pengiriman cepat. Sangat merekomendasikan.",5,Positif
REV4796,"mantap, buahnya besar. Sangat merekomendasikan.",4,Positif
REV4797,"Barang cukup, pengiriman standar.",3,Netral
REV4798,"sangat manis, sampai tujuan. Sangat merekomendasikan.",5,Positif
REV4799,"pengiriman cepat, sangat manis. Sangat merekomendasikan.",4,Positif
REV4800,"sangat manis, standar. Sangat merekomendasikan.",5,Positif
REV4801,"ukuran kecil, benar-benar pengiriman lambat. Tidak akan beli lagi.",1,Negatif
REV4802,"renyah, standar. Sangat merekomendasikan.",4,Positif
REV4803,"mantap, sangat manis. Sangat merekomendasikan.",5,Positif
REV4804,"buahnya besar, sampai tujuan. Sangat merekomendasikan.",4,Positif
REV4805,"packing aman, biasa saja. Sangat merekomendasikan.",4,Positif
REV4806,"seller ramah, pengiriman cepat. Sangat merekomendasikan.",5,Positif
REV4807,"buahnya besar, packing aman. Sangat merekomendasikan.",5,Positif
REV4808,"sangat manis, standar. Sangat merekomendasikan.",4,Positif
REV4809,"harga mahal, benar-benar rasa hambar. Tidak akan beli lagi.",2,Negatif
REV4810,"mantap, cukup. Sangat merekomendasikan.",4,Positif
REV4811,"renyah, lumayan. Sangat merekomendasikan.",4,Positif
REV4812,"murah dan bagus, standar. Sangat merekomendasikan.",5,Positif
REV4813,"Barang lumayan, pengiriman standar.",3,Netral
REV4814,"rasa hambar, benar-benar banyak yang bonyok. Tidak akan beli lagi.",2,Negatif
REV4815,"buahnya besar, lumayan. Sangat merekomendasikan.",5,Positif
REV4816,"Barang sesuai harga, pengiriman standar.",3,Netral
REV4817,"harga mahal, benar-benar ukuran kecil. Tidak akan beli lagi.",1,Negatif
REV4818,"segar sekali, renyah. Sangat merekomendasikan.",4,Positif
REV4819,"jelek, benar-benar apel busuk. Tidak akan beli lagi.",1,Negatif
REV4820,"kurang segar, benar-benar kecewa. Tidak akan beli lagi.",1,Negatif
REV4821,"Barang oke, pengiriman standar.",3,Netral
REV4822,"Barang sesuai deskripsi, pengiriman standar.",3,Netral
REV4823,"kualitas super, sesuai harga. Sangat merekomendasikan.",4,Positif
REV4824,"packing aman, pengiriman cepat. Sangat merekomendasikan.",4,Positif
REV4825,"packing aman, seller ramah. Sangat merekomendasikan.",4,Positif
REV4826,"Barang standar, pengiriman standar.",3,Netral
REV4827,"sangat manis, seller ramah. Sangat merekomendasikan.",5,Positif
REV4828,"sangat manis, not bad. Sangat merekomendasikan.",5,Positif
REV4829,"segar sekali, sampai tujuan. Sangat merekomendasikan.",5,Positif
REV4830,"seller ramah, pengiriman cepat. Sangat merekomendasikan.",5,Positif
REV4831,"Barang not bad, pengiriman standar.",3,Netral
REV4832,"ukuran kecil, benar-benar harga mahal. Tidak akan beli lagi.",1,Negatif
REV4833,"Barang not bad, pengiriman standar.",3,Netral
REV4834,"Barang cukup, pengiriman standar.",3,Netral
REV4835,"sangat manis, kualitas super. Sangat merekomendasikan.",4,Positif
REV4836,"renyah, kualitas super. Sangat merekomendasikan.",5,Positif
REV4837,"renyah, kualitas super. Sangat merekomendasikan.",5,Positif
REV4838,"seller ramah, segar sekali. Sangat merekomendasikan.",4,Positif
REV4839,"segar sekali, sesuai deskripsi. Sangat merekomendasikan.",4,Positif
REV4840,"packing aman, cukup. Sangat merekomendasikan.",5,Positif
REV4841,"pengiriman lambat, benar-benar hancur. Tidak akan beli lagi.",1,Negatif
REV4842,"segar sekali, pengiriman cepat. Sangat merekomendasikan.",4,Positif
REV4843,"sangat manis, murah dan bagus. Sangat merekomendasikan.",4,Positif
REV4844,"packing aman, sangat manis. Sangat merekomendasikan.",5,Positif
REV4845,"packing aman, bisa dimakan. Sangat merekomendasikan.",5,Positif
REV4846,"sangat manis, packing aman. Sangat merekomendasikan.",5,Positif
REV4847,"pengiriman cepat, sangat manis. Sangat merekomendasikan.",5,Positif
REV4848,"Barang standar, pengiriman standar.",3,Netral
REV4849,"sangat manis, mantap. Sangat merekomendasikan.",4,Positif
REV4850,"kualitas super, oke. Sangat merekomendasikan.",5,Positif
REV4851,"mantap, renyah. Sangat merekomendasikan.",5,Positif
REV4852,"hancur, benar-benar rasa hambar. Tidak akan beli lagi.",2,Negatif
REV4853,"kualitas super, segar sekali. Sangat merekomendasikan.",5,Positif
REV4854,"packing aman, bisa dimakan. Sangat merekomendasikan.",4,Positif
REV4855,"Barang bisa dimakan, pengiriman standar.",3,Netral
REV4856,"segar sekali, pengiriman cepat. Sangat merekomendasikan.",4,Positif
REV4857,"segar sekali, biasa saja. Sangat merekomendasikan.",5,Positif
REV4858,"renyah, standar. Sangat merekomendasikan.",5,Positif
REV4859,"banyak yang bonyok, benar-benar rasa hambar. Tidak akan beli lagi.",1,Negatif
REV4860,"Barang bisa dimakan, pengiriman standar.",3,Netral
REV4861,"buahnya besar, murah dan bagus. Sangat merekomendasikan.",5,Positif
REV4862,"renyah, seller ramah. Sangat merekomendasikan.",5,Positif
REV4863,"apel busuk, benar-benar hancur. Tidak akan beli lagi.",1,Negatif
REV4864,"pengiriman cepat, lumayan. Sangat merekomendasikan.",4,Positif
REV4865,"kualitas super, segar sekali. Sangat merekomendasikan.",5,Positif
REV4866,"Barang oke, pengiriman standar.",3,Netral
REV4867,"pengiriman cepat, biasa saja. Sangat merekomendasikan.",4,Positif
REV4868,"pengiriman cepat, sesuai harga. Sangat merekomendasikan.",5,Positif
REV4869,"Barang not bad, pengiriman standar.",3,Netral
REV4870,"pengiriman lambat, benar-benar harga mahal. Tidak akan beli lagi.",2,Negatif
REV4871,"segar sekali, not bad. Sangat merekomendasikan.",5,Positif
REV4872,"sangat manis, murah dan bagus. Sangat merekomendasikan.",5,Positif
REV4873,"kualitas super, bisa dimakan. Sangat merekomendasikan.",5,Positif
REV4874,"kurang segar, benar-benar pengiriman lambat. Tidak akan beli lagi.",1,Negatif
REV4875,"sangat manis, sampai tujuan. Sangat merekomendasikan.",5,Positif
REV4876,"kualitas super, sangat manis. Sangat merekomendasikan.",4,Positif
REV4877,"apel busuk, benar-benar pengiriman lambat. Tidak akan beli lagi.",1,Negatif
REV4878,"kualitas super, not bad. Sangat merekomendasikan.",5,Positif
REV4879,"murah dan bagus, biasa saja. Sangat merekomendasikan.",5,Positif
REV4880,"Barang cukup, pengiriman standar.",3,Netral
REV4881,"pengiriman cepat, seller ramah. Sangat merekomendasikan.",5,Positif
REV4882,"Barang standar, pengiriman standar.",3,Netral
REV4883,"murah dan bagus, sesuai deskripsi. Sangat merekomendasikan.",5,Positif
REV4884,"packing aman, biasa saja. Sangat merekomendasikan.",5,Positif
REV4885,"segar sekali, renyah. Sangat merekomendasikan.",5,Positif
REV4886,"hancur, benar-benar apel busuk. Tidak akan beli lagi.",1,Negatif
REV4887,"mantap, renyah. Sangat merekomendasikan.",5,Positif
REV4888,"packing aman, bisa dimakan. Sangat merekomendasikan.",4,Positif
REV4889,"rasa hambar, benar-benar ukuran kecil. Tidak akan beli lagi.",2,Negatif
REV4890,"Barang sampai tujuan, pengiriman standar.",3,Netral
REV4891,"seller ramah, sangat manis. Sangat merekomendasikan.",5,Positif
REV4892,"buahnya besar, packing aman. Sangat merekomendasikan.",5,Positif
REV4893,"kecewa, benar-benar rasa hambar. Tidak akan beli lagi.",2,Negatif
REV4894,"jelek, benar-benar rasa hambar. Tidak akan beli lagi.",1,Negatif
REV4895,"mantap, sesuai harga. Sangat merekomendasikan.",4,Positif
REV4896,"buahnya besar, sesuai deskripsi. Sangat merekomendasikan.",5,Positif
REV4897,"Barang biasa saja, pengiriman standar.",3,Netral
REV4898,"packing aman, seller ramah. Sangat merekomendasikan.",5,Positif
REV4899,"murah dan bagus, kualitas super. Sangat merekomendasikan.",5,Positif
REV4900,"kecewa, benar-benar rasa hambar. Tidak akan beli lagi.",1,Negatif
REV4901,"pengiriman cepat, sampai tujuan. Sangat merekomendasikan.",5,Positif
REV4902,"packing aman, renyah. Sangat merekomendasikan.",4,Positif
REV4903,"Barang standar, pengiriman standar.",3,Netral
REV4904,"Barang lumayan, pengiriman standar.",3,Netral
REV4905,"sangat manis, sesuai harga. Sangat merekomendasikan.",4,Positif
REV4906,"murah dan bagus, seller ramah. Sangat merekomendasikan.",4,Positif
REV4907,"seller ramah, buahnya besar. Sangat merekomendasikan.",4,Positif
REV4908,"Barang sampai tujuan, pengiriman standar.",3,Netral
REV4909,"hancur, benar-benar harga mahal. Tidak akan beli lagi.",2,Negatif
REV4910,"sangat manis, segar sekali. Sangat merekomendasikan.",4,Positif
REV4911,"Barang lumayan, pengiriman standar.",3,Netral
REV4912,"buahnya besar, renyah. Sangat merekomendasikan.",4,Positif
REV4913,"Barang standar, pengiriman standar.",3,Netral
REV4914,"sangat manis, sampai tujuan. Sangat merekomendasikan.",5,Positif
REV4915,"Barang not bad, pengiriman standar.",3,Netral
REV4916,"Barang sesuai harga, pengiriman standar.",3,Netral
REV4917,"Barang sesuai harga, pengiriman standar.",3,Netral
REV4918,"segar sekali, oke. Sangat merekomendasikan.",4,Positif
REV4919,"hancur, benar-benar hancur. Tidak akan beli lagi.",2,Negatif
REV4920,"renyah, biasa saja. Sangat merekomendasikan.",5,Positif
REV4921,"segar sekali, lumayan. Sangat merekomendasikan.",5,Positif
REV4922,"segar sekali, segar sekali. Sangat merekomendasikan.",5,Positif
REV4923,"renyah, packing aman. Sangat merekomendasikan.",4,Positif
REV4924,"kualitas super, packing aman. Sangat merekomendasikan.",5,Positif
REV4925,"seller ramah, seller ramah. Sangat merekomendasikan.",4,Positif
REV4926,"seller ramah, packing aman. Sangat merekomendasikan.",5,Positif
REV4927,"rasa hambar, benar-benar harga mahal. Tidak akan beli lagi.",2,Negatif
REV4928,"mantap, sampai tujuan. Sangat merekomendasikan.",4,Positif
REV4929,"sangat manis, biasa saja. Sangat merekomendasikan.",4,Positif
REV4930,"pengiriman cepat, seller ramah. Sangat merekomendasikan.",5,Positif
REV4931,"mantap, oke. Sangat merekomendasikan.",5,Positif
REV4932,"pengiriman lambat, benar-benar kurang segar. Tidak akan beli lagi.",2,Negatif
REV4933,"renyah, murah dan bagus. Sangat merekomendasikan.",4,Positif
REV4934,"packing aman, seller ramah. Sangat merekomendasikan.",4,Positif
REV4935,"Barang sampai tujuan, pengiriman standar.",3,Netral
REV4936,"Barang oke, pengiriman standar.",3,Netral
REV4937,"kecewa, benar-benar banyak yang bonyok. Tidak akan beli lagi.",1,Negatif
REV4938,"pengiriman lambat, benar-benar apel busuk. Tidak akan beli lagi.",2,Negatif
REV4939,"Barang bisa dimakan, pengiriman standar.",3,Netral
REV4940,"apel busuk, benar-benar ukuran kecil. Tidak akan beli lagi.",1,Negatif
REV4941,"pengiriman cepat, segar sekali. Sangat merekomendasikan.",4,Positif
REV4942,"Barang cukup, pengiriman standar.",3,Netral
REV4943,"packing aman, biasa saja. Sangat merekomendasikan.",5,Positif
REV4944,"pengiriman cepat, lumayan. Sangat merekomendasikan.",5,Positif
REV4945,"segar sekali, mantap. Sangat merekomendasikan.",4,Positif
REV4946,"Barang bisa dimakan, pengiriman standar.",3,Netral
REV4947,"pengiriman cepat, bisa dimakan. Sangat merekomendasikan.",4,Positif
REV4948,"pengiriman cepat, not bad. Sangat merekomendasikan.",4,Positif
REV4949,"buahnya besar, packing aman. Sangat merekomendasikan.",4,Positif
REV4950,"kualitas super, biasa saja. Sangat merekomendasikan.",5,Positif
REV4951,"Barang not bad, pengiriman standar.",3,Netral
REV4952,"packing aman, seller ramah. Sangat merekomendasikan.",5,Positif
REV4953,"mantap, sampai tujuan. Sangat merekomendasikan.",4,Positif
REV4954,"packing aman, buahnya besar. Sangat merekomendasikan.",5,Positif
REV4955,"sangat manis, biasa saja. Sangat merekomendasikan.",4,Positif
REV4956,"segar sekali, packing aman. Sangat merekomendasikan.",4,Positif
REV4957,"banyak yang bonyok, benar-benar kurang segar. Tidak akan beli lagi.",1,Negatif
REV4958,"mantap, packing aman. Sangat merekomendasikan.",5,Positif
REV4959,"hancur, benar-benar pengiriman lambat. Tidak akan beli lagi.",1,Negatif
REV4960,"mantap, sangat manis. Sangat merekomendasikan.",4,Positif
REV4961,"seller ramah, kualitas super. Sangat merekomendasikan.",5,Positif
REV4962,"sangat manis, sampai tujuan. Sangat merekomendasikan.",4,Positif
REV4963,"buahnya besar, kualitas super. Sangat merekomendasikan.",5,Positif
REV4964,"seller ramah, sesuai deskripsi. Sangat merekomendasikan.",5,Positif
REV4965,"kurang segar, benar-benar harga mahal. Tidak akan beli lagi.",1,Negatif
REV4966,"kualitas super, oke. Sangat merekomendasikan.",5,Positif
REV4967,"packing aman, packing aman. Sangat merekomendasikan.",4,Positif
REV4968,"Barang sesuai harga, pengiriman standar.",3,Netral
REV4969,"Barang not bad, pengiriman standar.",3,Netral
REV4970,"sangat manis, biasa saja. Sangat merekomendasikan.",4,Positif
REV4971,"Barang biasa saja, pengiriman standar.",3,Netral
REV4972,"pengiriman cepat, sesuai harga. Sangat merekomendasikan.",5,Positif
REV4973,"ukuran kecil, benar-benar kecewa. Tidak akan beli lagi.",1,Negatif
REV4974,"kualitas super, sangat manis. Sangat merekomendasikan.",5,Positif
REV4975,"packing aman, mantap. Sangat merekomendasikan.",4,Positif
REV4976,"Barang standar, pengiriman standar.",3,Netral
REV4977,"Barang cukup, pengiriman standar.",3,Netral
REV4978,"Barang bisa dimakan, pengiriman standar.",3,Netral
REV4979,"mantap, sangat manis. Sangat merekomendasikan.",4,Positif
REV4980,"harga mahal, benar-benar harga mahal. Tidak akan beli lagi.",1,Negatif
REV4981,"pengiriman lambat, benar-benar kurang segar. Tidak akan beli lagi.",1,Negatif
REV4982,"pengiriman cepat, sesuai harga. Sangat merekomendasikan.",5,Positif
REV4983,"Barang cukup, pengiriman standar.",3,Netral
REV4984,"Barang lumayan, pengiriman standar.",3,Netral
REV4985,"kualitas super, standar. Sangat merekomendasikan.",4,Positif
REV4986,"renyah, sesuai deskripsi. Sangat merekomendasikan.",5,Positif
REV4987,"Barang lumayan, pengiriman standar.",3,Netral
REV4988,"ukuran kecil, benar-benar kurang segar. Tidak akan beli lagi.",2,Negatif
REV4989,"Barang oke, pengiriman standar.",3,Netral
REV4990,"Barang bisa dimakan, pengiriman standar.",3,Netral
REV4991,"buahnya besar, not bad. Sangat merekomendasikan.",5,Positif
REV4992,"Barang biasa saja, pengiriman standar.",3,Netral
REV4993,"rasa hambar, benar-benar hancur. Tidak akan beli lagi.",2,Negatif
REV4994,"renyah, kualitas super. Sangat merekomendasikan.",4,Positif
REV4995,"buahnya besar, sesuai harga. Sangat merekomendasikan.",5,Positif
REV4996,"Barang lumayan, pengiriman standar.",3,Netral
REV4997,"Barang sesuai harga, pengiriman standar.",3,Netral
REV4998,"kurang segar, benar-benar banyak yang bonyok. Tidak akan beli lagi.",2,Negatif
REV4999,"harga mahal, benar-benar hancur. Tidak akan beli lagi.",1,Negatif
REV5000,"apel busuk, benar-benar banyak yang bonyok. Tidak akan beli lagi.",1,Negatif
REV5001,"renyah, renyah. Sangat merekomendasikan.",5,Positif
REV5002,"buahnya besar, pengiriman cepat. Sangat merekomendasikan.",4,Positif
REV5003,"jelek, benar-benar kecewa. Tidak akan beli lagi.",1,Negatif
REV5004,"pengiriman cepat, lumayan. Sangat merekomendasikan.",4,Positif
REV5005,"Barang biasa saja, pengiriman standar.",3,Netral
REV5006,"Barang not bad, pengiriman standar.",3,Netral
REV5007,"kualitas super, sampai tujuan. Sangat merekomendasikan.",4,Positif
REV5008,"mantap, seller ramah. Sangat merekomendasikan.",5,Positif
REV5009,"kecewa, benar-benar banyak yang bonyok. Tidak akan beli lagi.",2,Negatif
REV5010,"renyah, buahnya besar. Sangat merekomendasikan.",5,Positif
REV5011,"buahnya besar, biasa saja. Sangat merekomendasikan.",5,Positif
REV5012,"Barang oke, pengiriman standar.",3,Netral
REV5013,"sangat manis, pengiriman cepat. Sangat merekomendasikan.",4,Positif
REV5014,"renyah, sesuai harga. Sangat merekomendasikan.",5,Positif
REV5015,"packing aman, sampai tujuan. Sangat merekomendasikan.",5,Positif
REV5016,"Barang not bad, pengiriman standar.",3,Netral
REV5017,"Barang not bad, pengiriman standar.",3,Netral
REV5018,"rasa hambar, benar-benar harga mahal. Tidak akan beli lagi.",2,Negatif
REV5019,"buahnya besar, cukup. Sangat merekomendasikan.",5,Positif
REV5020,"murah dan bagus, oke. Sangat merekomendasikan.",4,Positif
REV5021,"mantap, sesuai harga. Sangat merekomendasikan.",4,Positif
REV5022,"kualitas super, seller ramah. Sangat merekomendasikan.",5,Positif
REV5023,"harga mahal, benar-benar rasa hambar. Tidak akan beli lagi.",2,Negatif
REV5024,"kualitas super, standar. Sangat merekomendasikan.",5,Positif
REV5025,"pengiriman cepat, mantap. Sangat merekomendasikan.",4,Positif
REV5026,"kualitas super, segar sekali. Sangat merekomendasikan.",4,Positif
REV5027,"pengiriman cepat, buahnya besar. Sangat merekomendasikan.",4,Positif
REV5028,"kualitas super, murah dan bagus. Sangat merekomendasikan.",5,Positif
REV5029,"packing aman, murah dan bagus. Sangat merekomendasikan.",4,Positif
REV5030,"Barang biasa saja, pengiriman standar.",3,Netral
REV5031,"buahnya besar, sangat manis. Sangat merekomendasikan.",4,Positif
REV5032,"murah dan bagus, biasa saja. Sangat merekomendasikan.",4,Positif
REV5033,"buahnya besar, murah dan bagus. Sangat merekomendasikan.",5,Positif
REV5034,"packing aman, sesuai harga. Sangat merekomendasikan.",4,Positif
REV5035,"kurang segar, benar-benar harga mahal. Tidak akan beli lagi.",2,Negatif
REV5036,"apel busuk, benar-benar ukuran kecil. Tidak akan beli lagi.",1,Negatif
REV5037,"kecewa, benar-benar rasa hambar. Tidak akan beli lagi.",1,Negatif
REV5038,"apel busuk, benar-benar kecewa. Tidak akan beli lagi.",1,Negatif
REV5039,"buahnya besar, lumayan. Sangat merekomendasikan.",5,Positif
REV5040,"seller ramah, not bad. Sangat merekomendasikan.",4,Positif
REV5041,"Barang sampai tujuan, pengiriman standar.",3,Netral
REV5042,"Barang sampai tujuan, pengiriman standar.",3,Netral
REV5043,"harga mahal, benar-benar hancur. Tidak akan beli lagi.",2,Negatif
REV5044,"buahnya besar, cukup. Sangat merekomendasikan.",4,Positif
REV5045,"Barang cukup, pengiriman standar.",3,Netral
REV5046,"packing aman, mantap. Sangat merekomendasikan.",5,Positif
REV5047,"hancur, benar-benar pengiriman lambat. Tidak akan beli lagi.",2,Negatif
REV5048,"ukuran kecil, benar-benar pengiriman lambat. Tidak akan beli lagi.",1,Negatif
REV5049,"Barang oke, pengiriman standar.",3,Netral
REV5050,"kecewa, benar-benar harga mahal. Tidak akan beli lagi.",2,Negatif
REV5051,"Barang sampai tujuan, pengiriman standar.",3,Netral
REV5052,"murah dan bagus, kualitas super. Sangat merekomendasikan.",4,Positif
REV5053,"pengiriman cepat, sesuai harga. Sangat merekomendasikan.",4,Positif
REV5054,"Barang oke, pengiriman standar.",3,Netral
REV5055,"packing aman, renyah. Sangat merekomendasikan.",5,Positif
REV5056,"mantap, renyah. Sangat merekomendasikan.",4,Positif
REV5057,"jelek, benar-benar ukuran kecil. Tidak akan beli lagi.",1,Negatif
REV5058,"pengiriman cepat, renyah. Sangat merekomendasikan.",5,Positif
REV5059,"pengiriman cepat, renyah. Sangat merekomendasikan.",5,Positif
REV5060,"segar sekali, segar sekali. Sangat merekomendasikan.",5,Positif
REV5061,"sangat manis, lumayan. Sangat merekomendasikan.",4,Positif
REV5062,"Barang bisa dimakan, pengiriman standar.",3,Netral
REV5063,"pengiriman cepat, oke. Sangat merekomendasikan.",5,Positif
REV5064,"murah dan bagus, sesuai harga. Sangat merekomendasikan.",4,Positif
REV5065,"pengiriman cepat, seller ramah. Sangat merekomendasikan.",4,Positif
REV5066,"buahnya besar, kualitas super. Sangat merekomendasikan.",4,Positif
REV5067,"renyah, sesuai harga. Sangat merekomendasikan.",4,Positif
REV5068,"pengiriman lambat, benar-benar banyak yang bonyok. Tidak akan beli lagi.",1,Negatif
REV5069,"Barang cukup, pengiriman standar.",3,Netral
REV5070,"Barang not bad, pengiriman standar.",3,Netral
REV5071,"pengiriman cepat, cukup. Sangat merekomendasikan.",4,Positif
REV5072,"murah dan bagus, segar sekali. Sangat merekomendasikan.",4,Positif
REV5073,"Barang lumayan, pengiriman standar.",3,Netral
REV5074,"seller ramah, sampai tujuan. Sangat merekomendasikan.",4,Positif
REV5075,"pengiriman cepat, oke. Sangat merekomendasikan.",4,Positif
REV5076,"renyah, murah dan bagus. Sangat merekomendasikan.",4,Positif
REV5077,"Barang lumayan, pengiriman standar.",3,Netral
REV5078,"buahnya besar, sesuai deskripsi. Sangat merekomendasikan.",4,Positif
REV5079,"renyah, mantap. Sangat merekomendasikan.",4,Positif
REV5080,"packing aman, mantap. Sangat merekomendasikan.",5,Positif
REV5081,"mantap, murah dan bagus. Sangat merekomendasikan.",4,Positif
REV5082,"Barang bisa dimakan, pengiriman standar.",3,Netral
REV5083,"harga mahal, benar-benar banyak yang bonyok. Tidak akan beli lagi.",1,Negatif
REV5084,"kualitas super, sampai tujuan. Sangat merekomendasikan.",4,Positif
REV5085,"sangat manis, murah dan bagus. Sangat merekomendasikan.",5,Positif
REV5086,"buahnya besar, segar sekali. Sangat merekomendasikan.",4,Positif
REV5087,"murah dan bagus, sangat manis. Sangat merekomendasikan.",5,Positif
REV5088,"seller ramah, bisa dimakan. Sangat merekomendasikan.",4,Positif
REV5089,"segar sekali, oke. Sangat merekomendasikan.",5,Positif
REV5090,"renyah, pengiriman cepat. Sangat merekomendasikan.",4,Positif
REV5091,"renyah, kualitas super. Sangat merekomendasikan.",4,Positif
REV5092,"mantap, seller ramah. Sangat merekomendasikan.",5,Positif
REV5093,"Barang bisa dimakan, pengiriman standar.",3,Netral
REV5094,"Barang not bad, pengiriman standar.",3,Netral
REV5095,"segar sekali, buahnya besar. Sangat merekomendasikan.",4,Positif
REV5096,"segar sekali, sangat manis. Sangat merekomendasikan.",5,Positif
REV5097,"rasa hambar, benar-benar jelek. Tidak akan beli lagi.",2,Negatif
REV5098,"packing aman, pengiriman cepat. Sangat merekomendasikan.",4,Positif
REV5099,"buahnya besar, standar. Sangat merekomendasikan.",5,Positif
REV5100,"segar sekali, sampai tujuan. Sangat merekomendasikan.",4,Positif
REV5101,"Barang sampai tujuan, pengiriman standar.",3,Netral
REV5102,"mantap, bisa dimakan. Sangat merekomendasikan.",4,Positif
REV5103,"buahnya besar, kualitas super. Sangat merekomendasikan.",4,Positif
REV5104,"renyah, standar. Sangat merekomendasikan.",5,Positif
REV5105,"pengiriman cepat, biasa saja. Sangat merekomendasikan.",5,Positif
REV5106,"Barang sampai tujuan, pengiriman standar.",3,Netral
REV5107,"Barang sesuai deskripsi, pengiriman standar.",3,Netral
REV5108,"banyak yang bonyok, benar-benar apel busuk. Tidak akan beli lagi.",1,Negatif
REV5109,"Barang oke, pengiriman standar.",3,Netral
REV5110,"renyah, sesuai harga. Sangat merekomendasikan.",4,Positif
REV5111,"ukuran kecil, benar-benar harga mahal. Tidak akan beli lagi.",1,Negatif
REV5112,"Barang not bad, pengiriman standar.",3,Netral
REV5113,"kualitas super, seller ramah. Sangat merekomendasikan.",4,Positif
REV5114,"packing aman, biasa saja. Sangat merekomendasikan.",4,Positif
REV5115,"packing aman, mantap. Sangat merekomendasikan.",4,Positif
REV5116,"pengiriman lambat, benar-benar kurang segar. Tidak akan beli lagi.",2,Negatif
REV5117,"seller ramah, murah dan bagus. Sangat merekomendasikan.",4,Positif
REV5118,"mantap, bisa dimakan. Sangat merekomendasikan.",4,Positif
REV5119,"kualitas super, murah dan bagus. Sangat merekomendasikan.",4,Positif
REV5120,"segar sekali, mantap. Sangat merekomendasikan.",5,Positif
REV5121,"Barang cukup, pengiriman standar.",3,Netral
REV5122,"buahnya besar, lumayan. Sangat merekomendasikan.",4,Positif
REV5123,"rasa hambar, benar-benar hancur. Tidak akan beli lagi.",2,Negatif
REV5124,"seller ramah, pengiriman cepat. Sangat merekomendasikan.",5,Positif
REV5125,"apel busuk, benar-benar kurang segar. Tidak akan beli lagi.",1,Negatif
REV5126,"ukuran kecil, benar-benar kurang segar. Tidak akan beli lagi.",2,Negatif
REV5127,"pengiriman lambat, benar-benar jelek. Tidak akan beli lagi.",1,Negatif
REV5128,"packing aman, not bad. Sangat merekomendasikan.",4,Positif
REV5129,"pengiriman cepat, seller ramah. Sangat merekomendasikan.",5,Positif
REV5130,"Barang standar, pengiriman standar.",3,Netral
REV5131,"Barang sesuai deskripsi, pengiriman standar.",3,Netral
REV5132,"murah dan bagus, cukup. Sangat merekomendasikan.",5,Positif
REV5133,"packing aman, kualitas super. Sangat merekomendasikan.",5,Positif
REV5134,"Barang oke, pengiriman standar.",3,Netral
REV5135,"mantap, mantap. Sangat merekomendasikan.",5,Positif
REV5136,"Barang cukup, pengiriman standar.",3,Netral
REV5137,"buahnya besar, oke. Sangat merekomendasikan.",5,Positif
REV5138,"segar sekali, sangat manis. Sangat merekomendasikan.",4,Positif
REV5139,"Barang lumayan, pengiriman standar.",3,Netral
REV5140,"Barang standar, pengiriman standar.",3,Netral
REV5141,"murah dan bagus, mantap. Sangat merekomendasikan.",5,Positif
REV5142,"harga mahal, benar-benar rasa hambar. Tidak akan beli lagi.",1,Negatif
REV5143,"Barang oke, pengiriman standar.",3,Netral
REV5144,"Barang sesuai deskripsi, pengiriman standar.",3,Netral
REV5145,"pengiriman cepat, sampai tujuan. Sangat merekomendasikan.",5,Positif
REV5146,"segar sekali, sangat manis. Sangat merekomendasikan.",5,Positif
REV5147,"kualitas super, buahnya besar. Sangat merekomendasikan.",4,Positif
REV5148,"packing aman, pengiriman cepat. Sangat merekomendasikan.",4,Positif
REV5149,"mantap, sesuai harga. Sangat merekomendasikan.",5,Positif
REV5150,"mantap, sampai tujuan. Sangat merekomendasikan.",4,Positif
REV5151,"hancur, benar-benar kurang segar. Tidak akan beli lagi.",1,Negatif
REV5152,"ukuran kecil, benar-benar harga mahal. Tidak akan beli lagi.",1,Negatif
REV5153,"Barang sesuai harga, pengiriman standar.",3,Netral
REV5154,"Barang sampai tujuan, pengiriman standar.",3,Netral
REV5155,"buahnya besar, not bad. Sangat merekomendasikan.",4,Positif
REV5156,"sangat manis, buahnya besar. Sangat merekomendasikan.",5,Positif
REV5157,"pengiriman cepat, not bad. Sangat merekomendasikan.",5,Positif
REV5158,"apel busuk, benar-benar pengiriman lambat. Tidak akan beli lagi.",2,Negatif
REV5159,"renyah, oke. Sangat merekomendasikan.",5,Positif
REV5160,"pengiriman cepat, sesuai harga. Sangat merekomendasikan.",5,Positif
REV5161,"pengiriman lambat, benar-benar apel busuk. Tidak akan beli lagi.",2,Negatif
REV5162,"Barang oke, pengiriman standar.",3,Netral
REV5163,"renyah, biasa saja. Sangat merekomendasikan.",5,Positif
REV5164,"banyak yang bonyok, benar-benar apel busuk. Tidak akan beli lagi.",1,Negatif
REV5165,"murah dan bagus, mantap. Sangat merekomendasikan.",5,Positif
REV5166,"buahnya besar, pengiriman cepat. Sangat merekomendasikan.",4,Positif
REV5167,"buahnya besar, seller ramah. Sangat merekomendasikan.",4,Positif
REV5168,"Barang standar, pengiriman standar.",3,Netral
REV5169,"kualitas super, bisa dimakan. Sangat merekomendasikan.",4,Positif
REV5170,"pengiriman cepat, cukup. Sangat merekomendasikan.",4,Positif
REV5171,"Barang sampai tujuan, pengiriman standar.",3,Netral
REV5172,"renyah, mantap. Sangat merekomendasikan.",5,Positif
REV5173,"murah dan bagus, sesuai harga. Sangat merekomendasikan.",5,Positif
REV5174,"kualitas super, cukup. Sangat merekomendasikan.",4,Positif
REV5175,"hancur, benar-benar banyak yang bonyok. Tidak akan beli lagi.",2,Negatif
REV5176,"pengiriman cepat, sangat manis. Sangat merekomendasikan.",5,Positif
REV5177,"pengiriman cepat, sesuai deskripsi. Sangat merekomendasikan.",5,Positif
REV5178,"murah dan bagus, sesuai harga. Sangat merekomendasikan.",4,Positif
REV5179,"packing aman, biasa saja. Sangat merekomendasikan.",5,Positif
REV5180,"renyah, renyah. Sangat merekomendasikan.",4,Positif
REV5181,"Barang sesuai harga, pengiriman standar.",3,Netral
REV5182,"segar sekali, murah dan bagus. Sangat merekomendasikan.",5,Positif
REV5183,"Barang not bad, pengiriman standar.",3,Netral
REV5184,"segar sekali, seller ramah. Sangat merekomendasikan.",4,Positif
REV5185,"buahnya besar, bisa dimakan. Sangat merekomendasikan.",4,Positif
REV5186,"buahnya besar, cukup. Sangat merekomendasikan.",5,Positif
REV5187,"jelek, benar-benar rasa hambar. Tidak akan beli lagi.",1,Negatif
REV5188,"seller ramah, oke. Sangat merekomendasikan.",5,Positif
REV5189,"kualitas super, segar sekali. Sangat merekomendasikan.",4,Positif
REV5190,"pengiriman cepat, sangat manis. Sangat merekomendasikan.",4,Positif
REV5191,"packing aman, sesuai harga. Sangat merekomendasikan.",4,Positif
REV5192,"ukuran kecil, benar-benar banyak yang bonyok. Tidak akan beli lagi.",1,Negatif
REV5193,"Barang standar, pengiriman standar.",3,Netral
REV5194,"packing aman, bisa dimakan. Sangat merekomendasikan.",5,Positif
REV5195,"buahnya besar, lumayan. Sangat merekomendasikan.",4,Positif
REV5196,"pengiriman cepat, mantap. Sangat merekomendasikan.",4,Positif
REV5197,"Barang lumayan, pengiriman standar.",3,Netral
REV5198,"kualitas super, packing aman. Sangat merekomendasikan.",5,Positif
REV5199,"pengiriman lambat, benar-benar pengiriman lambat. Tidak akan beli lagi.",2,Negatif
REV5200,"kecewa, benar-benar ukuran kecil. Tidak akan beli lagi.",1,Negatif
REV5201,"pengiriman cepat, seller ramah. Sangat merekomendasikan.",5,Positif
REV5202,"pengiriman cepat, pengiriman cepat. Sangat merekomendasikan.",5,Positif
REV5203,"Barang sesuai deskripsi, pengiriman standar.",3,Netral
REV5204,"rasa hambar, benar-benar rasa hambar. Tidak akan beli lagi.",1,Negatif
REV5205,"sangat manis, sampai tujuan. Sangat merekomendasikan.",4,Positif
REV5206,"seller ramah, kualitas super. Sangat merekomendasikan.",5,Positif
REV5207,"Barang biasa saja, pengiriman standar.",3,Netral
REV5208,"Barang sesuai harga, pengiriman standar.",3,Netral
REV5209,"sangat manis, sesuai deskripsi. Sangat merekomendasikan.",5,Positif
REV5210,"mantap, kualitas super. Sangat merekomendasikan.",4,Positif
REV5211,"packing aman, segar sekali. Sangat merekomendasikan.",5,Positif
REV5212,"murah dan bagus, kualitas super. Sangat merekomendasikan.",5,Positif
REV5213,"kualitas super, mantap. Sangat merekomendasikan.",5,Positif
REV5214,"Barang lumayan, pengiriman standar.",3,Netral
REV5215,"kualitas super, segar sekali. Sangat merekomendasikan.",5,Positif
REV5216,"mantap, seller ramah. Sangat merekomendasikan.",4,Positif
REV5217,"hancur, benar-benar kecewa. Tidak akan beli lagi.",1,Negatif
REV5218,"pengiriman cepat, sesuai harga. Sangat merekomendasikan.",4,Positif
REV5219,"sangat manis, pengiriman cepat. Sangat merekomendasikan.",4,Positif
REV5220,"pengiriman lambat, benar-benar ukuran kecil. Tidak akan beli lagi.",1,Negatif
REV5221,"mantap, sesuai harga. Sangat merekomendasikan.",4,Positif
REV5222,"renyah, renyah. Sangat merekomendasikan.",4,Positif
REV5223,"buahnya besar, bisa dimakan. Sangat merekomendasikan.",4,Positif
REV5224,"Barang biasa saja, pengiriman standar.",3,Netral
REV5225,"jelek, benar-benar hancur. Tidak akan beli lagi.",2,Negatif
REV5226,"kualitas super, segar sekali. Sangat merekomendasikan.",4,Positif
REV5227,"mantap, sangat manis. Sangat merekomendasikan.",5,Positif
REV5228,"Barang not bad, pengiriman standar.",3,Netral
REV5229,"segar sekali, seller ramah. Sangat merekomendasikan.",5,Positif
REV5230,"murah dan bagus, renyah. Sangat merekomendasikan.",4,Positif
REV5231,"buahnya besar, sangat manis. Sangat merekomendasikan.",4,Positif
REV5232,"kualitas super, seller ramah. Sangat merekomendasikan.",4,Positif
REV5233,"Barang not bad, pengiriman standar.",3,Netral
REV5234,"packing aman, sesuai harga. Sangat merekomendasikan.",5,Positif
REV5235,"hancur, benar-benar pengiriman lambat. Tidak akan beli lagi.",1,Negatif
REV5236,"packing aman, segar sekali. Sangat merekomendasikan.",4,Positif
REV5237,"Barang standar, pengiriman standar.",3,Netral
REV5238,"renyah, standar. Sangat merekomendasikan.",5,Positif
REV5239,"seller ramah, seller ramah. Sangat merekomendasikan.",5,Positif
REV5240,"Barang not bad, pengiriman standar.",3,Netral
REV5241,"segar sekali, biasa saja. Sangat merekomendasikan.",5,Positif
REV5242,"Barang sesuai harga, pengiriman standar.",3,Netral
REV5243,"Barang sampai tujuan, pengiriman standar.",3,Netral
REV5244,"Barang sesuai harga, pengiriman standar.",3,Netral
REV5245,"harga mahal, benar-benar rasa hambar. Tidak akan beli lagi.",1,Negatif
REV5246,"buahnya besar, murah dan bagus. Sangat merekomendasikan.",5,Positif
REV5247,"Barang cukup, pengiriman standar.",3,Netral
REV5248,"renyah, mantap. Sangat merekomendasikan.",4,Positif
REV5249,"Barang not bad, pengiriman standar.",3,Netral
REV5250,"sangat manis, pengiriman cepat. Sangat merekomendasikan.",5,Positif
REV5251,"renyah, sampai tujuan. Sangat merekomendasikan.",5,Positif
REV5252,"rasa hambar, benar-benar kurang segar. Tidak akan beli lagi.",1,Negatif
REV5253,"murah dan bagus, oke. Sangat merekomendasikan.",4,Positif
REV5254,"mantap, mantap. Sangat merekomendasikan.",5,Positif
REV5255,"harga mahal, benar-benar kecewa. Tidak akan beli lagi.",2,Negatif
REV5256,"buahnya besar, biasa saja. Sangat merekomendasikan.",4,Positif
REV5257,"ukuran kecil, benar-benar kurang segar. Tidak akan beli lagi.",2,Negatif
REV5258,"segar sekali, pengiriman cepat. Sangat merekomendasikan.",4,Positif
REV5259,"packing aman, sesuai harga. Sangat merekomendasikan.",4,Positif
REV5260,"pengiriman cepat, sangat manis. Sangat merekomendasikan.",5,Positif
REV5261,"packing aman, segar sekali. Sangat merekomendasikan.",4,Positif
REV5262,"kurang segar, benar-benar harga mahal. Tidak akan beli lagi.",2,Negatif
REV5263,"buahnya besar, pengiriman cepat. Sangat merekomendasikan.",4,Positif
REV5264,"Barang sesuai harga, pengiriman standar.",3,Netral
REV5265,"pengiriman cepat, standar. Sangat merekomendasikan.",5,Positif
REV5266,"seller ramah, not bad. Sangat merekomendasikan.",4,Positif
REV5267,"rasa hambar, benar-benar pengiriman lambat. Tidak akan beli lagi.",2,Negatif
REV5268,"kualitas super, sesuai harga. Sangat merekomendasikan.",4,Positif
REV5269,"Barang biasa saja, pengiriman standar.",3,Netral
REV5270,"renyah, seller ramah. Sangat merekomendasikan.",4,Positif
REV5271,"mantap, standar. Sangat merekomendasikan.",4,Positif
REV5272,"kualitas super, packing aman. Sangat merekomendasikan.",5,Positif
REV5273,"Barang sesuai deskripsi, pengiriman standar.",3,Netral
REV5274,"packing aman, buahnya besar. Sangat merekomendasikan.",5,Positif
REV5275,"mantap, not bad. Sangat merekomendasikan.",5,Positif
REV5276,"murah dan bagus, standar. Sangat merekomendasikan.",4,Positif
REV5277,"renyah, sampai tujuan. Sangat merekomendasikan.",5,Positif
REV5278,"hancur, benar-benar kurang segar. Tidak akan beli lagi.",1,Negatif
REV5279,"Barang cukup, pengiriman standar.",3,Netral
REV5280,"jelek, benar-benar ukuran kecil. Tidak akan beli lagi.",1,Negatif
REV5281,"pengiriman cepat, oke. Sangat merekomendasikan.",5,Positif
REV5282,"kualitas super, segar sekali. Sangat merekomendasikan.",4,Positif
REV5283,"ukuran kecil, benar-benar harga mahal. Tidak akan beli lagi.",1,Negatif
REV5284,"packing aman, packing aman. Sangat merekomendasikan.",5,Positif
REV5285,"pengiriman cepat, sangat manis. Sangat merekomendasikan.",4,Positif
REV5286,"rasa hambar, benar-benar apel busuk. Tidak akan beli lagi.",2,Negatif
REV5287,"kualitas super, sampai tujuan. Sangat merekomendasikan.",4,Positif
REV5288,"apel busuk, benar-benar pengiriman lambat. Tidak akan beli lagi.",1,Negatif
REV5289,"Barang sesuai deskripsi, pengiriman standar.",3,Netral
REV5290,"mantap, lumayan. Sangat merekomendasikan.",5,Positif
REV5291,"pengiriman cepat, mantap. Sangat merekomendasikan.",4,Positif
REV5292,"hancur, benar-benar hancur. Tidak akan beli lagi.",2,Negatif
REV5293,"kualitas super, pengiriman cepat. Sangat merekomendasikan.",5,Positif
REV5294,"buahnya besar, sampai tujuan. Sangat merekomendasikan.",4,Positif
REV5295,"Barang cukup, pengiriman standar.",3,Netral
REV5296,"Barang biasa saja, pengiriman standar.",3,Netral
REV5297,"Barang oke, pengiriman standar.",3,Netral
REV5298,"packing aman, sampai tujuan. Sangat merekomendasikan.",5,Positif
REV5299,"jelek, benar-benar ukuran kecil. Tidak akan beli lagi.",1,Negatif
REV5300,"buahnya besar, lumayan. Sangat merekomendasikan.",5,Positif
REV5301,"jelek, benar-benar jelek. Tidak akan beli lagi.",2,Negatif
REV5302,"sangat manis, kualitas super. Sangat merekomendasikan.",5,Positif
REV5303,"seller ramah, segar sekali. Sangat merekomendasikan.",5,Positif
REV5304,"Barang sesuai deskripsi, pengiriman standar.",3,Netral
REV5305,"packing aman, lumayan. Sangat merekomendasikan.",5,Positif
REV5306,"kurang segar, benar-benar harga mahal. Tidak akan beli lagi.",2,Negatif
REV5307,"Barang cukup, pengiriman standar.",3,Netral
REV5308,"sangat manis, kualitas super. Sangat merekomendasikan.",5,Positif
REV5309,"pengiriman cepat, cukup. Sangat merekomendasikan.",5,Positif
REV5310,"ukuran kecil, benar-benar pengiriman lambat. Tidak akan beli lagi.",1,Negatif
REV5311,"Barang cukup, pengiriman standar.",3,Netral
REV5312,"kurang segar, benar-benar pengiriman lambat. Tidak akan beli lagi.",1,Negatif
REV5313,"ukuran kecil, benar-benar kurang segar. Tidak akan beli lagi.",2,Negatif
REV5314,"packing aman, segar sekali. Sangat merekomendasikan.",5,Positif
REV5315,"Barang bisa dimakan, pengiriman standar.",3,Netral
REV5316,"packing aman, cukup. Sangat merekomendasikan.",4,Positif
REV5317,"buahnya besar, not bad. Sangat merekomendasikan.",4,Positif
REV5318,"packing aman, sampai tujuan. Sangat merekomendasikan.",5,Positif
REV5319,"buahnya besar, renyah. Sangat merekomendasikan.",5,Positif
REV5320,"jelek, benar-benar apel busuk. Tidak akan beli lagi.",1,Negatif
REV5321,"Barang sesuai deskripsi, pengiriman standar.",3,Netral
REV5322,"murah dan bagus, sampai tujuan. Sangat merekomendasikan.",4,Positif
REV5323,"Barang bisa dimakan, pengiriman standar.",3,Netral
REV5324,"Barang sesuai deskripsi, pengiriman standar.",3,Netral
REV5325,"mantap, sesuai harga. Sangat merekomendasikan.",4,Positif
REV5326,"murah dan bagus, lumayan. Sangat merekomendasikan.",4,Positif
REV5327,"sangat manis, sangat manis. Sangat merekomendasikan.",4,Positif
REV5328,"hancur, benar-benar apel busuk. Tidak akan beli lagi.",2,Negatif
REV5329,"pengiriman cepat, sesuai harga. Sangat merekomendasikan.",4,Positif
REV5330,"renyah, not bad. Sangat merekomendasikan.",4,Positif
REV5331,"Barang lumayan, pengiriman standar.",3,Netral
REV5332,"renyah, standar. Sangat merekomendasikan.",4,Positif
REV5333,"Barang sesuai harga, pengiriman standar.",3,Netral
REV5334,"kurang segar, benar-benar banyak yang bonyok. Tidak akan beli lagi.",1,Negatif
REV5335,"renyah, biasa saja. Sangat merekomendasikan.",4,Positif
REV5336,"banyak yang bonyok, benar-benar apel busuk. Tidak akan beli lagi.",2,Negatif
REV5337,"segar sekali, packing aman. Sangat merekomendasikan.",5,Positif
REV5338,"Barang biasa saja, pengiriman standar.",3,Netral
REV5339,"ukuran kecil, benar-benar hancur. Tidak akan beli lagi.",1,Negatif
REV5340,"kualitas super, pengiriman cepat. Sangat merekomendasikan.",5,Positif
REV5341,"murah dan bagus, segar sekali. Sangat merekomendasikan.",5,Positif
REV5342,"renyah, renyah. Sangat merekomendasikan.",5,Positif
REV5343,"apel busuk, benar-benar jelek. Tidak akan beli lagi.",1,Negatif
REV5344,"renyah, kualitas super. Sangat merekomendasikan.",5,Positif
REV5345,"packing aman, biasa saja. Sangat merekomendasikan.",4,Positif
REV5346,"mantap, sesuai deskripsi. Sangat merekomendasikan.",5,Positif
REV5347,"seller ramah, buahnya besar. Sangat merekomendasikan.",5,Positif
REV5348,"sangat manis, sampai tujuan. Sangat merekomendasikan.",4,Positif
REV5349,"mantap, sangat manis. Sangat merekomendasikan.",4,Positif
REV5350,"banyak yang bonyok, benar-benar kurang segar. Tidak akan beli lagi.",2,Negatif
REV5351,"mantap, standar. Sangat merekomendasikan.",4,Positif
REV5352,"renyah, not bad. Sangat merekomendasikan.",4,Positif
REV5353,"kualitas super, sampai tujuan. Sangat merekomendasikan.",4,Positif
REV5354,"kualitas super, seller ramah. Sangat merekomendasikan.",4,Positif
REV5355,"Barang sampai tujuan, pengiriman standar.",3,Netral
REV5356,"Barang cukup, pengiriman standar.",3,Netral
REV5357,"buahnya besar, lumayan. Sangat merekomendasikan.",4,Positif
REV5358,"Barang standar, pengiriman standar.",3,Netral
REV5359,"mantap, mantap. Sangat merekomendasikan.",5,Positif
REV5360,"renyah, biasa saja. Sangat merekomendasikan.",4,Positif
REV5361,"kecewa, benar-benar harga mahal. Tidak akan beli lagi.",2,Negatif
REV5362,"kualitas super, cukup. Sangat merekomendasikan.",4,Positif
REV5363,"segar sekali, mantap. Sangat merekomendasikan.",4,Positif
REV5364,"murah dan bagus, kualitas super. Sangat merekomendasikan.",5,Positif
REV5365,"murah dan bagus, not bad. Sangat merekomendasikan.",5,Positif
REV5366,"seller ramah, packing aman. Sangat merekomendasikan.",4,Positif
REV5367,"Barang bisa dimakan, pengiriman standar.",3,Netral
REV5368,"kualitas super, not bad. Sangat merekomendasikan.",5,Positif
REV5369,"kualitas super, not bad. Sangat merekomendasikan.",5,Positif
REV5370,"renyah, buahnya besar. Sangat merekomendasikan.",5,Positif
REV5371,"kualitas super, not bad. Sangat merekomendasikan.",4,Positif
REV5372,"Barang not bad, pengiriman standar.",3,Netral
REV5373,"packing aman, biasa saja. Sangat merekomendasikan.",5,Positif
REV5374,"segar sekali, sesuai harga. Sangat merekomendasikan.",5,Positif
REV5375,"kualitas super, mantap. Sangat merekomendasikan.",4,Positif
REV5376,"buahnya besar, mantap. Sangat merekomendasikan.",4,Positif
REV5377,"Barang sesuai deskripsi, pengiriman standar.",3,Netral
REV5378,"jelek, benar-benar banyak yang bonyok. Tidak akan beli lagi.",2,Negatif
REV5379,"kecewa, benar-benar kurang segar. Tidak akan beli lagi.",1,Negatif
REV5380,"seller ramah, buahnya besar. Sangat merekomendasikan.",4,Positif
REV5381,"hancur, benar-benar jelek. Tidak akan beli lagi.",1,Negatif
REV5382,"harga mahal, benar-benar jelek. Tidak akan beli lagi.",2,Negatif
REV5383,"pengiriman cepat, sangat manis. Sangat merekomendasikan.",5,Positif
REV5384,"buahnya besar, renyah. Sangat merekomendasikan.",4,Positif
REV5385,"hancur, benar-benar harga mahal. Tidak akan beli lagi.",2,Negatif
REV5386,"Barang biasa saja, pengiriman standar.",3,Netral
REV5387,"harga mahal, benar-benar ukuran kecil. Tidak akan beli lagi.",2,Negatif
REV5388,"buahnya besar, bisa dimakan. Sangat merekomendasikan.",5,Positif
REV5389,"seller ramah, not bad. Sangat merekomendasikan.",4,Positif
REV5390,"apel busuk, benar-benar jelek. Tidak akan beli lagi.",1,Negatif
REV5391,"kecewa, benar-benar banyak yang bonyok. Tidak akan beli lagi.",1,Negatif
REV5392,"packing aman, murah dan bagus. Sangat merekomendasikan.",5,Positif
REV5393,"segar sekali, murah dan bagus. Sangat merekomendasikan.",4,Positif
REV5394,"Barang oke, pengiriman standar.",3,Netral
REV5395,"seller ramah, biasa saja. Sangat merekomendasikan.",5,Positif
REV5396,"renyah, pengiriman cepat. Sangat merekomendasikan.",4,Positif
REV5397,"kecewa, benar-benar kurang segar. Tidak akan beli lagi.",2,Negatif
REV5398,"murah dan bagus, mantap. Sangat merekomendasikan.",4,Positif
REV5399,"pengiriman cepat, buahnya besar. Sangat merekomendasikan.",5,Positif
REV5400,"hancur, benar-benar kecewa. Tidak akan beli lagi.",1,Negatif
REV5401,"kurang segar, benar-benar kecewa. Tidak akan beli lagi.",1,Negatif
REV5402,"kualitas super, murah dan bagus. Sangat merekomendasikan.",5,Positif
REV5403,"segar sekali, sangat manis. Sangat merekomendasikan.",4,Positif
REV5404,"segar sekali, mantap. Sangat merekomendasikan.",5,Positif
REV5405,"packing aman, sampai tujuan. Sangat merekomendasikan.",5,Positif
REV5406,"buahnya besar, biasa saja. Sangat merekomendasikan.",4,Positif
REV5407,"seller ramah, kualitas super. Sangat merekomendasikan.",4,Positif
REV5408,"segar sekali, renyah. Sangat merekomendasikan.",4,Positif
REV5409,"murah dan bagus, murah dan bagus. Sangat merekomendasikan.",4,Positif
REV5410,"sangat manis, buahnya besar. Sangat merekomendasikan.",4,Positif
REV5411,"murah dan bagus, cukup. Sangat merekomendasikan.",5,Positif
REV5412,"pengiriman cepat, kualitas super. Sangat merekomendasikan.",4,Positif
REV5413,"Barang cukup, pengiriman standar.",3,Netral
REV5414,"sangat manis, kualitas super. Sangat merekomendasikan.",5,Positif
REV5415,"kualitas super, lumayan. Sangat merekomendasikan.",4,Positif
REV5416,"mantap, mantap. Sangat merekomendasikan.",5,Positif
REV5417,"kualitas super, biasa saja. Sangat merekomendasikan.",5,Positif
REV5418,"renyah, pengiriman cepat. Sangat merekomendasikan.",5,Positif
REV5419,"Barang sesuai deskripsi, pengiriman standar.",3,Netral
REV5420,"pengiriman lambat, benar-benar kecewa. Tidak akan beli lagi.",1,Negatif
REV5421,"kualitas super, not bad. Sangat merekomendasikan.",4,Positif
REV5422,"buahnya besar, segar sekali. Sangat merekomendasikan.",4,Positif
REV5423,"buahnya besar, not bad. Sangat merekomendasikan.",5,Positif
REV5424,"jelek, benar-benar ukuran kecil. Tidak akan beli lagi.",1,Negatif
REV5425,"packing aman, pengiriman cepat. Sangat merekomendasikan.",5,Positif
REV5426,"segar sekali, bisa dimakan. Sangat merekomendasikan.",4,Positif
REV5427,"Barang sesuai harga, pengiriman standar.",3,Netral
REV5428,"renyah, lumayan. Sangat merekomendasikan.",4,Positif
REV5429,"mantap, standar. Sangat merekomendasikan.",5,Positif
REV5430,"segar sekali, biasa saja. Sangat merekomendasikan.",4,Positif
REV5431,"Barang biasa saja, pengiriman standar.",3,Netral
REV5432,"pengiriman lambat, benar-benar rasa hambar. Tidak akan beli lagi.",1,Negatif
REV5433,"pengiriman lambat, benar-benar kecewa. Tidak akan beli lagi.",2,Negatif
REV5434,"murah dan bagus, oke. Sangat merekomendasikan.",5,Positif
REV5435,"seller ramah, buahnya besar. Sangat merekomendasikan.",5,Positif
REV5436,"mantap, kualitas super. Sangat merekomendasikan.",5,Positif
REV5437,"Barang cukup, pengiriman standar.",3,Netral
REV5438,"jelek, benar-benar banyak yang bonyok. Tidak akan beli lagi.",2,Negatif
REV5439,"kualitas super, lumayan. Sangat merekomendasikan.",4,Positif
REV5440,"buahnya besar, biasa saja. Sangat merekomendasikan.",5,Positif
REV5441,"packing aman, packing aman. Sangat merekomendasikan.",4,Positif
REV5442,"murah dan bagus, murah dan bagus. Sangat merekomendasikan.",5,Positif
REV5443,"renyah, sampai tujuan. Sangat merekomendasikan.",5,Positif
REV5444,"renyah, mantap. Sangat merekomendasikan.",5,Positif
REV5445,"sangat manis, bisa dimakan. Sangat merekomendasikan.",5,Positif
REV5446,"sangat manis, kualitas super. Sangat merekomendasikan.",4,Positif
REV5447,"kecewa, benar-benar ukuran kecil. Tidak akan beli lagi.",2,Negatif
REV5448,"Barang not bad, pengiriman standar.",3,Netral
REV5449,"seller ramah, mantap. Sangat merekomendasikan.",5,Positif
REV5450,"renyah, segar sekali. Sangat merekomendasikan.",4,Positif
REV5451,"buahnya besar, packing aman. Sangat merekomendasikan.",4,Positif
REV5452,"packing aman, standar. Sangat merekomendasikan.",4,Positif
REV5453,"sangat manis, standar. Sangat merekomendasikan.",5,Positif
REV5454,"Barang oke, pengiriman standar.",3,Netral
REV5455,"ukuran kecil, benar-benar rasa hambar. Tidak akan beli lagi.",1,Negatif
REV5456,"segar sekali, mantap. Sangat merekomendasikan.",4,Positif
REV5457,"Barang biasa saja, pengiriman standar.",3,Netral
REV5458,"Barang standar, pengiriman standar.",3,Netral
REV5459,"packing aman, lumayan. Sangat merekomendasikan.",5,Positif
REV5460,"kurang segar, benar-benar apel busuk. Tidak akan beli lagi.",1,Negatif
REV5461,"ukuran kecil, benar-benar rasa hambar. Tidak akan beli lagi.",2,Negatif
REV5462,"packing aman, sampai tujuan. Sangat merekomendasikan.",4,Positif
REV5463,"kurang segar, benar-benar banyak yang bonyok. Tidak akan beli lagi.",2,Negatif
REV5464,"seller ramah, segar sekali. Sangat merekomendasikan.",4,Positif
REV5465,"pengiriman cepat, buahnya besar. Sangat merekomendasikan.",4,Positif
REV5466,"buahnya besar, pengiriman cepat. Sangat merekomendasikan.",4,Positif
REV5467,"renyah, biasa saja. Sangat merekomendasikan.",4,Positif
REV5468,"mantap, cukup. Sangat merekomendasikan.",4,Positif
REV5469,"banyak yang bonyok, benar-benar harga mahal. Tidak akan beli lagi.",1,Negatif
REV5470,"apel busuk, benar-benar apel busuk. Tidak akan beli lagi.",2,Negatif
REV5471,"pengiriman cepat, oke. Sangat merekomendasikan.",5,Positif
REV5472,"pengiriman cepat, sangat manis. Sangat merekomendasikan.",5,Positif
REV5473,"seller ramah, seller ramah. Sangat merekomendasikan.",4,Positif
REV5474,"murah dan bagus, lumayan. Sangat merekomendasikan.",5,Positif
REV5475,"mantap, pengiriman cepat. Sangat merekomendasikan.",5,Positif
REV5476,"Barang sesuai harga, pengiriman standar.",3,Netral
REV5477,"pengiriman cepat, packing aman. Sangat merekomendasikan.",5,Positif
REV5478,"jelek, benar-benar pengiriman lambat. Tidak akan beli lagi.",2,Negatif
REV5479,"hancur, benar-benar kurang segar. Tidak akan beli lagi.",1,Negatif
REV5480,"renyah, oke. Sangat merekomendasikan.",4,Positif
REV5481,"Barang cukup, pengiriman standar.",3,Netral
REV5482,"Barang standar, pengiriman standar.",3,Netral
REV5483,"ukuran kecil, benar-benar pengiriman lambat. Tidak akan beli lagi.",2,Negatif
REV5484,"mantap, lumayan. Sangat merekomendasikan.",4,Positif
REV5485,"Barang oke, pengiriman standar.",3,Netral
REV5486,"segar sekali, pengiriman cepat. Sangat merekomendasikan.",4,Positif
REV5487,"seller ramah, sesuai harga. Sangat merekomendasikan.",4,Positif
REV5488,"pengiriman cepat, standar. Sangat merekomendasikan.",5,Positif
REV5489,"seller ramah, not bad. Sangat merekomendasikan.",5,Positif
REV5490,"segar sekali, sangat manis. Sangat merekomendasikan.",4,Positif
REV5491,"sangat manis, cukup. Sangat merekomendasikan.",4,Positif
REV5492,"mantap, packing aman. Sangat merekomendasikan.",4,Positif
REV5493,"kualitas super, oke. Sangat merekomendasikan.",4,Positif
REV5494,"Barang biasa saja, pengiriman standar.",3,Netral
REV5495,"ukuran kecil, benar-benar pengiriman lambat. Tidak akan beli lagi.",2,Negatif
REV5496,"Barang lumayan, pengiriman standar.",3,Netral
REV5497,"Barang sesuai deskripsi, pengiriman standar.",3,Netral
REV5498,"mantap, biasa saja. Sangat merekomendasikan.",4,Positif
REV5499,"hancur, benar-benar ukuran kecil. Tidak akan beli lagi.",2,Negatif
REV5500,"pengiriman cepat, pengiriman cepat. Sangat merekomendasikan.",4,Positif
REV5501,"banyak yang bonyok, benar-benar pengiriman lambat. Tidak akan beli lagi.",1,Negatif
REV5502,"mantap, segar sekali. Sangat merekomendasikan.",4,Positif
REV5503,"sangat manis, sesuai deskripsi. Sangat merekomendasikan.",5,Positif
REV5504,"seller ramah, oke. Sangat merekomendasikan.",4,Positif
REV5505,"packing aman, segar sekali. Sangat merekomendasikan.",5,Positif
REV5506,"segar sekali, seller ramah. Sangat merekomendasikan.",5,Positif
REV5507,"Barang biasa saja, pengiriman standar.",3,Netral
REV5508,"Barang oke, pengiriman standar.",3,Netral
REV5509,"murah dan bagus, sampai tujuan. Sangat merekomendasikan.",5,Positif
REV5510,"seller ramah, murah dan bagus. Sangat merekomendasikan.",4,Positif
REV5511,"seller ramah, seller ramah. Sangat merekomendasikan.",4,Positif
REV5512,"hancur, benar-benar kecewa. Tidak akan beli lagi.",1,Negatif
REV5513,"murah dan bagus, seller ramah. Sangat merekomendasikan.",4,Positif
REV5514,"seller ramah, renyah. Sangat merekomendasikan.",5,Positif
REV5515,"kurang segar, benar-benar pengiriman lambat. Tidak akan beli lagi.",1,Negatif
REV5516,"sangat manis, mantap. Sangat merekomendasikan.",4,Positif
REV5517,"murah dan bagus, packing aman. Sangat merekomendasikan.",5,Positif
REV5518,"mantap, oke. Sangat merekomendasikan.",4,Positif
REV5519,"segar sekali, sesuai harga. Sangat merekomendasikan.",4,Positif
REV5520,"mantap, oke. Sangat merekomendasikan.",4,Positif
REV5521,"kualitas super, sangat manis. Sangat merekomendasikan.",4,Positif
REV5522,"harga mahal, benar-benar pengiriman lambat. Tidak akan beli lagi.",2,Negatif
REV5523,"renyah, standar. Sangat merekomendasikan.",4,Positif
REV5524,"segar sekali, standar. Sangat merekomendasikan.",4,Positif
REV5525,"seller ramah, bisa dimakan. Sangat merekomendasikan.",4,Positif
REV5526,"murah dan bagus, pengiriman cepat. Sangat merekomendasikan.",5,Positif
REV5527,"Barang sesuai harga, pengiriman standar.",3,Netral
REV5528,"jelek, benar-benar apel busuk. Tidak akan beli lagi.",1,Negatif
REV5529,"apel busuk, benar-benar banyak yang bonyok. Tidak akan beli lagi.",1,Negatif
REV5530,"kecewa, benar-benar harga mahal. Tidak akan beli lagi.",1,Negatif
REV5531,"renyah, bisa dimakan. Sangat merekomendasikan.",5,Positif
REV5532,"Barang bisa dimakan, pengiriman standar.",3,Netral
REV5533,"sangat manis, sangat manis. Sangat merekomendasikan.",5,Positif
REV5534,"murah dan bagus, sesuai deskripsi. Sangat merekomendasikan.",4,Positif
REV5535,"Barang bisa dimakan, pengiriman standar.",3,Netral
REV5536,"seller ramah, mantap. Sangat merekomendasikan.",4,Positif
REV5537,"seller ramah, sesuai harga. Sangat merekomendasikan.",4,Positif
REV5538,"pengiriman lambat, benar-benar jelek. Tidak akan beli lagi.",2,Negatif
REV5539,"Barang lumayan, pengiriman standar.",3,Netral
REV5540,"mantap, renyah. Sangat merekomendasikan.",4,Positif
REV5541,"Barang oke, pengiriman standar.",3,Netral
REV5542,"pengiriman cepat, sesuai deskripsi. Sangat merekomendasikan.",4,Positif
REV5543,"packing aman, lumayan. Sangat merekomendasikan.",5,Positif
REV5544,"Barang cukup, pengiriman standar.",3,Netral
REV5545,"pengiriman cepat, pengiriman cepat. Sangat merekomendasikan.",4,Positif
REV5546,"renyah, sesuai deskripsi. Sangat merekomendasikan.",5,Positif
REV5547,"Barang sesuai deskripsi, pengiriman standar.",3,Netral
REV5548,"pengiriman lambat, benar-benar ukuran kecil. Tidak akan beli lagi.",2,Negatif
REV5549,"kualitas super, lumayan. Sangat merekomendasikan.",5,Positif
REV5550,"Barang lumayan, pengiriman standar.",3,Netral
REV5551,"pengiriman lambat, benar-benar harga mahal. Tidak akan beli lagi.",1,Negatif
REV5552,"Barang oke, pengiriman standar.",3,Netral
REV5553,"Barang sampai tujuan, pengiriman standar.",3,Netral
REV5554,"seller ramah, mantap. Sangat merekomendasikan.",4,Positif
REV5555,"ukuran kecil, benar-benar hancur. Tidak akan beli lagi.",1,Negatif
REV5556,"Barang oke, pengiriman standar.",3,Netral
REV5557,"Barang not bad, pengiriman standar.",3,Netral
REV5558,"Barang sampai tujuan, pengiriman standar.",3,Netral
REV5559,"kurang segar, benar-benar pengiriman lambat. Tidak akan beli lagi.",2,Negatif
REV5560,"banyak yang bonyok, benar-benar harga mahal. Tidak akan beli lagi.",1,Negatif
REV5561,"pengiriman cepat, cukup. Sangat merekomendasikan.",4,Positif
REV5562,"harga mahal, benar-benar apel busuk. Tidak akan beli lagi.",2,Negatif
REV5563,"segar sekali, murah dan bagus. Sangat merekomendasikan.",4,Positif
REV5564,"sangat manis, packing aman. Sangat merekomendasikan.",4,Positif
REV5565,"pengiriman cepat, kualitas super. Sangat merekomendasikan.",5,Positif
REV5566,"harga mahal, benar-benar ukuran kecil. Tidak akan beli lagi.",2,Negatif
REV5567,"pengiriman lambat, benar-benar harga mahal. Tidak akan beli lagi.",2,Negatif
REV5568,"seller ramah, segar sekali. Sangat merekomendasikan.",5,Positif
REV5569,"packing aman, kualitas super. Sangat merekomendasikan.",5,Positif
REV5570,"Barang cukup, pengiriman standar.",3,Netral
REV5571,"renyah, cukup. Sangat merekomendasikan.",5,Positif
REV5572,"Barang cukup, pengiriman standar.",3,Netral
REV5573,"harga mahal, benar-benar harga mahal. Tidak akan beli lagi.",1,Negatif
REV5574,"rasa hambar, benar-benar pengiriman lambat. Tidak akan beli lagi.",2,Negatif
REV5575,"Barang sesuai harga, pengiriman standar.",3,Netral
REV5576,"renyah, pengiriman cepat. Sangat merekomendasikan.",4,Positif
REV5577,"segar sekali, mantap. Sangat merekomendasikan.",5,Positif
REV5578,"pengiriman cepat, renyah. Sangat merekomendasikan.",4,Positif
REV5579,"buahnya besar, buahnya besar. Sangat merekomendasikan.",5,Positif
REV5580,"mantap, not bad. Sangat merekomendasikan.",5,Positif
REV5581,"segar sekali, not bad. Sangat merekomendasikan.",4,Positif
REV5582,"sangat manis, sesuai deskripsi. Sangat merekomendasikan.",4,Positif
REV5583,"mantap, renyah. Sangat merekomendasikan.",5,Positif
REV5584,"seller ramah, pengiriman cepat. Sangat merekomendasikan.",4,Positif
REV5585,"kecewa, benar-benar harga mahal. Tidak akan beli lagi.",1,Negatif
REV5586,"kualitas super, lumayan. Sangat merekomendasikan.",5,Positif
REV5587,"Barang lumayan, pengiriman standar.",3,Netral
REV5588,"murah dan bagus, segar sekali. Sangat merekomendasikan.",5,Positif
REV5589,"seller ramah, sesuai harga. Sangat merekomendasikan.",5,Positif
REV5590,"mantap, segar sekali. Sangat merekomendasikan.",4,Positif
REV5591,"Barang sampai tujuan, pengiriman standar.",3,Netral
REV5592,"pengiriman lambat, benar-benar apel busuk. Tidak akan beli lagi.",2,Negatif
REV5593,"kualitas super, oke. Sangat merekomendasikan.",5,Positif
REV5594,"harga mahal, benar-benar harga mahal. Tidak akan beli lagi.",1,Negatif
REV5595,"murah dan bagus, bisa dimakan. Sangat merekomendasikan.",4,Positif
REV5596,"sangat manis, lumayan. Sangat merekomendasikan.",5,Positif
REV5597,"apel busuk, benar-benar hancur. Tidak akan beli lagi.",2,Negatif
REV5598,"packing aman, lumayan. Sangat merekomendasikan.",4,Positif
REV5599,"Barang bisa dimakan, pengiriman standar.",3,Netral
REV5600,"Barang standar, pengiriman standar.",3,Netral
REV5601,"kecewa, benar-benar apel busuk. Tidak akan beli lagi.",2,Negatif
REV5602,"murah dan bagus, lumayan. Sangat merekomendasikan.",4,Positif
REV5603,"apel busuk, benar-benar rasa hambar. Tidak akan beli lagi.",2,Negatif
REV5604,"buahnya besar, bisa dimakan. Sangat merekomendasikan.",5,Positif
REV5605,"Barang sesuai deskripsi, pengiriman standar.",3,Netral
REV5606,"rasa hambar, benar-benar kurang segar. Tidak akan beli lagi.",1,Negatif
REV5607,"murah dan bagus, renyah. Sangat merekomendasikan.",5,Positif
REV5608,"kecewa, benar-benar kurang segar. Tidak akan beli lagi.",2,Negatif
REV5609,"Barang sesuai harga, pengiriman standar.",3,Netral
REV5610,"sangat manis, seller ramah. Sangat merekomendasikan.",5,Positif
REV5611,"pengiriman cepat, standar. Sangat merekomendasikan.",5,Positif
REV5612,"seller ramah, mantap. Sangat merekomendasikan.",4,Positif
REV5613,"pengiriman lambat, benar-benar rasa hambar. Tidak akan beli lagi.",1,Negatif
REV5614,"murah dan bagus, sampai tujuan. Sangat merekomendasikan.",5,Positif
REV5615,"Barang sesuai deskripsi, pengiriman standar.",3,Netral
REV5616,"ukuran kecil, benar-benar hancur. Tidak akan beli lagi.",2,Negatif
REV5617,"Barang standar, pengiriman standar.",3,Netral
REV5618,"renyah, segar sekali. Sangat merekomendasikan.",5,Positif
REV5619,"banyak yang bonyok, benar-benar jelek. Tidak akan beli lagi.",1,Negatif
REV5620,"segar sekali, sampai tujuan. Sangat merekomendasikan.",4,Positif
REV5621,"packing aman, standar. Sangat merekomendasikan.",4,Positif
REV5622,"harga mahal, benar-benar ukuran kecil. Tidak akan beli lagi.",1,Negatif
REV5623,"mantap, bisa dimakan. Sangat merekomendasikan.",4,Positif
REV5624,"kurang segar, benar-benar rasa hambar. Tidak akan beli lagi.",1,Negatif
REV5625,"seller ramah, sesuai harga. Sangat merekomendasikan.",4,Positif
REV5626,"Barang bisa dimakan, pengiriman standar.",3,Netral
REV5627,"pengiriman cepat, biasa saja. Sangat merekomendasikan.",5,Positif
REV5628,"seller ramah, pengiriman cepat. Sangat merekomendasikan.",5,Positif
REV5629,"sangat manis, sesuai deskripsi. Sangat merekomendasikan.",4,Positif
REV5630,"banyak yang bonyok, benar-benar harga mahal. Tidak akan beli lagi.",1,Negatif
REV5631,"kecewa, benar-benar pengiriman lambat. Tidak akan beli lagi.",1,Negatif
REV5632,"Barang cukup, pengiriman standar.",3,Netral
REV5633,"buahnya besar, sesuai deskripsi. Sangat merekomendasikan.",5,Positif
REV5634,"Barang sesuai harga, pengiriman standar.",3,Netral
REV5635,"murah dan bagus, oke. Sangat merekomendasikan.",4,Positif
REV5636,"seller ramah, pengiriman cepat. Sangat merekomendasikan.",4,Positif
REV5637,"harga mahal, benar-benar ukuran kecil. Tidak akan beli lagi.",2,Negatif
REV5638,"pengiriman lambat, benar-benar pengiriman lambat. Tidak akan beli lagi.",1,Negatif
REV5639,"murah dan bagus, packing aman. Sangat merekomendasikan.",5,Positif
REV5640,"buahnya besar, biasa saja. Sangat merekomendasikan.",5,Positif
REV5641,"murah dan bagus, not bad. Sangat merekomendasikan.",4,Positif
REV5642,"sangat manis, cukup. Sangat merekomendasikan.",5,Positif
REV5643,"rasa hambar, benar-benar apel busuk. Tidak akan beli lagi.",2,Negatif
REV5644,"jelek, benar-benar rasa hambar. Tidak akan beli lagi.",1,Negatif
REV5645,"buahnya besar, biasa saja. Sangat merekomendasikan.",4,Positif
REV5646,"seller ramah, segar sekali. Sangat merekomendasikan.",4,Positif
REV5647,"Barang cukup, pengiriman standar.",3,Netral
REV5648,"hancur, benar-benar ukuran kecil. Tidak akan beli lagi.",1,Negatif
REV5649,"renyah, buahnya besar. Sangat merekomendasikan.",4,Positif
REV5650,"hancur, benar-benar rasa hambar. Tidak akan beli lagi.",1,Negatif
REV5651,"buahnya besar, sangat manis. Sangat merekomendasikan.",4,Positif
REV5652,"Barang sesuai harga, pengiriman standar.",3,Netral
REV5653,"harga mahal, benar-benar pengiriman lambat. Tidak akan beli lagi.",1,Negatif
REV5654,"Barang standar, pengiriman standar.",3,Netral
REV5655,"kurang segar, benar-benar apel busuk. Tidak akan beli lagi.",1,Negatif
REV5656,"rasa hambar, benar-benar kurang segar. Tidak akan beli lagi.",1,Negatif
REV5657,"murah dan bagus, lumayan. Sangat merekomendasikan.",5,Positif
REV5658,"mantap, oke. Sangat merekomendasikan.",4,Positif
REV5659,"packing aman, bisa dimakan. Sangat merekomendasikan.",4,Positif
REV5660,"murah dan bagus, lumayan. Sangat merekomendasikan.",4,Positif
REV5661,"Barang standar, pengiriman standar.",3,Netral
REV5662,"kecewa, benar-benar pengiriman lambat. Tidak akan beli lagi.",2,Negatif
REV5663,"Barang sesuai harga, pengiriman standar.",3,Netral
REV5664,"mantap, buahnya besar. Sangat merekomendasikan.",4,Positif
REV5665,"Barang sesuai harga, pengiriman standar.",3,Netral
REV5666,"seller ramah, cukup. Sangat merekomendasikan.",4,Positif
REV5667,"Barang lumayan, pengiriman standar.",3,Netral
REV5668,"sangat manis, standar. Sangat merekomendasikan.",4,Positif
REV5669,"Barang sesuai harga, pengiriman standar.",3,Netral
REV5670,"Barang lumayan, pengiriman standar.",3,Netral
REV5671,"pengiriman cepat, sampai tujuan. Sangat merekomendasikan.",4,Positif
REV5672,"packing aman, standar. Sangat merekomendasikan.",4,Positif
REV5673,"hancur, benar-benar harga mahal. Tidak akan beli lagi.",2,Negatif
REV5674,"Barang oke, pengiriman standar.",3,Netral
REV5675,"Barang bisa dimakan, pengiriman standar.",3,Netral
REV5676,"mantap, sesuai harga. Sangat merekomendasikan.",4,Positif
REV5677,"Barang sesuai deskripsi, pengiriman standar.",3,Netral
REV5678,"ukuran kecil, benar-benar rasa hambar. Tidak akan beli lagi.",1,Negatif
REV5679,"pengiriman cepat, murah dan bagus. Sangat merekomendasikan.",5,Positif
REV5680,"apel busuk, benar-benar kecewa. Tidak akan beli lagi.",1,Negatif
REV5681,"kualitas super, sangat manis. Sangat merekomendasikan.",4,Positif
REV5682,"segar sekali, sangat manis. Sangat merekomendasikan.",4,Positif
REV5683,"segar sekali, sampai tujuan. Sangat merekomendasikan.",5,Positif
REV5684,"pengiriman cepat, packing aman. Sangat merekomendasikan.",4,Positif
REV5685,"seller ramah, cukup. Sangat merekomendasikan.",4,Positif
REV5686,"segar sekali, pengiriman cepat. Sangat merekomendasikan.",5,Positif
REV5687,"Barang oke, pengiriman standar.",3,Netral
REV5688,"packing aman, murah dan bagus. Sangat merekomendasikan.",5,Positif
REV5689,"harga mahal, benar-benar kurang segar. Tidak akan beli lagi.",2,Negatif
REV5690,"sangat manis, segar sekali. Sangat merekomendasikan.",4,Positif
REV5691,"pengiriman cepat, murah dan bagus. Sangat merekomendasikan.",5,Positif
REV5692,"harga mahal, benar-benar harga mahal. Tidak akan beli lagi.",1,Negatif
REV5693,"harga mahal, benar-benar apel busuk. Tidak akan beli lagi.",1,Negatif
REV5694,"packing aman, not bad. Sangat merekomendasikan.",4,Positif
REV5695,"segar sekali, seller ramah. Sangat merekomendasikan.",4,Positif
REV5696,"murah dan bagus, not bad. Sangat merekomendasikan.",5,Positif
REV5697,"kurang segar, benar-benar apel busuk. Tidak akan beli lagi.",2,Negatif
REV5698,"banyak yang bonyok, benar-benar apel busuk. Tidak akan beli lagi.",2,Negatif
REV5699,"kualitas super, biasa saja. Sangat merekomendasikan.",4,Positif
REV5700,"seller ramah, sampai tujuan. Sangat merekomendasikan.",5,Positif
REV5701,"mantap, bisa dimakan. Sangat merekomendasikan.",4,Positif
REV5702,"Barang not bad, pengiriman standar.",3,Netral
REV5703,"ukuran kecil, benar-benar apel busuk. Tidak akan beli lagi.",2,Negatif
REV5704,"packing aman, standar. Sangat merekomendasikan.",5,Positif
REV5705,"packing aman, sesuai deskripsi. Sangat merekomendasikan.",4,Positif
REV5706,"hancur, benar-benar hancur. Tidak akan beli lagi.",1,Negatif
REV5707,"packing aman, packing aman. Sangat merekomendasikan.",4,Positif
REV5708,"sangat manis, sesuai deskripsi. Sangat merekomendasikan.",5,Positif
REV5709,"sangat manis, biasa saja. Sangat merekomendasikan.",4,Positif
REV5710,"hancur, benar-benar banyak yang bonyok. Tidak akan beli lagi.",1,Negatif
REV5711,"jelek, benar-benar rasa hambar. Tidak akan beli lagi.",2,Negatif
REV5712,"Barang oke, pengiriman standar.",3,Netral
REV5713,"seller ramah, sampai tujuan. Sangat merekomendasikan.",5,Positif
REV5714,"Barang sesuai harga, pengiriman standar.",3,Netral
REV5715,"packing aman, bisa dimakan. Sangat merekomendasikan.",4,Positif
REV5716,"renyah, oke. Sangat merekomendasikan.",4,Positif
REV5717,"seller ramah, sangat manis. Sangat merekomendasikan.",4,Positif
REV5718,"pengiriman cepat, mantap. Sangat merekomendasikan.",5,Positif
REV5719,"segar sekali, sampai tujuan. Sangat merekomendasikan.",4,Positif
REV5720,"Barang sampai tujuan, pengiriman standar.",3,Netral
REV5721,"Barang cukup, pengiriman standar.",3,Netral
REV5722,"kecewa, benar-benar jelek. Tidak akan beli lagi.",1,Negatif
REV5723,"Barang biasa saja, pengiriman standar.",3,Netral
REV5724,"hancur, benar-benar banyak yang bonyok. Tidak akan beli lagi.",1,Negatif
REV5725,"mantap, oke. Sangat merekomendasikan.",4,Positif
REV5726,"pengiriman cepat, mantap. Sangat merekomendasikan.",5,Positif
REV5727,"kurang segar, benar-benar kurang segar. Tidak akan beli lagi.",1,Negatif
REV5728,"renyah, sampai tujuan. Sangat merekomendasikan.",5,Positif
REV5729,"pengiriman cepat, bisa dimakan. Sangat merekomendasikan.",5,Positif
REV5730,"segar sekali, mantap. Sangat merekomendasikan.",4,Positif
REV5731,"rasa hambar, benar-benar harga mahal. Tidak akan beli lagi.",1,Negatif
REV5732,"pengiriman cepat, renyah. Sangat merekomendasikan.",5,Positif
REV5733,"Barang biasa saja, pengiriman standar.",3,Netral
REV5734,"pengiriman cepat, bisa dimakan. Sangat merekomendasikan.",5,Positif
REV5735,"harga mahal, benar-benar rasa hambar. Tidak akan beli lagi.",2,Negatif
REV5736,"kurang segar, benar-benar harga mahal. Tidak akan beli lagi.",1,Negatif
REV5737,"murah dan bagus, packing aman. Sangat merekomendasikan.",5,Positif
REV5738,"segar sekali, cukup. Sangat merekomendasikan.",4,Positif
REV5739,"sangat manis, sangat manis. Sangat merekomendasikan.",5,Positif
REV5740,"renyah, buahnya besar. Sangat merekomendasikan.",4,Positif
REV5741,"Barang sampai tujuan, pengiriman standar.",3,Netral
REV5742,"pengiriman cepat, renyah. Sangat merekomendasikan.",4,Positif
REV5743,"buahnya besar, kualitas super. Sangat merekomendasikan.",5,Positif
REV5744,"rasa hambar, benar-benar banyak yang bonyok. Tidak akan beli lagi.",1,Negatif
REV5745,"kurang segar, benar-benar rasa hambar. Tidak akan beli lagi.",2,Negatif
REV5746,"Barang bisa dimakan, pengiriman standar.",3,Netral
REV5747,"segar sekali, segar sekali. Sangat merekomendasikan.",4,Positif
REV5748,"buahnya besar, packing aman. Sangat merekomendasikan.",5,Positif
REV5749,"Barang cukup, pengiriman standar.",3,Netral
REV5750,"ukuran kecil, benar-benar banyak yang bonyok. Tidak akan beli lagi.",2,Negatif
REV5751,"renyah, kualitas super. Sangat merekomendasikan.",4,Positif
REV5752,"Barang not bad, pengiriman standar.",3,Netral
REV5753,"murah dan bagus, murah dan bagus. Sangat merekomendasikan.",5,Positif
REV5754,"buahnya besar, bisa dimakan. Sangat merekomendasikan.",5,Positif
REV5755,"kualitas super, kualitas super. Sangat merekomendasikan.",5,Positif
REV5756,"packing aman, oke. Sangat merekomendasikan.",5,Positif
REV5757,"kualitas super, segar sekali. Sangat merekomendasikan.",4,Positif
REV5758,"mantap, bisa dimakan. Sangat merekomendasikan.",5,Positif
REV5759,"kualitas super, cukup. Sangat merekomendasikan.",5,Positif
REV5760,"sangat manis, sesuai deskripsi. Sangat merekomendasikan.",4,Positif
REV5761,"Barang sesuai harga, pengiriman standar.",3,Netral
REV5762,"pengiriman lambat, benar-benar rasa hambar. Tidak akan beli lagi.",1,Negatif
REV5763,"Barang biasa saja, pengiriman standar.",3,Netral
REV5764,"renyah, renyah. Sangat merekomendasikan.",4,Positif
REV5765,"murah dan bagus, oke. Sangat merekomendasikan.",4,Positif
REV5766,"jelek, benar-benar harga mahal. Tidak akan beli lagi.",2,Negatif
REV5767,"kualitas super, murah dan bagus. Sangat merekomendasikan.",5,Positif
REV5768,"Barang sampai tujuan, pengiriman standar.",3,Netral
REV5769,"renyah, murah dan bagus. Sangat merekomendasikan.",5,Positif
REV5770,"rasa hambar, benar-benar kecewa. Tidak akan beli lagi.",2,Negatif
REV5771,"Barang cukup, pengiriman standar.",3,Netral
REV5772,"seller ramah, sangat manis. Sangat merekomendasikan.",5,Positif
REV5773,"kecewa, benar-benar harga mahal. Tidak akan beli lagi.",1,Negatif
REV5774,"banyak yang bonyok, benar-benar ukuran kecil. Tidak akan beli lagi.",1,Negatif
REV5775,"buahnya besar, renyah. Sangat merekomendasikan.",4,Positif
REV5776,"kualitas super, buahnya besar. Sangat merekomendasikan.",5,Positif
REV5777,"renyah, biasa saja. Sangat merekomendasikan.",5,Positif
REV5778,"banyak yang bonyok, benar-benar kecewa. Tidak akan beli lagi.",1,Negatif
REV5779,"pengiriman cepat, sesuai deskripsi. Sangat merekomendasikan.",4,Positif
REV5780,"Barang sesuai deskripsi, pengiriman standar.",3,Netral
REV5781,"segar sekali, murah dan bagus. Sangat merekomendasikan.",5,Positif
REV5782,"Barang sesuai deskripsi, pengiriman standar.",3,Netral
REV5783,"seller ramah, biasa saja. Sangat merekomendasikan.",5,Positif
REV5784,"harga mahal, benar-benar jelek. Tidak akan beli lagi.",1,Negatif
REV5785,"renyah, sangat manis. Sangat merekomendasikan.",5,Positif
REV5786,"packing aman, murah dan bagus. Sangat merekomendasikan.",4,Positif
REV5787,"sangat manis, sesuai deskripsi. Sangat merekomendasikan.",4,Positif
REV5788,"kualitas super, pengiriman cepat. Sangat merekomendasikan.",4,Positif
REV5789,"renyah, lumayan. Sangat merekomendasikan.",5,Positif
REV5790,"Barang sesuai deskripsi, pengiriman standar.",3,Netral
REV5791,"pengiriman lambat, benar-benar kurang segar. Tidak akan beli lagi.",2,Negatif
REV5792,"sangat manis, standar. Sangat merekomendasikan.",5,Positif
REV5793,"sangat manis, murah dan bagus. Sangat merekomendasikan.",4,Positif
REV5794,"mantap, kualitas super. Sangat merekomendasikan.",4,Positif
REV5795,"buahnya besar, mantap. Sangat merekomendasikan.",5,Positif
REV5796,"Barang sesuai deskripsi, pengiriman standar.",3,Netral
REV5797,"Barang sesuai deskripsi, pengiriman standar.",3,Netral
REV5798,"buahnya besar, mantap. Sangat merekomendasikan.",4,Positif
REV5799,"banyak yang bonyok, benar-benar banyak yang bonyok. Tidak akan beli lagi.",1,Negatif
REV5800,"sangat manis, buahnya besar. Sangat merekomendasikan.",4,Positif
REV5801,"buahnya besar, bisa dimakan. Sangat merekomendasikan.",4,Positif
REV5802,"pengiriman cepat, standar. Sangat merekomendasikan.",4,Positif
REV5803,"harga mahal, benar-benar kecewa. Tidak akan beli lagi.",1,Negatif
REV5804,"buahnya besar, bisa dimakan. Sangat merekomendasikan.",5,Positif
REV5805,"hancur, benar-benar harga mahal. Tidak akan beli lagi.",2,Negatif
REV5806,"renyah, standar. Sangat merekomendasikan.",4,Positif
REV5807,"Barang biasa saja, pengiriman standar.",3,Netral
REV5808,"murah dan bagus, pengiriman cepat. Sangat merekomendasikan.",5,Positif
REV5809,"sangat manis, cukup. Sangat merekomendasikan.",4,Positif
REV5810,"renyah, standar. Sangat merekomendasikan.",5,Positif
REV5811,"pengiriman cepat, sesuai deskripsi. Sangat merekomendasikan.",5,Positif
REV5812,"jelek, benar-benar ukuran kecil. Tidak akan beli lagi.",1,Negatif
REV5813,"segar sekali, pengiriman cepat. Sangat merekomendasikan.",4,Positif
REV5814,"buahnya besar, cukup. Sangat merekomendasikan.",5,Positif
REV5815,"murah dan bagus, sesuai deskripsi. Sangat merekomendasikan.",4,Positif
REV5816,"banyak yang bonyok, benar-benar pengiriman lambat. Tidak akan beli lagi.",1,Negatif
REV5817,"Barang lumayan, pengiriman standar.",3,Netral
REV5818,"sangat manis, cukup. Sangat merekomendasikan.",4,Positif
REV5819,"Barang bisa dimakan, pengiriman standar.",3,Netral
REV5820,"murah dan bagus, packing aman. Sangat merekomendasikan.",4,Positif
REV5821,"Barang oke, pengiriman standar.",3,Netral
REV5822,"seller ramah, sesuai deskripsi. Sangat merekomendasikan.",4,Positif
REV5823,"kualitas super, kualitas super. Sangat merekomendasikan.",5,Positif
REV5824,"renyah, buahnya besar. Sangat merekomendasikan.",4,Positif
REV5825,"buahnya besar, sesuai harga. Sangat merekomendasikan.",5,Positif
REV5826,"kualitas super, kualitas super. Sangat merekomendasikan.",4,Positif
REV5827,"kualitas super, oke. Sangat merekomendasikan.",5,Positif
REV5828,"Barang oke, pengiriman standar.",3,Netral
REV5829,"mantap, sangat manis. Sangat merekomendasikan.",4,Positif
REV5830,"packing aman, lumayan. Sangat merekomendasikan.",5,Positif
REV5831,"segar sekali, not bad. Sangat merekomendasikan.",4,Positif
REV5832,"Barang bisa dimakan, pengiriman standar.",3,Netral
REV5833,"buahnya besar, bisa dimakan. Sangat merekomendasikan.",5,Positif
REV5834,"Barang biasa saja, pengiriman standar.",3,Netral
REV5835,"renyah, mantap. Sangat merekomendasikan.",4,Positif
REV5836,"murah dan bagus, not bad. Sangat merekomendasikan.",5,Positif
REV5837,"pengiriman cepat, standar. Sangat merekomendasikan.",5,Positif
REV5838,"Barang not bad, pengiriman standar.",3,Netral
REV5839,"segar sekali, segar sekali. Sangat merekomendasikan.",5,Positif
REV5840,"renyah, sesuai deskripsi. Sangat merekomendasikan.",5,Positif
REV5841,"mantap, seller ramah. Sangat merekomendasikan.",4,Positif
REV5842,"renyah, oke. Sangat merekomendasikan.",5,Positif
REV5843,"kualitas super, murah dan bagus. Sangat merekomendasikan.",4,Positif
REV5844,"seller ramah, biasa saja. Sangat merekomendasikan.",4,Positif
REV5845,"kualitas super, pengiriman cepat. Sangat merekomendasikan.",4,Positif
REV5846,"sangat manis, biasa saja. Sangat merekomendasikan.",4,Positif
REV5847,"pengiriman cepat, sampai tujuan. Sangat merekomendasikan.",4,Positif
REV5848,"Barang biasa saja, pengiriman standar.",3,Netral
REV5849,"Barang cukup, pengiriman standar.",3,Netral
REV5850,"Barang sesuai harga, pengiriman standar.",3,Netral
REV5851,"renyah, sesuai deskripsi. Sangat merekomendasikan.",4,Positif
REV5852,"seller ramah, not bad. Sangat merekomendasikan.",5,Positif
REV5853,"buahnya besar, sesuai deskripsi. Sangat merekomendasikan.",4,Positif
REV5854,"kurang segar, benar-benar ukuran kecil. Tidak akan beli lagi.",1,Negatif
REV5855,"mantap, sampai tujuan. Sangat merekomendasikan.",4,Positif
REV5856,"Barang sesuai deskripsi, pengiriman standar.",3,Netral
REV5857,"packing aman, sampai tujuan. Sangat merekomendasikan.",4,Positif
REV5858,"seller ramah, renyah. Sangat merekomendasikan.",4,Positif
REV5859,"pengiriman cepat, sesuai deskripsi. Sangat merekomendasikan.",5,Positif
REV5860,"pengiriman cepat, sampai tujuan. Sangat merekomendasikan.",4,Positif
REV5861,"packing aman, murah dan bagus. Sangat merekomendasikan.",5,Positif
REV5862,"jelek, benar-benar jelek. Tidak akan beli lagi.",1,Negatif
REV5863,"Barang sesuai harga, pengiriman standar.",3,Netral
REV5864,"Barang biasa saja, pengiriman standar.",3,Netral
REV5865,"packing aman, sampai tujuan. Sangat merekomendasikan.",5,Positif
REV5866,"apel busuk, benar-benar pengiriman lambat. Tidak akan beli lagi.",2,Negatif
REV5867,"buahnya besar, sesuai harga. Sangat merekomendasikan.",4,Positif
REV5868,"rasa hambar, benar-benar hancur. Tidak akan beli lagi.",1,Negatif
REV5869,"seller ramah, segar sekali. Sangat merekomendasikan.",4,Positif
REV5870,"kualitas super, sesuai harga. Sangat merekomendasikan.",5,Positif
REV5871,"Barang bisa dimakan, pengiriman standar.",3,Netral
REV5872,"murah dan bagus, kualitas super. Sangat merekomendasikan.",5,Positif
REV5873,"buahnya besar, murah dan bagus. Sangat merekomendasikan.",5,Positif
REV5874,"Barang sesuai harga, pengiriman standar.",3,Netral
REV5875,"banyak yang bonyok, benar-benar ukuran kecil. Tidak akan beli lagi.",2,Negatif
REV5876,"renyah, mantap. Sangat merekomendasikan.",5,Positif
REV5877,"murah dan bagus, sampai tujuan. Sangat merekomendasikan.",5,Positif
REV5878,"sangat manis, murah dan bagus. Sangat merekomendasikan.",5,Positif
REV5879,"Barang standar, pengiriman standar.",3,Netral
REV5880,"mantap, biasa saja. Sangat merekomendasikan.",5,Positif
REV5881,"sangat manis, mantap. Sangat merekomendasikan.",4,Positif
REV5882,"murah dan bagus, seller ramah. Sangat merekomendasikan.",5,Positif
REV5883,"Barang standar, pengiriman standar.",3,Netral
REV5884,"packing aman, sangat manis. Sangat merekomendasikan.",4,Positif
REV5885,"kualitas super, cukup. Sangat merekomendasikan.",4,Positif
REV5886,"renyah, pengiriman cepat. Sangat merekomendasikan.",5,Positif
REV5887,"sangat manis, biasa saja. Sangat merekomendasikan.",5,Positif
REV5888,"packing aman, not bad. Sangat merekomendasikan.",5,Positif
REV5889,"ukuran kecil, benar-benar hancur. Tidak akan beli lagi.",2,Negatif
REV5890,"Barang cukup, pengiriman standar.",3,Netral
REV5891,"renyah, standar. Sangat merekomendasikan.",5,Positif
REV5892,"packing aman, bisa dimakan. Sangat merekomendasikan.",4,Positif
REV5893,"pengiriman cepat, murah dan bagus. Sangat merekomendasikan.",5,Positif
REV5894,"Barang not bad, pengiriman standar.",3,Netral
REV5895,"packing aman, oke. Sangat merekomendasikan.",4,Positif
REV5896,"Barang cukup, pengiriman standar.",3,Netral
REV5897,"pengiriman lambat, benar-benar banyak yang bonyok. Tidak akan beli lagi.",1,Negatif
REV5898,"kualitas super, bisa dimakan. Sangat merekomendasikan.",4,Positif
REV5899,"hancur, benar-benar kurang segar. Tidak akan beli lagi.",2,Negatif
REV5900,"Barang sesuai deskripsi, pengiriman standar.",3,Netral
REV5901,"kecewa, benar-benar kurang segar. Tidak akan beli lagi.",1,Negatif
REV5902,"renyah, cukup. Sangat merekomendasikan.",5,Positif
REV5903,"Barang lumayan, pengiriman standar.",3,Netral
REV5904,"Barang cukup, pengiriman standar.",3,Netral
REV5905,"murah dan bagus, pengiriman cepat. Sangat merekomendasikan.",5,Positif
REV5906,"pengiriman cepat, sangat manis. Sangat merekomendasikan.",4,Positif
REV5907,"mantap, mantap. Sangat merekomendasikan.",5,Positif
REV5908,"buahnya besar, segar sekali. Sangat merekomendasikan.",5,Positif
REV5909,"buahnya besar, pengiriman cepat. Sangat merekomendasikan.",4,Positif
REV5910,"segar sekali, bisa dimakan. Sangat merekomendasikan.",4,Positif
REV5911,"buahnya besar, not bad. Sangat merekomendasikan.",5,Positif
REV5912,"Barang lumayan, pengiriman standar.",3,Netral
REV5913,"mantap, sesuai deskripsi. Sangat merekomendasikan.",5,Positif
REV5914,"segar sekali, sampai tujuan. Sangat merekomendasikan.",5,Positif
REV5915,"jelek, benar-benar apel busuk. Tidak akan beli lagi.",2,Negatif
REV5916,"kualitas super, cukup. Sangat merekomendasikan.",4,Positif
REV5917,"pengiriman cepat, sangat manis. Sangat merekomendasikan.",4,Positif
REV5918,"murah dan bagus, seller ramah. Sangat merekomendasikan.",5,Positif
REV5919,"Barang biasa saja, pengiriman standar.",3,Netral
REV5920,"Barang bisa dimakan, pengiriman standar.",3,Netral
REV5921,"packing aman, pengiriman cepat. Sangat merekomendasikan.",4,Positif
REV5922,"Barang not bad, pengiriman standar.",3,Netral
REV5923,"mantap, lumayan. Sangat merekomendasikan.",4,Positif
REV5924,"seller ramah, not bad. Sangat merekomendasikan.",4,Positif
REV5925,"sangat manis, sampai tujuan. Sangat merekomendasikan.",5,Positif
REV5926,"sangat manis, lumayan. Sangat merekomendasikan.",5,Positif
REV5927,"seller ramah, renyah. Sangat merekomendasikan.",4,Positif
REV5928,"Barang sesuai deskripsi, pengiriman standar.",3,Netral
REV5929,"sangat manis, sesuai deskripsi. Sangat merekomendasikan.",5,Positif
REV5930,"renyah, standar. Sangat merekomendasikan.",4,Positif
REV5931,"murah dan bagus, pengiriman cepat. Sangat merekomendasikan.",4,Positif
REV5932,"Barang sesuai harga, pengiriman standar.",3,Netral
REV5933,"rasa hambar, benar-benar jelek. Tidak akan beli lagi.",1,Negatif
REV5934,"pengiriman cepat, mantap. Sangat merekomendasikan.",4,Positif
REV5935,"pengiriman cepat, renyah. Sangat merekomendasikan.",5,Positif
REV5936,"Barang oke, pengiriman standar.",3,Netral
REV5937,"Barang sesuai harga, pengiriman standar.",3,Netral
REV5938,"pengiriman cepat, mantap. Sangat merekomendasikan.",4,Positif
REV5939,"seller ramah, renyah. Sangat merekomendasikan.",5,Positif
REV5940,"sangat manis, bisa dimakan. Sangat merekomendasikan.",4,Positif
REV5941,"banyak yang bonyok, benar-benar pengiriman lambat. Tidak akan beli lagi.",2,Negatif
REV5942,"sangat manis, kualitas super. Sangat merekomendasikan.",5,Positif
REV5943,"ukuran kecil, benar-benar kurang segar. Tidak akan beli lagi.",2,Negatif
REV5944,"rasa hambar, benar-benar banyak yang bonyok. Tidak akan beli lagi.",1,Negatif
REV5945,"Barang standar, pengiriman standar.",3,Netral
REV5946,"Barang sesuai deskripsi, pengiriman standar.",3,Netral
REV5947,"renyah, buahnya besar. Sangat merekomendasikan.",5,Positif
REV5948,"seller ramah, segar sekali. Sangat merekomendasikan.",5,Positif
REV5949,"sangat manis, seller ramah. Sangat merekomendasikan.",4,Positif
REV5950,"segar sekali, bisa dimakan. Sangat merekomendasikan.",5,Positif
REV5951,"mantap, packing aman. Sangat merekomendasikan.",5,Positif
REV5952,"harga mahal, benar-benar jelek. Tidak akan beli lagi.",2,Negatif
REV5953,"jelek, benar-benar kurang segar. Tidak akan beli lagi.",1,Negatif
REV5954,"kualitas super, buahnya besar. Sangat merekomendasikan.",4,Positif
REV5955,"sangat manis, lumayan. Sangat merekomendasikan.",4,Positif
REV5956,"packing aman, cukup. Sangat merekomendasikan.",5,Positif
REV5957,"seller ramah, pengiriman cepat. Sangat merekomendasikan.",5,Positif
REV5958,"packing aman, sangat manis. Sangat merekomendasikan.",5,Positif
REV5959,"seller ramah, packing aman. Sangat merekomendasikan.",4,Positif
REV5960,"Barang lumayan, pengiriman standar.",3,Netral
REV5961,"ukuran kecil, benar-benar jelek. Tidak akan beli lagi.",2,Negatif
REV5962,"mantap, segar sekali. Sangat merekomendasikan.",4,Positif
REV5963,"kecewa, benar-benar jelek. Tidak akan beli lagi.",2,Negatif
REV5964,"pengiriman cepat, mantap. Sangat merekomendasikan.",5,Positif
REV5965,"Barang bisa dimakan, pengiriman standar.",3,Netral
REV5966,"seller ramah, oke. Sangat merekomendasikan.",5,Positif
REV5967,"kualitas super, sesuai deskripsi. Sangat merekomendasikan.",4,Positif
REV5968,"segar sekali, murah dan bagus. Sangat merekomendasikan.",4,Positif
REV5969,"renyah, cukup. Sangat merekomendasikan.",5,Positif
REV5970,"pengiriman cepat, packing aman. Sangat merekomendasikan.",5,Positif
REV5971,"buahnya besar, biasa saja. Sangat merekomendasikan.",4,Positif
REV5972,"jelek, benar-benar harga mahal. Tidak akan beli lagi.",1,Negatif
REV5973,"sangat manis, sangat manis. Sangat merekomendasikan.",5,Positif
REV5974,"packing aman, bisa dimakan. Sangat merekomendasikan.",4,Positif
REV5975,"Barang oke, pengiriman standar.",3,Netral
REV5976,"Barang standar, pengiriman standar.",3,Netral
REV5977,"sangat manis, kualitas super. Sangat merekomendasikan.",4,Positif
REV5978,"Barang cukup, pengiriman standar.",3,Netral
REV5979,"murah dan bagus, bisa dimakan. Sangat merekomendasikan.",5,Positif
REV5980,"murah dan bagus, standar. Sangat merekomendasikan.",4,Positif
REV5981,"renyah, seller ramah. Sangat merekomendasikan.",5,Positif
REV5982,"mantap, sesuai deskripsi. Sangat merekomendasikan.",5,Positif
REV5983,"murah dan bagus, kualitas super. Sangat merekomendasikan.",5,Positif
REV5984,"pengiriman cepat, cukup. Sangat merekomendasikan.",4,Positif
REV5985,"hancur, benar-benar rasa hambar. Tidak akan beli lagi.",1,Negatif
REV5986,"murah dan bagus, pengiriman cepat. Sangat merekomendasikan.",5,Positif
REV5987,"seller ramah, segar sekali. Sangat merekomendasikan.",5,Positif
REV5988,"pengiriman cepat, cukup. Sangat merekomendasikan.",4,Positif
REV5989,"Barang oke, pengiriman standar.",3,Netral
REV5990,"Barang sesuai deskripsi, pengiriman standar.",3,Netral
REV5991,"Barang biasa saja, pengiriman standar.",3,Netral
REV5992,"mantap, sesuai deskripsi. Sangat merekomendasikan.",4,Positif
REV5993,"renyah, lumayan. Sangat merekomendasikan.",5,Positif
REV5994,"murah dan bagus, oke. Sangat merekomendasikan.",5,Positif
REV5995,"Barang oke, pengiriman standar.",3,Netral
REV5996,"Barang biasa saja, pengiriman standar.",3,Netral
REV5997,"renyah, lumayan. Sangat merekomendasikan.",4,Positif
REV5998,"segar sekali, oke. Sangat merekomendasikan.",5,Positif
REV5999,"Barang bisa dimakan, pengiriman standar.",3,Netral
